/*
 Navicat Premium Data Transfer

 Source Server         : fei
 Source Server Type    : MySQL
 Source Server Version : 90300 (9.3.0)
 Source Host           : localhost:3306
 Source Schema         : skillswap

 Target Server Type    : MySQL
 Target Server Version : 90300 (9.3.0)
 File Encoding         : 65001

 Date: 29/06/2025 19:23:52
*/

SET NAMES utf8mb4;
SET FOREIGN_KEY_CHECKS = 0;

-- ----------------------------
-- Table structure for applications_exchangerequest
-- ----------------------------
DROP TABLE IF EXISTS `applications_exchangerequest`;
CREATE TABLE `applications_exchangerequest`  (
  `id` bigint NOT NULL AUTO_INCREMENT,
  `course` varchar(100) CHARACTER SET utf8mb4 COLLATE utf8mb4_0900_ai_ci NOT NULL,
  `course_category` varchar(50) CHARACTER SET utf8mb4 COLLATE utf8mb4_0900_ai_ci NOT NULL,
  `course_subcategory` varchar(50) CHARACTER SET utf8mb4 COLLATE utf8mb4_0900_ai_ci NOT NULL,
  `skill` varchar(100) CHARACTER SET utf8mb4 COLLATE utf8mb4_0900_ai_ci NOT NULL,
  `skill_category` varchar(50) CHARACTER SET utf8mb4 COLLATE utf8mb4_0900_ai_ci NOT NULL,
  `skill_subcategory` varchar(50) CHARACTER SET utf8mb4 COLLATE utf8mb4_0900_ai_ci NOT NULL,
  `start_time` datetime(6) NOT NULL,
  `end_time` datetime(6) NOT NULL,
  `description` longtext CHARACTER SET utf8mb4 COLLATE utf8mb4_0900_ai_ci NOT NULL,
  `apl_status` varchar(20) CHARACTER SET utf8mb4 COLLATE utf8mb4_0900_ai_ci NOT NULL,
  `created_at` datetime(6) NOT NULL,
  `updated_at` datetime(6) NOT NULL,
  `accepted_by_id` int NULL DEFAULT NULL,
  `applicant_id` int NULL DEFAULT NULL,
  PRIMARY KEY (`id`) USING BTREE,
  INDEX `applications_exchang_accepted_by_id_8373cf96_fk_login_use`(`accepted_by_id` ASC) USING BTREE,
  INDEX `applications_exchang_applicant_id_ac6e40a8_fk_login_use`(`applicant_id` ASC) USING BTREE,
  CONSTRAINT `applications_exchang_accepted_by_id_8373cf96_fk_login_use` FOREIGN KEY (`accepted_by_id`) REFERENCES `login_user` (`id`) ON DELETE RESTRICT ON UPDATE RESTRICT,
  CONSTRAINT `applications_exchang_applicant_id_ac6e40a8_fk_login_use` FOREIGN KEY (`applicant_id`) REFERENCES `login_user` (`id`) ON DELETE RESTRICT ON UPDATE RESTRICT
) ENGINE = InnoDB AUTO_INCREMENT = 13 CHARACTER SET = utf8mb4 COLLATE = utf8mb4_0900_ai_ci ROW_FORMAT = Dynamic;

-- ----------------------------
-- Records of applications_exchangerequest
-- ----------------------------
INSERT INTO `applications_exchangerequest` VALUES (1, '做蛋糕', '生活技能', '烹饪', '做开发', '编程开发', 'Python', '2025-06-23 15:47:00.000000', '2025-06-24 15:47:00.000000', '我能提供: 做开发', '', '2025-06-23 07:47:27.881468', '2025-06-23 07:47:27.881468', NULL, NULL);
INSERT INTO `applications_exchangerequest` VALUES (2, '做蛋糕', '生活技能', '烹饪', '做开发', '编程开发', 'Python', '2025-06-23 15:47:00.000000', '2025-06-24 15:47:00.000000', '我能提供: 做开发', '', '2025-06-23 07:53:29.243768', '2025-06-23 07:53:29.243768', NULL, NULL);
INSERT INTO `applications_exchangerequest` VALUES (3, '1', '编程开发', '前端开发', '2', '编程开发', 'HTML/CSS', '2025-06-23 15:59:00.000000', '2025-06-27 15:59:00.000000', '我能提供: 2', 'pending', '2025-06-23 07:59:32.726387', '2025-06-23 07:59:32.726387', NULL, NULL);
INSERT INTO `applications_exchangerequest` VALUES (4, '法式甜点', '生活技能', '烹饪', 'pyhton开发', '编程开发', '后端开发', '2025-06-23 17:42:00.000000', '2025-06-24 17:42:00.000000', '我想做甜点', 'pending', '2025-06-23 09:42:18.003209', '2025-06-23 09:42:18.003209', NULL, NULL);
INSERT INTO `applications_exchangerequest` VALUES (5, '做前端', '编程开发', '前端开发', '做后端', '编程开发', '后端开发', '2025-06-23 18:35:00.000000', '2025-06-24 18:35:00.000000', '我想学前端', 'pending', '2025-06-23 10:35:55.893147', '2025-06-23 10:35:55.893147', NULL, NULL);
INSERT INTO `applications_exchangerequest` VALUES (6, '想健身', '生活技能', '健身', '我会做饭', '生活技能', '烹饪', '2025-06-23 19:36:00.000000', '2025-06-24 19:36:00.000000', '我能提供: 我会做饭', 'pending', '2025-06-23 11:36:43.036716', '2025-06-23 11:36:43.036716', NULL, NULL);
INSERT INTO `applications_exchangerequest` VALUES (7, 'vue', '编程开发', '前端开发', 'h5', '编程开发', '前端开发', '2025-06-23 19:38:00.000000', '2025-06-24 19:38:00.000000', '我能提供: h5', 'pending', '2025-06-23 11:39:00.731342', '2025-06-23 11:39:00.731342', NULL, NULL);
INSERT INTO `applications_exchangerequest` VALUES (8, '做蛋糕', '生活技能', '烹饪', '敲代码', '编程开发', '后端开发', '2025-06-24 12:16:00.000000', '2025-06-25 12:16:00.000000', '', 'pending', '2025-06-24 04:16:52.600666', '2025-06-24 04:16:52.600666', NULL, NULL);
INSERT INTO `applications_exchangerequest` VALUES (9, '学英语', '语言学习', '英语', '说韩语', '语言学习', '韩语', '2025-06-24 12:23:00.000000', '2025-06-25 12:23:00.000000', '语言教学', 'pending', '2025-06-24 04:24:13.832150', '2025-06-24 04:24:13.832150', NULL, NULL);
INSERT INTO `applications_exchangerequest` VALUES (12, 'vue,js', '编程开发', '前端开发', 'django', '编程开发', '后端开发', '2025-06-26 14:57:00.000000', '2025-06-28 14:57:00.000000', '', 'matched', '2025-06-26 06:57:20.039905', '2025-06-26 06:58:22.323603', 1, 2);

-- ----------------------------
-- Table structure for auth_group
-- ----------------------------
DROP TABLE IF EXISTS `auth_group`;
CREATE TABLE `auth_group`  (
  `id` int NOT NULL AUTO_INCREMENT,
  `name` varchar(150) CHARACTER SET utf8mb4 COLLATE utf8mb4_0900_ai_ci NOT NULL,
  PRIMARY KEY (`id`) USING BTREE,
  UNIQUE INDEX `name`(`name` ASC) USING BTREE
) ENGINE = InnoDB AUTO_INCREMENT = 1 CHARACTER SET = utf8mb4 COLLATE = utf8mb4_0900_ai_ci ROW_FORMAT = Dynamic;

-- ----------------------------
-- Records of auth_group
-- ----------------------------

-- ----------------------------
-- Table structure for auth_group_permissions
-- ----------------------------
DROP TABLE IF EXISTS `auth_group_permissions`;
CREATE TABLE `auth_group_permissions`  (
  `id` bigint NOT NULL AUTO_INCREMENT,
  `group_id` int NOT NULL,
  `permission_id` int NOT NULL,
  PRIMARY KEY (`id`) USING BTREE,
  UNIQUE INDEX `auth_group_permissions_group_id_permission_id_0cd325b0_uniq`(`group_id` ASC, `permission_id` ASC) USING BTREE,
  INDEX `auth_group_permissio_permission_id_84c5c92e_fk_auth_perm`(`permission_id` ASC) USING BTREE,
  CONSTRAINT `auth_group_permissio_permission_id_84c5c92e_fk_auth_perm` FOREIGN KEY (`permission_id`) REFERENCES `auth_permission` (`id`) ON DELETE RESTRICT ON UPDATE RESTRICT,
  CONSTRAINT `auth_group_permissions_group_id_b120cbf9_fk_auth_group_id` FOREIGN KEY (`group_id`) REFERENCES `auth_group` (`id`) ON DELETE RESTRICT ON UPDATE RESTRICT
) ENGINE = InnoDB AUTO_INCREMENT = 1 CHARACTER SET = utf8mb4 COLLATE = utf8mb4_0900_ai_ci ROW_FORMAT = Dynamic;

-- ----------------------------
-- Records of auth_group_permissions
-- ----------------------------

-- ----------------------------
-- Table structure for auth_permission
-- ----------------------------
DROP TABLE IF EXISTS `auth_permission`;
CREATE TABLE `auth_permission`  (
  `id` int NOT NULL AUTO_INCREMENT,
  `name` varchar(255) CHARACTER SET utf8mb4 COLLATE utf8mb4_0900_ai_ci NOT NULL,
  `content_type_id` int NOT NULL,
  `codename` varchar(100) CHARACTER SET utf8mb4 COLLATE utf8mb4_0900_ai_ci NOT NULL,
  PRIMARY KEY (`id`) USING BTREE,
  UNIQUE INDEX `auth_permission_content_type_id_codename_01ab375a_uniq`(`content_type_id` ASC, `codename` ASC) USING BTREE,
  CONSTRAINT `auth_permission_content_type_id_2f476e4b_fk_django_co` FOREIGN KEY (`content_type_id`) REFERENCES `django_content_type` (`id`) ON DELETE RESTRICT ON UPDATE RESTRICT
) ENGINE = InnoDB AUTO_INCREMENT = 73 CHARACTER SET = utf8mb4 COLLATE = utf8mb4_0900_ai_ci ROW_FORMAT = Dynamic;

-- ----------------------------
-- Records of auth_permission
-- ----------------------------
INSERT INTO `auth_permission` VALUES (1, 'Can add permission', 1, 'add_permission');
INSERT INTO `auth_permission` VALUES (2, 'Can change permission', 1, 'change_permission');
INSERT INTO `auth_permission` VALUES (3, 'Can delete permission', 1, 'delete_permission');
INSERT INTO `auth_permission` VALUES (4, 'Can view permission', 1, 'view_permission');
INSERT INTO `auth_permission` VALUES (5, 'Can add group', 2, 'add_group');
INSERT INTO `auth_permission` VALUES (6, 'Can change group', 2, 'change_group');
INSERT INTO `auth_permission` VALUES (7, 'Can delete group', 2, 'delete_group');
INSERT INTO `auth_permission` VALUES (8, 'Can view group', 2, 'view_group');
INSERT INTO `auth_permission` VALUES (9, 'Can add user', 3, 'add_user');
INSERT INTO `auth_permission` VALUES (10, 'Can change user', 3, 'change_user');
INSERT INTO `auth_permission` VALUES (11, 'Can delete user', 3, 'delete_user');
INSERT INTO `auth_permission` VALUES (12, 'Can view user', 3, 'view_user');
INSERT INTO `auth_permission` VALUES (13, 'Can add content type', 4, 'add_contenttype');
INSERT INTO `auth_permission` VALUES (14, 'Can change content type', 4, 'change_contenttype');
INSERT INTO `auth_permission` VALUES (15, 'Can delete content type', 4, 'delete_contenttype');
INSERT INTO `auth_permission` VALUES (16, 'Can view content type', 4, 'view_contenttype');
INSERT INTO `auth_permission` VALUES (17, 'Can add session', 5, 'add_session');
INSERT INTO `auth_permission` VALUES (18, 'Can change session', 5, 'change_session');
INSERT INTO `auth_permission` VALUES (19, 'Can delete session', 5, 'delete_session');
INSERT INTO `auth_permission` VALUES (20, 'Can view session', 5, 'view_session');
INSERT INTO `auth_permission` VALUES (21, 'Can add User', 6, 'add_user');
INSERT INTO `auth_permission` VALUES (22, 'Can change User', 6, 'change_user');
INSERT INTO `auth_permission` VALUES (23, 'Can delete User', 6, 'delete_user');
INSERT INTO `auth_permission` VALUES (24, 'Can view User', 6, 'view_user');
INSERT INTO `auth_permission` VALUES (25, 'Can add User Profile', 7, 'add_userprofile');
INSERT INTO `auth_permission` VALUES (26, 'Can change User Profile', 7, 'change_userprofile');
INSERT INTO `auth_permission` VALUES (27, 'Can delete User Profile', 7, 'delete_userprofile');
INSERT INTO `auth_permission` VALUES (28, 'Can view User Profile', 7, 'view_userprofile');
INSERT INTO `auth_permission` VALUES (29, 'Can add Token', 8, 'add_token');
INSERT INTO `auth_permission` VALUES (30, 'Can change Token', 8, 'change_token');
INSERT INTO `auth_permission` VALUES (31, 'Can delete Token', 8, 'delete_token');
INSERT INTO `auth_permission` VALUES (32, 'Can view Token', 8, 'view_token');
INSERT INTO `auth_permission` VALUES (33, 'Can add Token', 9, 'add_tokenproxy');
INSERT INTO `auth_permission` VALUES (34, 'Can change Token', 9, 'change_tokenproxy');
INSERT INTO `auth_permission` VALUES (35, 'Can delete Token', 9, 'delete_tokenproxy');
INSERT INTO `auth_permission` VALUES (36, 'Can view Token', 9, 'view_tokenproxy');
INSERT INTO `auth_permission` VALUES (37, 'Can add tag', 10, 'add_tag');
INSERT INTO `auth_permission` VALUES (38, 'Can change tag', 10, 'change_tag');
INSERT INTO `auth_permission` VALUES (39, 'Can delete tag', 10, 'delete_tag');
INSERT INTO `auth_permission` VALUES (40, 'Can view tag', 10, 'view_tag');
INSERT INTO `auth_permission` VALUES (41, 'Can add blog post', 11, 'add_blogpost');
INSERT INTO `auth_permission` VALUES (42, 'Can change blog post', 11, 'change_blogpost');
INSERT INTO `auth_permission` VALUES (43, 'Can delete blog post', 11, 'delete_blogpost');
INSERT INTO `auth_permission` VALUES (44, 'Can view blog post', 11, 'view_blogpost');
INSERT INTO `auth_permission` VALUES (45, 'Can add blog media', 12, 'add_blogmedia');
INSERT INTO `auth_permission` VALUES (46, 'Can change blog media', 12, 'change_blogmedia');
INSERT INTO `auth_permission` VALUES (47, 'Can delete blog media', 12, 'delete_blogmedia');
INSERT INTO `auth_permission` VALUES (48, 'Can view blog media', 12, 'view_blogmedia');
INSERT INTO `auth_permission` VALUES (49, 'Can add comment', 13, 'add_comment');
INSERT INTO `auth_permission` VALUES (50, 'Can change comment', 13, 'change_comment');
INSERT INTO `auth_permission` VALUES (51, 'Can delete comment', 13, 'delete_comment');
INSERT INTO `auth_permission` VALUES (52, 'Can view comment', 13, 'view_comment');
INSERT INTO `auth_permission` VALUES (53, 'Can add 技能交换申请', 14, 'add_exchangerequest');
INSERT INTO `auth_permission` VALUES (54, 'Can change 技能交换申请', 14, 'change_exchangerequest');
INSERT INTO `auth_permission` VALUES (55, 'Can delete 技能交换申请', 14, 'delete_exchangerequest');
INSERT INTO `auth_permission` VALUES (56, 'Can view 技能交换申请', 14, 'view_exchangerequest');
INSERT INTO `auth_permission` VALUES (57, 'Can add blacklisted token', 15, 'add_blacklistedtoken');
INSERT INTO `auth_permission` VALUES (58, 'Can change blacklisted token', 15, 'change_blacklistedtoken');
INSERT INTO `auth_permission` VALUES (59, 'Can delete blacklisted token', 15, 'delete_blacklistedtoken');
INSERT INTO `auth_permission` VALUES (60, 'Can view blacklisted token', 15, 'view_blacklistedtoken');
INSERT INTO `auth_permission` VALUES (61, 'Can add outstanding token', 16, 'add_outstandingtoken');
INSERT INTO `auth_permission` VALUES (62, 'Can change outstanding token', 16, 'change_outstandingtoken');
INSERT INTO `auth_permission` VALUES (63, 'Can delete outstanding token', 16, 'delete_outstandingtoken');
INSERT INTO `auth_permission` VALUES (64, 'Can view outstanding token', 16, 'view_outstandingtoken');
INSERT INTO `auth_permission` VALUES (65, 'Can add like', 17, 'add_like');
INSERT INTO `auth_permission` VALUES (66, 'Can change like', 17, 'change_like');
INSERT INTO `auth_permission` VALUES (67, 'Can delete like', 17, 'delete_like');
INSERT INTO `auth_permission` VALUES (68, 'Can view like', 17, 'view_like');
INSERT INTO `auth_permission` VALUES (69, 'Can add bookmark', 18, 'add_bookmark');
INSERT INTO `auth_permission` VALUES (70, 'Can change bookmark', 18, 'change_bookmark');
INSERT INTO `auth_permission` VALUES (71, 'Can delete bookmark', 18, 'delete_bookmark');
INSERT INTO `auth_permission` VALUES (72, 'Can view bookmark', 18, 'view_bookmark');

-- ----------------------------
-- Table structure for auth_user
-- ----------------------------
DROP TABLE IF EXISTS `auth_user`;
CREATE TABLE `auth_user`  (
  `id` int NOT NULL AUTO_INCREMENT,
  `password` varchar(128) CHARACTER SET utf8mb4 COLLATE utf8mb4_0900_ai_ci NOT NULL,
  `last_login` datetime(6) NULL DEFAULT NULL,
  `is_superuser` tinyint(1) NOT NULL,
  `username` varchar(150) CHARACTER SET utf8mb4 COLLATE utf8mb4_0900_ai_ci NOT NULL,
  `first_name` varchar(150) CHARACTER SET utf8mb4 COLLATE utf8mb4_0900_ai_ci NOT NULL,
  `last_name` varchar(150) CHARACTER SET utf8mb4 COLLATE utf8mb4_0900_ai_ci NOT NULL,
  `email` varchar(254) CHARACTER SET utf8mb4 COLLATE utf8mb4_0900_ai_ci NOT NULL,
  `is_staff` tinyint(1) NOT NULL,
  `is_active` tinyint(1) NOT NULL,
  `date_joined` datetime(6) NOT NULL,
  PRIMARY KEY (`id`) USING BTREE,
  UNIQUE INDEX `username`(`username` ASC) USING BTREE
) ENGINE = InnoDB AUTO_INCREMENT = 1 CHARACTER SET = utf8mb4 COLLATE = utf8mb4_0900_ai_ci ROW_FORMAT = Dynamic;

-- ----------------------------
-- Records of auth_user
-- ----------------------------

-- ----------------------------
-- Table structure for auth_user_groups
-- ----------------------------
DROP TABLE IF EXISTS `auth_user_groups`;
CREATE TABLE `auth_user_groups`  (
  `id` bigint NOT NULL AUTO_INCREMENT,
  `user_id` int NOT NULL,
  `group_id` int NOT NULL,
  PRIMARY KEY (`id`) USING BTREE,
  UNIQUE INDEX `auth_user_groups_user_id_group_id_94350c0c_uniq`(`user_id` ASC, `group_id` ASC) USING BTREE,
  INDEX `auth_user_groups_group_id_97559544_fk_auth_group_id`(`group_id` ASC) USING BTREE,
  CONSTRAINT `auth_user_groups_group_id_97559544_fk_auth_group_id` FOREIGN KEY (`group_id`) REFERENCES `auth_group` (`id`) ON DELETE RESTRICT ON UPDATE RESTRICT,
  CONSTRAINT `auth_user_groups_user_id_6a12ed8b_fk_auth_user_id` FOREIGN KEY (`user_id`) REFERENCES `auth_user` (`id`) ON DELETE RESTRICT ON UPDATE RESTRICT
) ENGINE = InnoDB AUTO_INCREMENT = 1 CHARACTER SET = utf8mb4 COLLATE = utf8mb4_0900_ai_ci ROW_FORMAT = Dynamic;

-- ----------------------------
-- Records of auth_user_groups
-- ----------------------------

-- ----------------------------
-- Table structure for auth_user_user_permissions
-- ----------------------------
DROP TABLE IF EXISTS `auth_user_user_permissions`;
CREATE TABLE `auth_user_user_permissions`  (
  `id` bigint NOT NULL AUTO_INCREMENT,
  `user_id` int NOT NULL,
  `permission_id` int NOT NULL,
  PRIMARY KEY (`id`) USING BTREE,
  UNIQUE INDEX `auth_user_user_permissions_user_id_permission_id_14a6b632_uniq`(`user_id` ASC, `permission_id` ASC) USING BTREE,
  INDEX `auth_user_user_permi_permission_id_1fbb5f2c_fk_auth_perm`(`permission_id` ASC) USING BTREE,
  CONSTRAINT `auth_user_user_permi_permission_id_1fbb5f2c_fk_auth_perm` FOREIGN KEY (`permission_id`) REFERENCES `auth_permission` (`id`) ON DELETE RESTRICT ON UPDATE RESTRICT,
  CONSTRAINT `auth_user_user_permissions_user_id_a95ead1b_fk_auth_user_id` FOREIGN KEY (`user_id`) REFERENCES `auth_user` (`id`) ON DELETE RESTRICT ON UPDATE RESTRICT
) ENGINE = InnoDB AUTO_INCREMENT = 1 CHARACTER SET = utf8mb4 COLLATE = utf8mb4_0900_ai_ci ROW_FORMAT = Dynamic;

-- ----------------------------
-- Records of auth_user_user_permissions
-- ----------------------------

-- ----------------------------
-- Table structure for authtoken_token
-- ----------------------------
DROP TABLE IF EXISTS `authtoken_token`;
CREATE TABLE `authtoken_token`  (
  `key` varchar(40) CHARACTER SET utf8mb4 COLLATE utf8mb4_0900_ai_ci NOT NULL,
  `created` datetime(6) NOT NULL,
  `user_id` int NOT NULL,
  PRIMARY KEY (`key`) USING BTREE,
  UNIQUE INDEX `user_id`(`user_id` ASC) USING BTREE,
  CONSTRAINT `authtoken_token_user_id_35299eff_fk_auth_user_id` FOREIGN KEY (`user_id`) REFERENCES `auth_user` (`id`) ON DELETE RESTRICT ON UPDATE RESTRICT
) ENGINE = InnoDB CHARACTER SET = utf8mb4 COLLATE = utf8mb4_0900_ai_ci ROW_FORMAT = Dynamic;

-- ----------------------------
-- Records of authtoken_token
-- ----------------------------

-- ----------------------------
-- Table structure for blog_bookmark
-- ----------------------------
DROP TABLE IF EXISTS `blog_bookmark`;
CREATE TABLE `blog_bookmark`  (
  `id` bigint NOT NULL AUTO_INCREMENT,
  `created_at` datetime(6) NOT NULL,
  `post_id` bigint NOT NULL,
  `user_id` int NOT NULL,
  PRIMARY KEY (`id`) USING BTREE,
  UNIQUE INDEX `blog_bookmark_user_id_post_id_dbeeb505_uniq`(`user_id` ASC, `post_id` ASC) USING BTREE,
  INDEX `blog_bookmark_post_id_ecd4bcb6_fk_blog_post_id`(`post_id` ASC) USING BTREE,
  INDEX `blog_bookma_user_id_7460b9_idx`(`user_id` ASC) USING BTREE,
  CONSTRAINT `blog_bookmark_post_id_ecd4bcb6_fk_blog_post_id` FOREIGN KEY (`post_id`) REFERENCES `blog_post` (`id`) ON DELETE RESTRICT ON UPDATE RESTRICT,
  CONSTRAINT `blog_bookmark_user_id_bd61f0ab_fk_login_user_id` FOREIGN KEY (`user_id`) REFERENCES `login_user` (`id`) ON DELETE RESTRICT ON UPDATE RESTRICT
) ENGINE = InnoDB AUTO_INCREMENT = 13 CHARACTER SET = utf8mb4 COLLATE = utf8mb4_0900_ai_ci ROW_FORMAT = Dynamic;

-- ----------------------------
-- Records of blog_bookmark
-- ----------------------------
INSERT INTO `blog_bookmark` VALUES (4, '2025-06-28 05:54:23.298488', 126, 2);
INSERT INTO `blog_bookmark` VALUES (8, '2025-06-28 14:15:17.787928', 128, 2);
INSERT INTO `blog_bookmark` VALUES (9, '2025-06-29 09:51:25.180813', 124, 2);
INSERT INTO `blog_bookmark` VALUES (12, '2025-06-29 10:32:57.323908', 125, 2);

-- ----------------------------
-- Table structure for blog_comment
-- ----------------------------
DROP TABLE IF EXISTS `blog_comment`;
CREATE TABLE `blog_comment`  (
  `id` bigint NOT NULL AUTO_INCREMENT,
  `content` longtext CHARACTER SET utf8mb4 COLLATE utf8mb4_0900_ai_ci NOT NULL,
  `is_active` tinyint(1) NOT NULL,
  `depth` int UNSIGNED NOT NULL,
  `created_at` datetime(6) NOT NULL,
  `author_id` int NOT NULL,
  `blog_id` bigint NOT NULL,
  `parent_id` bigint NULL DEFAULT NULL,
  PRIMARY KEY (`id`) USING BTREE,
  INDEX `blog_comment_author_id_4f11e2e0_fk_login_user_id`(`author_id` ASC) USING BTREE,
  INDEX `blog_comment_blog_id_c664fb0d_fk_blog_post_id`(`blog_id` ASC) USING BTREE,
  INDEX `blog_comment_parent_id_f2a027bb_fk_blog_comment_id`(`parent_id` ASC) USING BTREE,
  CONSTRAINT `blog_comment_author_id_4f11e2e0_fk_login_user_id` FOREIGN KEY (`author_id`) REFERENCES `login_user` (`id`) ON DELETE RESTRICT ON UPDATE RESTRICT,
  CONSTRAINT `blog_comment_blog_id_c664fb0d_fk_blog_post_id` FOREIGN KEY (`blog_id`) REFERENCES `blog_post` (`id`) ON DELETE RESTRICT ON UPDATE RESTRICT,
  CONSTRAINT `blog_comment_parent_id_f2a027bb_fk_blog_comment_id` FOREIGN KEY (`parent_id`) REFERENCES `blog_comment` (`id`) ON DELETE RESTRICT ON UPDATE RESTRICT,
  CONSTRAINT `blog_comment_chk_1` CHECK (`depth` >= 0)
) ENGINE = InnoDB AUTO_INCREMENT = 59 CHARACTER SET = utf8mb4 COLLATE = utf8mb4_0900_ai_ci ROW_FORMAT = Dynamic;

-- ----------------------------
-- Records of blog_comment
-- ----------------------------
INSERT INTO `blog_comment` VALUES (1, '你做的看起来好好吃！', 1, 1, '2025-06-27 06:59:21.815383', 1, 125, NULL);
INSERT INTO `blog_comment` VALUES (2, '你做的看起来好像好好ci！', 1, 1, '2025-06-27 07:00:35.876358', 1, 125, NULL);
INSERT INTO `blog_comment` VALUES (3, 'delicous！', 1, 1, '2025-06-27 07:12:53.434478', 1, 125, NULL);
INSERT INTO `blog_comment` VALUES (4, '太好吃了吧！', 1, 1, '2025-06-27 07:14:09.407373', 1, 125, NULL);
INSERT INTO `blog_comment` VALUES (5, '尊都假都o.O?', 1, 1, '2025-06-27 07:54:28.415056', 1, 125, NULL);
INSERT INTO `blog_comment` VALUES (6, '看看会不会覆盖？', 1, 1, '2025-06-27 07:54:42.168405', 1, 125, NULL);
INSERT INTO `blog_comment` VALUES (7, '好厉害的代码！', 1, 1, '2025-06-28 08:21:11.420127', 2, 130, NULL);
INSERT INTO `blog_comment` VALUES (8, '再来评论一次', 1, 1, '2025-06-28 08:42:53.791830', 2, 130, NULL);
INSERT INTO `blog_comment` VALUES (9, '把连锁饭店冷库', 1, 1, '2025-06-28 08:44:30.242549', 2, 130, NULL);
INSERT INTO `blog_comment` VALUES (10, '再来一次', 1, 1, '2025-06-28 08:47:15.535515', 2, 130, NULL);
INSERT INTO `blog_comment` VALUES (11, '再来一次', 1, 1, '2025-06-28 08:50:42.500392', 2, 130, NULL);
INSERT INTO `blog_comment` VALUES (12, '再来二次', 1, 1, '2025-06-28 08:58:20.143902', 2, 130, NULL);
INSERT INTO `blog_comment` VALUES (13, '再来三次', 1, 1, '2025-06-28 09:04:03.962939', 2, 130, NULL);
INSERT INTO `blog_comment` VALUES (14, '再来四次', 1, 1, '2025-06-28 09:15:20.257799', 2, 130, NULL);
INSERT INTO `blog_comment` VALUES (15, '现在应该可以了吧', 1, 1, '2025-06-28 09:21:05.412070', 2, 130, NULL);
INSERT INTO `blog_comment` VALUES (16, '现在呢？', 1, 1, '2025-06-28 09:23:00.890945', 2, 130, NULL);
INSERT INTO `blog_comment` VALUES (17, 'fuck', 1, 1, '2025-06-28 09:25:51.142219', 2, 130, NULL);
INSERT INTO `blog_comment` VALUES (18, 'hihi', 1, 1, '2025-06-28 11:57:53.025485', 2, 57, NULL);
INSERT INTO `blog_comment` VALUES (19, '1111', 1, 1, '2025-06-28 11:59:17.737551', 2, 130, NULL);
INSERT INTO `blog_comment` VALUES (20, '写下这该死的评论！！', 1, 1, '2025-06-28 13:38:31.199132', 2, 126, NULL);
INSERT INTO `blog_comment` VALUES (21, '我再来写下这该死的评论', 1, 1, '2025-06-28 13:43:28.368517', 2, 126, NULL);
INSERT INTO `blog_comment` VALUES (22, '那为什么这里可以发布？', 1, 1, '2025-06-28 13:48:49.436040', 2, 125, NULL);
INSERT INTO `blog_comment` VALUES (23, '再来试试？', 1, 1, '2025-06-28 14:01:43.232809', 2, 126, NULL);
INSERT INTO `blog_comment` VALUES (24, '再实时？', 1, 1, '2025-06-28 14:07:27.890773', 2, 126, NULL);
INSERT INTO `blog_comment` VALUES (25, '再来试试这个？', 1, 1, '2025-06-28 14:08:08.281499', 2, 125, NULL);
INSERT INTO `blog_comment` VALUES (26, '我真的弗雷', 1, 1, '2025-06-28 14:09:25.086825', 2, 125, NULL);
INSERT INTO `blog_comment` VALUES (27, '在是十四？', 1, 1, '2025-06-28 14:11:06.845855', 2, 125, NULL);
INSERT INTO `blog_comment` VALUES (28, '肯定报错', 1, 1, '2025-06-28 14:13:55.375555', 2, 126, NULL);
INSERT INTO `blog_comment` VALUES (29, '包错的', 1, 1, '2025-06-28 14:14:49.342330', 2, 126, NULL);
INSERT INTO `blog_comment` VALUES (30, 'DaiBI来评论', 1, 1, '2025-06-28 14:15:37.041602', 2, 128, NULL);
INSERT INTO `blog_comment` VALUES (31, '看看', 1, 1, '2025-06-28 14:26:32.256883', 2, 128, NULL);
INSERT INTO `blog_comment` VALUES (32, '自己评论自己', 1, 1, '2025-06-28 14:26:49.207651', 2, 125, NULL);
INSERT INTO `blog_comment` VALUES (33, '台南佳评论', 1, 1, '2025-06-29 08:51:17.007294', 1, 125, NULL);
INSERT INTO `blog_comment` VALUES (34, 'hi hi', 1, 1, '2025-06-29 08:51:36.689173', 1, 125, NULL);
INSERT INTO `blog_comment` VALUES (35, '111', 1, 1, '2025-06-29 08:52:00.096321', 1, 125, NULL);
INSERT INTO `blog_comment` VALUES (36, '这个评论会出问题吗？', 1, 1, '2025-06-29 08:55:59.266472', 2, 128, NULL);
INSERT INTO `blog_comment` VALUES (37, '为什么这个评论会报错？', 1, 1, '2025-06-29 08:56:17.906707', 2, 125, NULL);
INSERT INTO `blog_comment` VALUES (38, '为司马？', 1, 1, '2025-06-29 09:00:18.295266', 2, 125, NULL);
INSERT INTO `blog_comment` VALUES (39, '1', 1, 1, '2025-06-29 09:06:08.380464', 2, 125, NULL);
INSERT INTO `blog_comment` VALUES (40, '你好', 1, 1, '2025-06-29 09:09:39.120814', 2, 125, NULL);
INSERT INTO `blog_comment` VALUES (41, '？', 1, 1, '2025-06-29 09:11:17.524954', 2, 125, NULL);
INSERT INTO `blog_comment` VALUES (42, '？', 1, 1, '2025-06-29 09:13:10.492556', 2, 125, NULL);
INSERT INTO `blog_comment` VALUES (43, '？', 1, 1, '2025-06-29 09:14:35.820440', 2, 125, NULL);
INSERT INTO `blog_comment` VALUES (44, '？', 1, 1, '2025-06-29 09:15:15.400935', 2, 126, NULL);
INSERT INTO `blog_comment` VALUES (45, '操', 1, 1, '2025-06-29 09:17:18.822214', 2, 125, NULL);
INSERT INTO `blog_comment` VALUES (46, '？', 1, 1, '2025-06-29 09:23:53.469701', 2, 125, NULL);
INSERT INTO `blog_comment` VALUES (47, '？', 1, 1, '2025-06-29 09:24:24.768258', 2, 125, NULL);
INSERT INTO `blog_comment` VALUES (48, '？', 1, 1, '2025-06-29 09:25:45.773360', 2, 125, NULL);
INSERT INTO `blog_comment` VALUES (49, '我去', 1, 1, '2025-06-29 09:25:59.688431', 2, 125, NULL);
INSERT INTO `blog_comment` VALUES (50, '尝试评论', 1, 1, '2025-06-29 09:49:58.651508', 2, 125, NULL);
INSERT INTO `blog_comment` VALUES (51, '评论成功了', 1, 1, '2025-06-29 09:50:14.639099', 2, 125, NULL);
INSERT INTO `blog_comment` VALUES (52, '再看看这个评论会不会出问题？', 1, 1, '2025-06-29 09:50:39.928901', 2, 128, NULL);
INSERT INTO `blog_comment` VALUES (53, '为什么重新加载不是最新评论在前', 1, 1, '2025-06-29 09:52:45.898589', 2, 125, NULL);
INSERT INTO `blog_comment` VALUES (54, '评论不是最新的在前面', 1, 1, '2025-06-29 10:33:24.484631', 2, 125, NULL);
INSERT INTO `blog_comment` VALUES (55, '再看看', 1, 1, '2025-06-29 10:40:36.621927', 2, 125, NULL);
INSERT INTO `blog_comment` VALUES (56, '现在呢？', 1, 1, '2025-06-29 10:46:04.947575', 2, 125, NULL);
INSERT INTO `blog_comment` VALUES (57, '查看评论时间', 1, 1, '2025-06-29 10:48:54.408906', 1, 125, NULL);
INSERT INTO `blog_comment` VALUES (58, '现在呢？', 1, 1, '2025-06-29 10:52:40.762533', 1, 125, NULL);

-- ----------------------------
-- Table structure for blog_like
-- ----------------------------
DROP TABLE IF EXISTS `blog_like`;
CREATE TABLE `blog_like`  (
  `id` bigint NOT NULL AUTO_INCREMENT,
  `created_at` datetime(6) NOT NULL,
  `post_id` bigint NOT NULL,
  `user_id` int NOT NULL,
  PRIMARY KEY (`id`) USING BTREE,
  UNIQUE INDEX `blog_like_user_id_post_id_25245350_uniq`(`user_id` ASC, `post_id` ASC) USING BTREE,
  INDEX `blog_like_post_id_9038fd1f_fk_blog_post_id`(`post_id` ASC) USING BTREE,
  CONSTRAINT `blog_like_post_id_9038fd1f_fk_blog_post_id` FOREIGN KEY (`post_id`) REFERENCES `blog_post` (`id`) ON DELETE RESTRICT ON UPDATE RESTRICT,
  CONSTRAINT `blog_like_user_id_06356ade_fk_login_user_id` FOREIGN KEY (`user_id`) REFERENCES `login_user` (`id`) ON DELETE RESTRICT ON UPDATE RESTRICT
) ENGINE = InnoDB AUTO_INCREMENT = 21 CHARACTER SET = utf8mb4 COLLATE = utf8mb4_0900_ai_ci ROW_FORMAT = Dynamic;

-- ----------------------------
-- Records of blog_like
-- ----------------------------
INSERT INTO `blog_like` VALUES (4, '2025-06-27 14:13:39.464646', 126, 2);
INSERT INTO `blog_like` VALUES (5, '2025-06-27 14:16:31.344853', 121, 2);
INSERT INTO `blog_like` VALUES (11, '2025-06-28 05:26:24.819402', 129, 2);
INSERT INTO `blog_like` VALUES (13, '2025-06-28 05:27:07.505468', 128, 2);
INSERT INTO `blog_like` VALUES (14, '2025-06-28 08:10:55.368862', 130, 2);
INSERT INTO `blog_like` VALUES (16, '2025-06-28 11:58:13.740727', 57, 2);
INSERT INTO `blog_like` VALUES (17, '2025-06-29 09:51:33.079825', 124, 2);
INSERT INTO `blog_like` VALUES (20, '2025-06-29 10:33:06.766485', 125, 2);

-- ----------------------------
-- Table structure for blog_media
-- ----------------------------
DROP TABLE IF EXISTS `blog_media`;
CREATE TABLE `blog_media`  (
  `id` bigint NOT NULL AUTO_INCREMENT,
  `file` varchar(100) CHARACTER SET utf8mb4 COLLATE utf8mb4_0900_ai_ci NOT NULL,
  `media_type` varchar(10) CHARACTER SET utf8mb4 COLLATE utf8mb4_0900_ai_ci NOT NULL,
  `thumbnail` varchar(100) CHARACTER SET utf8mb4 COLLATE utf8mb4_0900_ai_ci NULL DEFAULT NULL,
  `duration` int UNSIGNED NOT NULL,
  `order` int UNSIGNED NOT NULL,
  `blog_id` bigint NOT NULL,
  PRIMARY KEY (`id`) USING BTREE,
  INDEX `blog_media_blog_id_c16a112f_fk_blog_post_id`(`blog_id` ASC) USING BTREE,
  CONSTRAINT `blog_media_blog_id_c16a112f_fk_blog_post_id` FOREIGN KEY (`blog_id`) REFERENCES `blog_post` (`id`) ON DELETE RESTRICT ON UPDATE RESTRICT,
  CONSTRAINT `blog_media_chk_1` CHECK (`duration` >= 0),
  CONSTRAINT `blog_media_chk_2` CHECK (`order` >= 0)
) ENGINE = InnoDB AUTO_INCREMENT = 29 CHARACTER SET = utf8mb4 COLLATE = utf8mb4_0900_ai_ci ROW_FORMAT = Dynamic;

-- ----------------------------
-- Records of blog_media
-- ----------------------------
INSERT INTO `blog_media` VALUES (1, 'blog_media/2025-06-19/007mIIB3gy1homr8us3z7j31hc0u0thn_-_副本.jpg', 'image', '', 0, 0, 3);
INSERT INTO `blog_media` VALUES (2, 'blog_media/2025-06-19/007mIIB3gy1homr8us3z7j31hc0u0thn.jpg', 'image', '', 0, 1, 3);
INSERT INTO `blog_media` VALUES (3, 'blog_media/2025-06-20/007mIIB3gy1homr8us3z7j31hc0u0thn_-_副本.jpg', 'image', '', 0, 0, 4);
INSERT INTO `blog_media` VALUES (4, 'blog_media/2025-06-20/007mIIB3gy1homr8us3z7j31hc0u0thn.jpg', 'image', '', 0, 0, 5);
INSERT INTO `blog_media` VALUES (5, 'blog_media/2025-06-20/图片1.jpg', 'image', '', 0, 0, 10);
INSERT INTO `blog_media` VALUES (6, 'blog_media/2025-06-20/屏幕截图_2025-06-10_161836.png', 'image', '', 0, 0, 11);
INSERT INTO `blog_media` VALUES (7, 'blog_media/2025-06-20/屏幕截图_2025-05-31_150626.png', 'image', '', 0, 0, 12);
INSERT INTO `blog_media` VALUES (8, 'blog_media/2025-06-20/屏幕截图_2025-06-20_223905.png', 'image', '', 0, 0, 18);
INSERT INTO `blog_media` VALUES (9, 'blog_media/2025-06-20/屏幕截图_2025-06-20_224943.png', 'image', '', 0, 0, 20);
INSERT INTO `blog_media` VALUES (10, 'blog_media/2025-06-20/屏幕截图_2025-06-20_231148.png', 'image', '', 0, 0, 25);
INSERT INTO `blog_media` VALUES (11, 'blog_media/2025-06-21/屏幕截图_2025-06-21_001048.png', 'image', '', 0, 0, 38);
INSERT INTO `blog_media` VALUES (12, 'blog_media/2025-06-21/屏幕截图_2025-06-21_004015.png', 'image', '', 0, 0, 39);
INSERT INTO `blog_media` VALUES (13, 'blog_media/2025-06-21/屏幕截图_2025-06-21_004015_EQPlKFP.png', 'image', '', 0, 0, 57);
INSERT INTO `blog_media` VALUES (14, 'blog_media/2025-06-21/屏幕截图_2025-06-21_203918.png', 'image', '', 0, 0, 58);
INSERT INTO `blog_media` VALUES (15, 'blog_media/2025-06-21/屏幕截图_2025-06-21_203918_rGLS5Ke.png', 'image', '', 0, 0, 60);
INSERT INTO `blog_media` VALUES (16, 'blog_media/2025-06-22/屏幕截图_2025-06-22_153614.png', 'image', '', 0, 0, 85);
INSERT INTO `blog_media` VALUES (17, 'blog_media/2025-06-22/屏幕截图_2025-06-22_153614_gwLBH3g.png', 'image', '', 0, 0, 86);
INSERT INTO `blog_media` VALUES (18, 'blog_media/2025-06-22/屏幕截图_2025-06-22_161930.png', 'image', '', 0, 0, 87);
INSERT INTO `blog_media` VALUES (19, 'blog_media/2025-06-24/007mIIB3gy1homr8us3z7j31hc0u0thn.jpg', 'image', '', 0, 0, 94);
INSERT INTO `blog_media` VALUES (20, 'blog_media/2025-06-28/屏幕截图_2025-04-23_170232_-_副本_-_副本_-_副本.png', 'image', '', 0, 0, 130);
INSERT INTO `blog_media` VALUES (21, 'blog_media/2025-06-28/屏幕截图_2025-04-23_170232_-_副本_-_副本.png', 'image', '', 0, 0, 130);
INSERT INTO `blog_media` VALUES (22, 'blog_media/2025-06-28/屏幕截图_2025-04-23_170232_-_副本_2_-_副本.png', 'image', '', 0, 0, 130);
INSERT INTO `blog_media` VALUES (23, 'blog_media/2025-06-28/屏幕截图_2025-04-23_170232_-_副本_2.png', 'image', '', 0, 0, 130);
INSERT INTO `blog_media` VALUES (24, 'blog_media/2025-06-28/屏幕截图_2025-04-23_170232_-_副本.png', 'image', '', 0, 0, 130);
INSERT INTO `blog_media` VALUES (25, 'blog_media/2025-06-28/屏幕截图_2025-04-23_170232.png', 'image', '', 0, 0, 130);
INSERT INTO `blog_media` VALUES (26, 'blog_media/2025-06-28/屏幕截图_2025-05-07_162257_-_副本.png', 'image', '', 0, 0, 130);
INSERT INTO `blog_media` VALUES (27, 'blog_media/2025-06-28/屏幕截图_2025-05-07_162257.png', 'image', '', 0, 0, 130);
INSERT INTO `blog_media` VALUES (28, 'blog_media/2025-06-28/屏幕截图_2025-05-07_162654.png', 'image', '', 0, 0, 130);

-- ----------------------------
-- Table structure for blog_post
-- ----------------------------
DROP TABLE IF EXISTS `blog_post`;
CREATE TABLE `blog_post`  (
  `id` bigint NOT NULL AUTO_INCREMENT,
  `title` varchar(200) CHARACTER SET utf8mb4 COLLATE utf8mb4_0900_ai_ci NOT NULL,
  `content` longtext CHARACTER SET utf8mb4 COLLATE utf8mb4_0900_ai_ci NOT NULL,
  `visibility` int NOT NULL,
  `created_at` datetime(6) NOT NULL,
  `updated_at` datetime(6) NOT NULL,
  `max_images` int UNSIGNED NOT NULL,
  `max_videos` int UNSIGNED NOT NULL,
  `author_id` int NOT NULL,
  `likes_count` int UNSIGNED NOT NULL,
  PRIMARY KEY (`id`) USING BTREE,
  INDEX `blog_post_author__a95872_idx`(`author_id` ASC, `visibility` ASC) USING BTREE,
  INDEX `blog_post_created_b20a1e_idx`(`created_at` ASC) USING BTREE,
  CONSTRAINT `blog_post_author_id_dd7a8485_fk_login_user_id` FOREIGN KEY (`author_id`) REFERENCES `login_user` (`id`) ON DELETE RESTRICT ON UPDATE RESTRICT,
  CONSTRAINT `blog_post_chk_2` CHECK (`max_images` >= 0),
  CONSTRAINT `blog_post_chk_3` CHECK (`max_videos` >= 0),
  CONSTRAINT `blog_post_chk_4` CHECK (`likes_count` >= 0)
) ENGINE = InnoDB AUTO_INCREMENT = 135 CHARACTER SET = utf8mb4 COLLATE = utf8mb4_0900_ai_ci ROW_FORMAT = Dynamic;

-- ----------------------------
-- Records of blog_post
-- ----------------------------
INSERT INTO `blog_post` VALUES (3, '这是我的第一个博客', '这是我的第一个博客', 0, '2025-06-19 19:49:55.000000', '2025-06-19 11:49:55.704225', 9, 1, 2, 0);
INSERT INTO `blog_post` VALUES (4, '这是我的第二个博客', '这是我的第二个博客', 0, '2025-06-20 11:12:51.000000', '2025-06-20 03:12:51.345311', 9, 1, 2, 0);
INSERT INTO `blog_post` VALUES (5, '这是我的第三个博客', '这是我的第三个博客', 0, '2025-06-20 21:57:00.000000', '2025-06-20 13:57:00.066351', 9, 1, 2, 0);
INSERT INTO `blog_post` VALUES (6, '1', '', 0, '2025-06-20 22:04:03.000000', '2025-06-20 14:04:03.372429', 9, 1, 2, 0);
INSERT INTO `blog_post` VALUES (7, '2', '', 0, '2025-06-20 22:06:54.000000', '2025-06-20 14:06:54.874612', 9, 1, 2, 0);
INSERT INTO `blog_post` VALUES (8, '4', '', 0, '2025-06-20 22:10:32.000000', '2025-06-20 14:10:32.283133', 9, 1, 2, 0);
INSERT INTO `blog_post` VALUES (9, '4', '', 0, '2025-06-20 22:11:00.000000', '2025-06-20 14:11:00.090449', 9, 1, 2, 0);
INSERT INTO `blog_post` VALUES (10, '这是我的第7个博客', '这是我的第七个博客', 0, '2025-06-20 22:12:40.000000', '2025-06-20 14:12:40.813228', 9, 1, 2, 0);
INSERT INTO `blog_post` VALUES (11, '这是我的第八个博客', '这是我的第八个博客', 0, '2025-06-20 22:16:24.000000', '2025-06-20 14:16:24.140191', 9, 1, 2, 0);
INSERT INTO `blog_post` VALUES (12, '这是我的第9个博客', '这是我的第9个博客', 0, '2025-06-20 22:22:04.000000', '2025-06-20 14:22:04.908434', 9, 1, 2, 0);
INSERT INTO `blog_post` VALUES (13, '这是我的第10个博客', '这是我的第十个博客', 0, '2025-06-20 22:23:36.000000', '2025-06-20 14:23:36.829299', 9, 1, 2, 0);
INSERT INTO `blog_post` VALUES (14, '11', '', 0, '2025-06-20 22:26:11.000000', '2025-06-20 14:26:11.587224', 9, 1, 2, 0);
INSERT INTO `blog_post` VALUES (15, '12', '', 0, '2025-06-20 22:26:30.000000', '2025-06-20 14:26:30.700356', 9, 1, 2, 0);
INSERT INTO `blog_post` VALUES (16, '12', '12', 0, '2025-06-20 22:31:37.000000', '2025-06-20 14:31:37.270221', 9, 1, 2, 0);
INSERT INTO `blog_post` VALUES (17, '13', '', 0, '2025-06-20 22:35:44.000000', '2025-06-20 14:35:44.914203', 9, 1, 2, 0);
INSERT INTO `blog_post` VALUES (18, '这是我测试博客发送是否实时更新', '这是我测试博客发送是否实时更新', 0, '2025-06-20 22:39:22.000000', '2025-06-20 14:39:22.640092', 9, 1, 2, 0);
INSERT INTO `blog_post` VALUES (19, '这是我第二次尝试更新博客', '这是我第二次尝试更新博客', 0, '2025-06-20 22:41:14.000000', '2025-06-20 14:41:14.054841', 9, 1, 2, 0);
INSERT INTO `blog_post` VALUES (20, '这是我第三次实时更新博客，希望成功', '这是我第三次实时更新博客，希望成功', 0, '2025-06-20 22:49:54.000000', '2025-06-20 14:49:54.480527', 9, 1, 2, 0);
INSERT INTO `blog_post` VALUES (21, '这是我第四次，希望成', '这是我第四次，希望成', 0, '2025-06-20 22:51:16.000000', '2025-06-20 14:51:16.689608', 9, 1, 2, 0);
INSERT INTO `blog_post` VALUES (22, '123', '', 0, '2025-06-20 22:54:00.000000', '2025-06-20 14:54:00.165027', 9, 1, 2, 0);
INSERT INTO `blog_post` VALUES (23, '456', '456', 0, '2025-06-20 22:59:59.000000', '2025-06-20 14:59:59.513701', 9, 1, 2, 0);
INSERT INTO `blog_post` VALUES (24, '789', '789', 0, '2025-06-20 23:06:31.000000', '2025-06-20 15:06:31.073958', 9, 1, 2, 0);
INSERT INTO `blog_post` VALUES (25, '我认为这应该是最后一次，应该是成功了？', '我认为这应该是最后一次，应该是成功了？', 0, '2025-06-20 23:11:58.000000', '2025-06-20 15:11:58.969867', 9, 1, 2, 0);
INSERT INTO `blog_post` VALUES (26, '1011', '1011', 0, '2025-06-20 23:15:58.000000', '2025-06-20 15:15:58.544725', 9, 1, 2, 0);
INSERT INTO `blog_post` VALUES (27, '我真的不想再错', '我真的不想再错', 0, '2025-06-20 23:17:28.000000', '2025-06-20 15:17:28.836259', 9, 1, 2, 0);
INSERT INTO `blog_post` VALUES (28, '球球了别错了', '球球了别错了', 0, '2025-06-20 23:21:54.000000', '2025-06-20 15:21:54.430960', 9, 1, 2, 0);
INSERT INTO `blog_post` VALUES (29, '12312312312123123', '1231231321', 0, '2025-06-20 23:34:36.000000', '2025-06-20 15:34:36.557122', 9, 1, 2, 0);
INSERT INTO `blog_post` VALUES (30, '123123123213', '', 0, '2025-06-20 23:37:59.000000', '2025-06-20 15:37:59.186943', 9, 1, 2, 0);
INSERT INTO `blog_post` VALUES (31, 'cccccc', '', 0, '2025-06-20 23:46:35.000000', '2025-06-20 15:46:35.329690', 9, 1, 2, 0);
INSERT INTO `blog_post` VALUES (32, 'ASDKFJAKSDFJNALKF', 'ASNDFALSLFASDLFAJSLDKF', 0, '2025-06-20 23:47:23.000000', '2025-06-20 15:47:23.945199', 9, 1, 2, 0);
INSERT INTO `blog_post` VALUES (33, '123123', '12313123', 0, '2025-06-20 23:55:04.000000', '2025-06-20 15:55:04.377747', 9, 1, 2, 0);
INSERT INTO `blog_post` VALUES (34, 'asdfasdfsa', 'asdfasdfasfd', 0, '2025-06-20 23:56:09.000000', '2025-06-20 15:56:09.713673', 9, 1, 2, 0);
INSERT INTO `blog_post` VALUES (35, 'SADFASDFASDF', 'ASDFALSJKDFADSFL', 0, '2025-06-21 00:05:49.000000', '2025-06-20 16:05:49.512754', 9, 1, 2, 0);
INSERT INTO `blog_post` VALUES (36, 'asdfasdfasf', 'asdfasdfasdf', 0, '2025-06-21 00:06:32.000000', '2025-06-20 16:06:32.671900', 9, 1, 2, 0);
INSERT INTO `blog_post` VALUES (37, 'zhdn', 'zhdn', 0, '2025-06-21 00:07:28.000000', '2025-06-20 16:07:28.155801', 9, 1, 2, 0);
INSERT INTO `blog_post` VALUES (38, '我希望这真的真的是今晚的最后一次实现过程', '我希望这真的真的是今晚的最后一次实现过程', 0, '2025-06-21 00:11:00.000000', '2025-06-20 16:11:00.912361', 9, 1, 2, 0);
INSERT INTO `blog_post` VALUES (39, '我真的真的真的真的', '我真的真的真的真的我真的真的真的真的我真的真的真的真的我真的真的真的真的我真的真的真的真的我真的真的真的真的我真的真的真的真的我真的真的真的真的我真的真的真的真的我真的真的真的真的我真的真的真的真的我真的真的真的真的我真的真的真的真的我真的真的真的真的希望能成功！！！！！！！！', 0, '2025-06-21 00:40:25.000000', '2025-06-20 16:40:25.723297', 9, 1, 2, 0);
INSERT INTO `blog_post` VALUES (40, '111', '111', 0, '2025-06-21 00:41:57.000000', '2025-06-20 16:41:57.685479', 9, 1, 2, 0);
INSERT INTO `blog_post` VALUES (41, '222', '', 0, '2025-06-21 00:46:25.000000', '2025-06-20 16:46:25.385942', 9, 1, 2, 0);
INSERT INTO `blog_post` VALUES (42, '645646', '456456456', 0, '2025-06-21 01:01:31.000000', '2025-06-20 17:01:31.228941', 9, 1, 2, 0);
INSERT INTO `blog_post` VALUES (43, 'asdfasf', 'asdfasdfasdf', 0, '2025-06-21 01:02:30.000000', '2025-06-20 17:02:30.315083', 9, 1, 2, 0);
INSERT INTO `blog_post` VALUES (44, 'asdlfasdfkj', 'ajsdflajsldf', 0, '2025-06-21 01:03:07.000000', '2025-06-20 17:03:07.823736', 9, 1, 2, 0);
INSERT INTO `blog_post` VALUES (45, '11223', '', 0, '2025-06-21 01:04:46.000000', '2025-06-20 17:04:46.324215', 9, 1, 2, 0);
INSERT INTO `blog_post` VALUES (46, '55555555', '', 0, '2025-06-21 01:05:36.000000', '2025-06-20 17:05:36.207344', 9, 1, 2, 0);
INSERT INTO `blog_post` VALUES (47, 'asdfasdfsdfasdfasdfasdf', '', 0, '2025-06-21 01:06:21.000000', '2025-06-20 17:06:21.206124', 9, 1, 2, 0);
INSERT INTO `blog_post` VALUES (48, 'balabala', 'balabala', 0, '2025-06-21 19:29:40.000000', '2025-06-21 11:29:40.292843', 9, 1, 2, 0);
INSERT INTO `blog_post` VALUES (49, 'asdfasf', '', 0, '2025-06-21 19:31:01.000000', '2025-06-21 11:31:01.784565', 9, 1, 2, 0);
INSERT INTO `blog_post` VALUES (50, '12333444', '', 0, '2025-06-21 19:31:47.000000', '2025-06-21 11:31:47.265915', 9, 1, 2, 0);
INSERT INTO `blog_post` VALUES (51, '00000', '', 0, '2025-06-21 19:33:01.000000', '2025-06-21 11:33:01.901476', 9, 1, 2, 0);
INSERT INTO `blog_post` VALUES (52, '巴啦啦能力', '', 0, '2025-06-21 19:35:45.000000', '2025-06-21 11:35:45.559169', 9, 1, 2, 0);
INSERT INTO `blog_post` VALUES (53, '你好', 'hello', 0, '2025-06-21 19:36:38.000000', '2025-06-21 11:36:38.759253', 9, 1, 2, 0);
INSERT INTO `blog_post` VALUES (54, 'BUHAO', '', 0, '2025-06-21 19:37:33.000000', '2025-06-21 11:37:33.814136', 9, 1, 2, 0);
INSERT INTO `blog_post` VALUES (55, '真的很不好', '', 0, '2025-06-21 19:38:31.000000', '2025-06-21 11:38:31.230098', 9, 1, 2, 0);
INSERT INTO `blog_post` VALUES (56, '巴拉', '', 0, '2025-06-21 20:11:14.000000', '2025-06-21 12:11:14.804832', 9, 1, 2, 0);
INSERT INTO `blog_post` VALUES (57, '复活吧！！！我的代码！！！', '复活吧！！！我的代码！！！', 0, '2025-06-21 20:20:35.000000', '2025-06-21 12:20:35.509505', 9, 1, 2, 1);
INSERT INTO `blog_post` VALUES (58, '真的复活一下把！！！！', '真的复活一下把！！！！', 0, '2025-06-21 20:39:27.000000', '2025-06-21 12:39:27.071927', 9, 1, 2, 0);
INSERT INTO `blog_post` VALUES (59, '有1说1 ', '', 0, '2025-06-21 20:52:17.000000', '2025-06-21 12:52:17.927814', 9, 1, 2, 0);
INSERT INTO `blog_post` VALUES (60, '实现了博客立即跟新', '如果需要添加审核过程可以进行事务添加', 0, '2025-06-21 20:53:12.000000', '2025-06-21 12:53:13.024882', 9, 1, 2, 0);
INSERT INTO `blog_post` VALUES (61, '1', '', 0, '2025-06-21 21:05:52.000000', '2025-06-21 13:05:52.944269', 9, 1, 2, 0);
INSERT INTO `blog_post` VALUES (62, '2', '', 0, '2025-06-21 21:06:01.000000', '2025-06-21 13:06:01.579142', 9, 1, 2, 0);
INSERT INTO `blog_post` VALUES (63, '3', '', 0, '2025-06-21 21:06:11.000000', '2025-06-21 13:06:11.220575', 9, 1, 2, 0);
INSERT INTO `blog_post` VALUES (64, '4', '', 0, '2025-06-21 21:25:53.000000', '2025-06-21 13:25:53.183857', 9, 1, 2, 0);
INSERT INTO `blog_post` VALUES (65, '5', '', 0, '2025-06-21 21:26:05.000000', '2025-06-21 13:26:05.023318', 9, 1, 2, 0);
INSERT INTO `blog_post` VALUES (66, '6', '', 0, '2025-06-21 21:26:25.000000', '2025-06-21 13:26:25.714331', 9, 1, 2, 0);
INSERT INTO `blog_post` VALUES (67, '7', '', 0, '2025-06-21 15:26:35.872352', '2025-06-21 15:26:35.872352', 9, 1, 2, 0);
INSERT INTO `blog_post` VALUES (68, '8', '', 0, '2025-06-21 15:36:09.878372', '2025-06-21 15:36:09.878372', 9, 1, 2, 0);
INSERT INTO `blog_post` VALUES (69, '9', '', 0, '2025-06-21 15:38:07.099842', '2025-06-21 15:38:07.099842', 9, 1, 2, 0);
INSERT INTO `blog_post` VALUES (70, '10', '', 0, '2025-06-21 15:39:26.635250', '2025-06-21 15:39:26.635250', 9, 1, 2, 0);
INSERT INTO `blog_post` VALUES (71, '11', '', 0, '2025-06-21 15:41:34.056637', '2025-06-21 15:41:34.056637', 9, 1, 2, 0);
INSERT INTO `blog_post` VALUES (72, '11', '', 0, '2025-06-21 15:46:57.183486', '2025-06-21 15:46:57.183486', 9, 1, 2, 0);
INSERT INTO `blog_post` VALUES (73, '7', '', 0, '2025-06-21 17:07:37.515976', '2025-06-21 17:07:37.515976', 9, 1, 2, 0);
INSERT INTO `blog_post` VALUES (74, '新博客1', '', 0, '2025-06-22 07:02:11.648645', '2025-06-22 07:02:11.648645', 9, 1, 2, 0);
INSERT INTO `blog_post` VALUES (75, '让我们来见证一下是否能够实时更新', '让我们来见证一下是否能够实时更新', 0, '2025-06-22 07:11:59.426096', '2025-06-22 07:11:59.427140', 9, 1, 2, 0);
INSERT INTO `blog_post` VALUES (76, '数据跟新2', '', 0, '2025-06-22 07:15:13.267145', '2025-06-22 07:15:13.267145', 9, 1, 2, 0);
INSERT INTO `blog_post` VALUES (77, '数据更新3', '', 0, '2025-06-22 07:18:40.136408', '2025-06-22 07:18:40.136408', 9, 1, 2, 0);
INSERT INTO `blog_post` VALUES (78, '数据更新4', '', 0, '2025-06-22 07:25:53.279708', '2025-06-22 07:25:53.279708', 9, 1, 2, 0);
INSERT INTO `blog_post` VALUES (79, '数据更新5', '', 0, '2025-06-22 07:28:01.301527', '2025-06-22 07:28:01.301527', 9, 1, 2, 0);
INSERT INTO `blog_post` VALUES (80, '数据更新6', '', 0, '2025-06-22 07:35:30.151994', '2025-06-22 07:35:30.151994', 9, 1, 2, 0);
INSERT INTO `blog_post` VALUES (81, '数据更新7', '', 0, '2025-06-22 07:35:44.331333', '2025-06-22 07:35:44.331333', 9, 1, 2, 0);
INSERT INTO `blog_post` VALUES (82, '这是我连续更新的第一次', '这是我连续更新的第一次', 0, '2025-06-22 07:36:20.616754', '2025-06-22 07:36:20.617273', 9, 1, 2, 0);
INSERT INTO `blog_post` VALUES (83, '只是我连续更新的第二次', '只是我连续更新的第二次', 0, '2025-06-22 07:54:48.831752', '2025-06-22 07:54:48.831752', 9, 1, 2, 0);
INSERT INTO `blog_post` VALUES (84, '只是我连续更新的第二次', '只是我连续更新的第二次', 0, '2025-06-22 07:58:00.064526', '2025-06-22 07:58:00.064526', 9, 1, 2, 0);
INSERT INTO `blog_post` VALUES (85, '这是我的第三次博客更新成功刷新', '这是我的第三次博客更新成功刷新', 0, '2025-06-22 08:03:56.339097', '2025-06-22 08:03:56.339097', 9, 1, 2, 0);
INSERT INTO `blog_post` VALUES (86, '1', '', 0, '2025-06-22 08:05:41.816187', '2025-06-22 08:05:41.816187', 9, 1, 2, 0);
INSERT INTO `blog_post` VALUES (87, '这是我最近的一次', '这是我最近的一次', 0, '2025-06-22 08:19:36.255777', '2025-06-22 08:19:36.255777', 9, 1, 2, 0);
INSERT INTO `blog_post` VALUES (88, '不够过瘾，再来一次', '不够过瘾，再来一次', 0, '2025-06-22 08:19:58.205040', '2025-06-22 08:19:58.205040', 9, 1, 2, 0);
INSERT INTO `blog_post` VALUES (94, '这是11111用户发布的博客', '这是11111用户发布的博客', 0, '2025-06-24 10:22:23.696019', '2025-06-24 10:22:23.696019', 9, 1, 1, 0);
INSERT INTO `blog_post` VALUES (95, '11', '11', 0, '2025-06-24 10:51:56.742680', '2025-06-24 10:51:56.742680', 9, 1, 1, 0);
INSERT INTO `blog_post` VALUES (96, '真的无语了', '真的无语了', 0, '2025-06-24 10:52:27.645318', '2025-06-24 10:52:27.645318', 9, 1, 1, 0);
INSERT INTO `blog_post` VALUES (97, '无语思路', '无语死了', 0, '2025-06-24 10:57:08.629011', '2025-06-24 10:57:08.629011', 9, 1, 1, 0);
INSERT INTO `blog_post` VALUES (98, '无语了', '', 0, '2025-06-24 11:03:26.733502', '2025-06-24 11:03:26.733502', 9, 1, 1, 0);
INSERT INTO `blog_post` VALUES (99, '1', '1', 0, '2025-06-24 11:18:15.445360', '2025-06-24 11:18:15.445360', 9, 1, 1, 0);
INSERT INTO `blog_post` VALUES (100, '2', '', 0, '2025-06-24 11:29:44.226288', '2025-06-24 11:29:44.227289', 9, 1, 1, 0);
INSERT INTO `blog_post` VALUES (101, '3', '', 0, '2025-06-24 11:33:37.978355', '2025-06-24 11:33:37.978355', 9, 1, 1, 0);
INSERT INTO `blog_post` VALUES (102, '4', '', 0, '2025-06-24 11:36:26.599990', '2025-06-24 11:36:26.599990', 9, 1, 1, 0);
INSERT INTO `blog_post` VALUES (103, '4', '', 0, '2025-06-24 11:37:25.408849', '2025-06-24 11:37:25.408849', 9, 1, 1, 0);
INSERT INTO `blog_post` VALUES (104, '5', '', 0, '2025-06-24 11:39:47.337701', '2025-06-24 11:39:47.337701', 9, 1, 1, 0);
INSERT INTO `blog_post` VALUES (105, '6', '', 0, '2025-06-24 11:40:56.032465', '2025-06-24 11:40:56.032465', 9, 1, 1, 0);
INSERT INTO `blog_post` VALUES (106, '7', '', 0, '2025-06-24 11:45:54.217511', '2025-06-24 11:45:54.217511', 9, 1, 1, 0);
INSERT INTO `blog_post` VALUES (107, '8', '', 0, '2025-06-24 11:56:21.931620', '2025-06-24 11:56:21.931620', 9, 1, 1, 0);
INSERT INTO `blog_post` VALUES (108, '9', '', 0, '2025-06-24 12:00:45.760197', '2025-06-24 12:00:45.760197', 9, 1, 1, 0);
INSERT INTO `blog_post` VALUES (114, '这是编程的博客', '这是编程的博客', 0, '2025-06-26 10:44:01.731677', '2025-06-26 10:44:01.731677', 9, 1, 2, 0);
INSERT INTO `blog_post` VALUES (115, '这是运动的博客', '这是运动的博客', 0, '2025-06-26 10:44:14.543735', '2025-06-26 10:44:14.543735', 9, 1, 2, 0);
INSERT INTO `blog_post` VALUES (116, '这是音乐的博客', '这是音乐的博客', 0, '2025-06-26 10:44:28.747628', '2025-06-26 10:44:28.747628', 9, 1, 2, 0);
INSERT INTO `blog_post` VALUES (117, '这是烹饪的博客', '这是烹饪的博客', 0, '2025-06-26 10:44:45.582624', '2025-06-26 10:44:45.582624', 9, 1, 2, 0);
INSERT INTO `blog_post` VALUES (118, '这是摄影的博客', '这是摄影的博客', 0, '2025-06-26 10:44:59.897183', '2025-06-26 10:44:59.897183', 9, 1, 2, 0);
INSERT INTO `blog_post` VALUES (119, '这是电竞的博客', '这是电竞的博客', 0, '2025-06-26 10:45:11.605223', '2025-06-26 10:45:11.605223', 9, 1, 2, 0);
INSERT INTO `blog_post` VALUES (120, '这是摄影的博客2', '', 0, '2025-06-26 10:59:55.719044', '2025-06-26 10:59:55.719044', 9, 1, 2, 0);
INSERT INTO `blog_post` VALUES (121, '这是摄影博客3', '', 0, '2025-06-26 11:05:36.970155', '2025-06-26 11:05:36.970155', 9, 1, 2, 1);
INSERT INTO `blog_post` VALUES (122, '这真的是编程的博客', '这真的是编程的博客', 0, '2025-06-26 11:26:09.606475', '2025-06-26 11:26:09.606475', 9, 1, 2, 0);
INSERT INTO `blog_post` VALUES (123, '这真的是运动的博客', '这真的是运动的博客', 0, '2025-06-26 11:26:27.906714', '2025-06-26 11:26:27.906714', 9, 1, 2, 0);
INSERT INTO `blog_post` VALUES (124, '这真的是音乐的博客', '这真的是音乐的博客', 0, '2025-06-26 11:26:44.373631', '2025-06-26 11:26:44.373631', 9, 1, 2, 1);
INSERT INTO `blog_post` VALUES (125, '这真的是烹饪的博客', '这真的是烹饪的博客', 0, '2025-06-26 11:27:05.215640', '2025-06-26 11:27:05.215640', 9, 1, 2, 1);
INSERT INTO `blog_post` VALUES (126, '这真的是电竞的博客', '这真的是电竞的博客', 0, '2025-06-26 11:27:24.185002', '2025-06-26 11:27:24.185002', 9, 1, 2, 1);
INSERT INTO `blog_post` VALUES (127, '这是编程博客', '这是编程博客', 0, '2025-06-26 11:27:53.048245', '2025-06-26 11:27:53.048245', 9, 1, 1, 0);
INSERT INTO `blog_post` VALUES (128, '这是运动博客', '这是运动博客', 0, '2025-06-26 11:28:09.229372', '2025-06-26 11:28:09.229372', 9, 1, 1, 1);
INSERT INTO `blog_post` VALUES (129, '这是音乐博客', '这是音乐博客', 0, '2025-06-26 11:28:20.883528', '2025-06-26 11:28:20.883528', 9, 1, 1, 1);
INSERT INTO `blog_post` VALUES (130, '2222的九宫格博客', '2222的九宫格博客', 0, '2025-06-28 07:17:48.148324', '2025-06-28 07:17:48.148324', 9, 1, 2, 1);
INSERT INTO `blog_post` VALUES (131, '111', '111', 0, '2025-06-28 07:21:04.193357', '2025-06-28 07:21:04.193357', 9, 1, 2, 0);
INSERT INTO `blog_post` VALUES (132, '1111', '11111', 0, '2025-06-28 07:27:50.980607', '2025-06-28 07:27:50.980607', 9, 1, 2, 0);
INSERT INTO `blog_post` VALUES (133, '2222', '', 0, '2025-06-28 07:34:25.228659', '2025-06-28 07:34:25.228659', 9, 1, 2, 0);
INSERT INTO `blog_post` VALUES (134, '1111', '', 0, '2025-06-29 10:55:48.831387', '2025-06-29 10:55:48.831387', 9, 1, 1, 0);

-- ----------------------------
-- Table structure for blog_post_tags
-- ----------------------------
DROP TABLE IF EXISTS `blog_post_tags`;
CREATE TABLE `blog_post_tags`  (
  `id` bigint NOT NULL AUTO_INCREMENT,
  `blogpost_id` bigint NOT NULL,
  `tag_id` bigint NOT NULL,
  PRIMARY KEY (`id`) USING BTREE,
  UNIQUE INDEX `blog_post_tags_blogpost_id_tag_id_6fb6739a_uniq`(`blogpost_id` ASC, `tag_id` ASC) USING BTREE,
  INDEX `blog_post_tags_tag_id_0875c551_fk_BlogPosts_tag_id`(`tag_id` ASC) USING BTREE,
  CONSTRAINT `blog_post_tags_blogpost_id_828c8b1b_fk_blog_post_id` FOREIGN KEY (`blogpost_id`) REFERENCES `blog_post` (`id`) ON DELETE RESTRICT ON UPDATE RESTRICT,
  CONSTRAINT `blog_post_tags_tag_id_0875c551_fk_BlogPosts_tag_id` FOREIGN KEY (`tag_id`) REFERENCES `blogposts_tag` (`id`) ON DELETE RESTRICT ON UPDATE RESTRICT
) ENGINE = InnoDB AUTO_INCREMENT = 81 CHARACTER SET = utf8mb4 COLLATE = utf8mb4_0900_ai_ci ROW_FORMAT = Dynamic;

-- ----------------------------
-- Records of blog_post_tags
-- ----------------------------
INSERT INTO `blog_post_tags` VALUES (3, 3, 3);
INSERT INTO `blog_post_tags` VALUES (4, 4, 3);
INSERT INTO `blog_post_tags` VALUES (5, 5, 3);
INSERT INTO `blog_post_tags` VALUES (6, 6, 3);
INSERT INTO `blog_post_tags` VALUES (7, 7, 3);
INSERT INTO `blog_post_tags` VALUES (8, 8, 3);
INSERT INTO `blog_post_tags` VALUES (9, 9, 3);
INSERT INTO `blog_post_tags` VALUES (10, 10, 3);
INSERT INTO `blog_post_tags` VALUES (11, 11, 4);
INSERT INTO `blog_post_tags` VALUES (12, 12, 3);
INSERT INTO `blog_post_tags` VALUES (13, 13, 3);
INSERT INTO `blog_post_tags` VALUES (14, 14, 3);
INSERT INTO `blog_post_tags` VALUES (15, 15, 3);
INSERT INTO `blog_post_tags` VALUES (16, 16, 3);
INSERT INTO `blog_post_tags` VALUES (17, 17, 3);
INSERT INTO `blog_post_tags` VALUES (18, 18, 3);
INSERT INTO `blog_post_tags` VALUES (19, 19, 3);
INSERT INTO `blog_post_tags` VALUES (20, 20, 3);
INSERT INTO `blog_post_tags` VALUES (21, 21, 3);
INSERT INTO `blog_post_tags` VALUES (22, 22, 3);
INSERT INTO `blog_post_tags` VALUES (23, 23, 3);
INSERT INTO `blog_post_tags` VALUES (24, 24, 3);
INSERT INTO `blog_post_tags` VALUES (25, 25, 3);
INSERT INTO `blog_post_tags` VALUES (26, 26, 3);
INSERT INTO `blog_post_tags` VALUES (27, 27, 3);
INSERT INTO `blog_post_tags` VALUES (28, 28, 3);
INSERT INTO `blog_post_tags` VALUES (29, 29, 3);
INSERT INTO `blog_post_tags` VALUES (30, 30, 3);
INSERT INTO `blog_post_tags` VALUES (31, 31, 3);
INSERT INTO `blog_post_tags` VALUES (32, 32, 3);
INSERT INTO `blog_post_tags` VALUES (33, 33, 3);
INSERT INTO `blog_post_tags` VALUES (34, 34, 3);
INSERT INTO `blog_post_tags` VALUES (35, 35, 3);
INSERT INTO `blog_post_tags` VALUES (36, 36, 3);
INSERT INTO `blog_post_tags` VALUES (37, 37, 3);
INSERT INTO `blog_post_tags` VALUES (38, 38, 3);
INSERT INTO `blog_post_tags` VALUES (39, 39, 3);
INSERT INTO `blog_post_tags` VALUES (40, 40, 3);
INSERT INTO `blog_post_tags` VALUES (41, 41, 3);
INSERT INTO `blog_post_tags` VALUES (42, 42, 3);
INSERT INTO `blog_post_tags` VALUES (43, 43, 3);
INSERT INTO `blog_post_tags` VALUES (44, 44, 3);
INSERT INTO `blog_post_tags` VALUES (45, 45, 3);
INSERT INTO `blog_post_tags` VALUES (46, 46, 3);
INSERT INTO `blog_post_tags` VALUES (47, 47, 3);
INSERT INTO `blog_post_tags` VALUES (48, 48, 3);
INSERT INTO `blog_post_tags` VALUES (49, 49, 3);
INSERT INTO `blog_post_tags` VALUES (50, 50, 3);
INSERT INTO `blog_post_tags` VALUES (51, 51, 3);
INSERT INTO `blog_post_tags` VALUES (52, 52, 3);
INSERT INTO `blog_post_tags` VALUES (53, 53, 3);
INSERT INTO `blog_post_tags` VALUES (54, 54, 3);
INSERT INTO `blog_post_tags` VALUES (55, 55, 3);
INSERT INTO `blog_post_tags` VALUES (56, 56, 3);
INSERT INTO `blog_post_tags` VALUES (57, 57, 3);
INSERT INTO `blog_post_tags` VALUES (58, 58, 3);
INSERT INTO `blog_post_tags` VALUES (59, 59, 3);
INSERT INTO `blog_post_tags` VALUES (60, 60, 3);
INSERT INTO `blog_post_tags` VALUES (61, 61, 3);
INSERT INTO `blog_post_tags` VALUES (62, 62, 3);
INSERT INTO `blog_post_tags` VALUES (63, 63, 3);
INSERT INTO `blog_post_tags` VALUES (64, 64, 3);
INSERT INTO `blog_post_tags` VALUES (65, 65, 3);
INSERT INTO `blog_post_tags` VALUES (66, 66, 3);
INSERT INTO `blog_post_tags` VALUES (67, 121, 5);
INSERT INTO `blog_post_tags` VALUES (68, 122, 3);
INSERT INTO `blog_post_tags` VALUES (69, 123, 4);
INSERT INTO `blog_post_tags` VALUES (70, 124, 6);
INSERT INTO `blog_post_tags` VALUES (71, 125, 7);
INSERT INTO `blog_post_tags` VALUES (72, 126, 8);
INSERT INTO `blog_post_tags` VALUES (73, 127, 3);
INSERT INTO `blog_post_tags` VALUES (74, 128, 4);
INSERT INTO `blog_post_tags` VALUES (75, 129, 6);
INSERT INTO `blog_post_tags` VALUES (76, 130, 3);
INSERT INTO `blog_post_tags` VALUES (77, 131, 3);
INSERT INTO `blog_post_tags` VALUES (78, 132, 3);
INSERT INTO `blog_post_tags` VALUES (79, 133, 3);
INSERT INTO `blog_post_tags` VALUES (80, 134, 3);

-- ----------------------------
-- Table structure for blogposts_tag
-- ----------------------------
DROP TABLE IF EXISTS `blogposts_tag`;
CREATE TABLE `blogposts_tag`  (
  `id` bigint NOT NULL AUTO_INCREMENT,
  `name` varchar(50) CHARACTER SET utf8mb4 COLLATE utf8mb4_0900_ai_ci NOT NULL,
  PRIMARY KEY (`id`) USING BTREE,
  UNIQUE INDEX `name`(`name` ASC) USING BTREE
) ENGINE = InnoDB AUTO_INCREMENT = 9 CHARACTER SET = utf8mb4 COLLATE = utf8mb4_0900_ai_ci ROW_FORMAT = Dynamic;

-- ----------------------------
-- Records of blogposts_tag
-- ----------------------------
INSERT INTO `blogposts_tag` VALUES (7, 'cooking');
INSERT INTO `blogposts_tag` VALUES (8, 'gaming');
INSERT INTO `blogposts_tag` VALUES (6, 'music');
INSERT INTO `blogposts_tag` VALUES (5, 'photography');
INSERT INTO `blogposts_tag` VALUES (3, 'programming');
INSERT INTO `blogposts_tag` VALUES (4, 'sports');

-- ----------------------------
-- Table structure for django_content_type
-- ----------------------------
DROP TABLE IF EXISTS `django_content_type`;
CREATE TABLE `django_content_type`  (
  `id` int NOT NULL AUTO_INCREMENT,
  `app_label` varchar(100) CHARACTER SET utf8mb4 COLLATE utf8mb4_0900_ai_ci NOT NULL,
  `model` varchar(100) CHARACTER SET utf8mb4 COLLATE utf8mb4_0900_ai_ci NOT NULL,
  PRIMARY KEY (`id`) USING BTREE,
  UNIQUE INDEX `django_content_type_app_label_model_76bd3d3b_uniq`(`app_label` ASC, `model` ASC) USING BTREE
) ENGINE = InnoDB AUTO_INCREMENT = 19 CHARACTER SET = utf8mb4 COLLATE = utf8mb4_0900_ai_ci ROW_FORMAT = Dynamic;

-- ----------------------------
-- Records of django_content_type
-- ----------------------------
INSERT INTO `django_content_type` VALUES (14, 'applications', 'exchangerequest');
INSERT INTO `django_content_type` VALUES (2, 'auth', 'group');
INSERT INTO `django_content_type` VALUES (1, 'auth', 'permission');
INSERT INTO `django_content_type` VALUES (3, 'auth', 'user');
INSERT INTO `django_content_type` VALUES (8, 'authtoken', 'token');
INSERT INTO `django_content_type` VALUES (9, 'authtoken', 'tokenproxy');
INSERT INTO `django_content_type` VALUES (12, 'BlogPosts', 'blogmedia');
INSERT INTO `django_content_type` VALUES (11, 'BlogPosts', 'blogpost');
INSERT INTO `django_content_type` VALUES (18, 'BlogPosts', 'bookmark');
INSERT INTO `django_content_type` VALUES (13, 'BlogPosts', 'comment');
INSERT INTO `django_content_type` VALUES (17, 'BlogPosts', 'like');
INSERT INTO `django_content_type` VALUES (10, 'BlogPosts', 'tag');
INSERT INTO `django_content_type` VALUES (4, 'contenttypes', 'contenttype');
INSERT INTO `django_content_type` VALUES (6, 'login', 'user');
INSERT INTO `django_content_type` VALUES (7, 'login', 'userprofile');
INSERT INTO `django_content_type` VALUES (5, 'sessions', 'session');
INSERT INTO `django_content_type` VALUES (15, 'token_blacklist', 'blacklistedtoken');
INSERT INTO `django_content_type` VALUES (16, 'token_blacklist', 'outstandingtoken');

-- ----------------------------
-- Table structure for django_migrations
-- ----------------------------
DROP TABLE IF EXISTS `django_migrations`;
CREATE TABLE `django_migrations`  (
  `id` bigint NOT NULL AUTO_INCREMENT,
  `app` varchar(255) CHARACTER SET utf8mb4 COLLATE utf8mb4_0900_ai_ci NOT NULL,
  `name` varchar(255) CHARACTER SET utf8mb4 COLLATE utf8mb4_0900_ai_ci NOT NULL,
  `applied` datetime(6) NOT NULL,
  PRIMARY KEY (`id`) USING BTREE
) ENGINE = InnoDB AUTO_INCREMENT = 45 CHARACTER SET = utf8mb4 COLLATE = utf8mb4_0900_ai_ci ROW_FORMAT = Dynamic;

-- ----------------------------
-- Records of django_migrations
-- ----------------------------
INSERT INTO `django_migrations` VALUES (1, 'contenttypes', '0001_initial', '2025-06-16 13:01:54.635365');
INSERT INTO `django_migrations` VALUES (2, 'contenttypes', '0002_remove_content_type_name', '2025-06-16 13:01:54.743263');
INSERT INTO `django_migrations` VALUES (3, 'auth', '0001_initial', '2025-06-16 13:01:55.640847');
INSERT INTO `django_migrations` VALUES (4, 'auth', '0002_alter_permission_name_max_length', '2025-06-16 13:01:55.720382');
INSERT INTO `django_migrations` VALUES (5, 'auth', '0003_alter_user_email_max_length', '2025-06-16 13:01:55.743511');
INSERT INTO `django_migrations` VALUES (6, 'auth', '0004_alter_user_username_opts', '2025-06-16 13:01:55.752529');
INSERT INTO `django_migrations` VALUES (7, 'auth', '0005_alter_user_last_login_null', '2025-06-16 13:01:55.819919');
INSERT INTO `django_migrations` VALUES (8, 'auth', '0006_require_contenttypes_0002', '2025-06-16 13:01:55.823836');
INSERT INTO `django_migrations` VALUES (9, 'auth', '0007_alter_validators_add_error_messages', '2025-06-16 13:01:55.833108');
INSERT INTO `django_migrations` VALUES (10, 'auth', '0008_alter_user_username_max_length', '2025-06-16 13:01:55.911531');
INSERT INTO `django_migrations` VALUES (11, 'auth', '0009_alter_user_last_name_max_length', '2025-06-16 13:01:55.986062');
INSERT INTO `django_migrations` VALUES (12, 'auth', '0010_alter_group_name_max_length', '2025-06-16 13:01:56.012233');
INSERT INTO `django_migrations` VALUES (13, 'auth', '0011_update_proxy_permissions', '2025-06-16 13:01:56.022662');
INSERT INTO `django_migrations` VALUES (14, 'auth', '0012_alter_user_first_name_max_length', '2025-06-16 13:01:56.095230');
INSERT INTO `django_migrations` VALUES (15, 'authtoken', '0001_initial', '2025-06-16 13:01:56.201905');
INSERT INTO `django_migrations` VALUES (16, 'authtoken', '0002_auto_20160226_1747', '2025-06-16 13:01:56.227339');
INSERT INTO `django_migrations` VALUES (17, 'authtoken', '0003_tokenproxy', '2025-06-16 13:01:56.233526');
INSERT INTO `django_migrations` VALUES (18, 'authtoken', '0004_alter_tokenproxy_options', '2025-06-16 13:01:56.240236');
INSERT INTO `django_migrations` VALUES (19, 'login', '0001_initial', '2025-06-16 13:01:56.719691');
INSERT INTO `django_migrations` VALUES (20, 'sessions', '0001_initial', '2025-06-16 13:01:56.756498');
INSERT INTO `django_migrations` VALUES (21, 'login', '0002_user_phone_user_phone_prefix', '2025-06-16 13:22:52.403243');
INSERT INTO `django_migrations` VALUES (22, 'login', '0003_alter_user_id', '2025-06-16 14:47:00.962425');
INSERT INTO `django_migrations` VALUES (23, 'BlogPosts', '0001_initial', '2025-06-18 09:55:04.119812');
INSERT INTO `django_migrations` VALUES (24, 'applications', '0001_initial', '2025-06-23 07:24:21.751753');
INSERT INTO `django_migrations` VALUES (25, 'login', '0004_alter_user_options', '2025-06-23 07:24:21.766250');
INSERT INTO `django_migrations` VALUES (26, 'applications', '0002_exchangerequest_accepted_by_and_more', '2025-06-24 03:53:06.433625');
INSERT INTO `django_migrations` VALUES (27, 'token_blacklist', '0001_initial', '2025-06-25 05:45:33.651279');
INSERT INTO `django_migrations` VALUES (28, 'token_blacklist', '0002_outstandingtoken_jti_hex', '2025-06-25 05:45:33.733939');
INSERT INTO `django_migrations` VALUES (29, 'token_blacklist', '0003_auto_20171017_2007', '2025-06-25 05:45:33.754893');
INSERT INTO `django_migrations` VALUES (30, 'token_blacklist', '0004_auto_20171017_2013', '2025-06-25 05:45:33.846875');
INSERT INTO `django_migrations` VALUES (31, 'token_blacklist', '0005_remove_outstandingtoken_jti', '2025-06-25 05:45:33.923196');
INSERT INTO `django_migrations` VALUES (32, 'token_blacklist', '0006_auto_20171017_2113', '2025-06-25 05:45:33.957738');
INSERT INTO `django_migrations` VALUES (33, 'token_blacklist', '0007_auto_20171017_2214', '2025-06-25 05:45:34.279853');
INSERT INTO `django_migrations` VALUES (34, 'token_blacklist', '0008_migrate_to_bigautofield', '2025-06-25 05:45:34.576068');
INSERT INTO `django_migrations` VALUES (35, 'token_blacklist', '0010_fix_migrate_to_bigautofield', '2025-06-25 05:45:34.641956');
INSERT INTO `django_migrations` VALUES (36, 'token_blacklist', '0011_linearizes_history', '2025-06-25 05:45:34.645960');
INSERT INTO `django_migrations` VALUES (37, 'token_blacklist', '0012_alter_outstandingtoken_user', '2025-06-25 05:45:34.664620');
INSERT INTO `django_migrations` VALUES (38, 'applications', '0003_alter_exchangerequest_apl_status', '2025-06-25 07:00:41.277106');
INSERT INTO `django_migrations` VALUES (39, 'applications', '0004_alter_exchangerequest_apl_status', '2025-06-25 11:06:21.331595');
INSERT INTO `django_migrations` VALUES (40, 'BlogPosts', '0002_like', '2025-06-27 11:01:18.791284');
INSERT INTO `django_migrations` VALUES (41, 'applications', '0005_alter_exchangerequest_apl_status', '2025-06-27 11:01:18.807785');
INSERT INTO `django_migrations` VALUES (42, 'BlogPosts', '0003_remove_blogpost_likes_blogpost_likes_count', '2025-06-27 12:10:34.017304');
INSERT INTO `django_migrations` VALUES (43, 'BlogPosts', '0004_bookmark', '2025-06-28 05:06:33.962663');
INSERT INTO `django_migrations` VALUES (44, 'login', '0005_userprofile_bio', '2025-06-28 13:24:22.821339');

-- ----------------------------
-- Table structure for django_session
-- ----------------------------
DROP TABLE IF EXISTS `django_session`;
CREATE TABLE `django_session`  (
  `session_key` varchar(40) CHARACTER SET utf8mb4 COLLATE utf8mb4_0900_ai_ci NOT NULL,
  `session_data` longtext CHARACTER SET utf8mb4 COLLATE utf8mb4_0900_ai_ci NOT NULL,
  `expire_date` datetime(6) NOT NULL,
  PRIMARY KEY (`session_key`) USING BTREE,
  INDEX `django_session_expire_date_a5c62663`(`expire_date` ASC) USING BTREE
) ENGINE = InnoDB CHARACTER SET = utf8mb4 COLLATE = utf8mb4_0900_ai_ci ROW_FORMAT = Dynamic;

-- ----------------------------
-- Records of django_session
-- ----------------------------
INSERT INTO `django_session` VALUES ('066cwpqqfyspowyyydh2dwov32zg75l1', '.eJxVjMEOwiAQRP-FsyGwC7T16L3fQIBdpGpoUtqT8d9tkx40c5v3Zt7Ch20tfmu8-InEVYC4_HYxpCfXA9Aj1Pss01zXZYryUORJmxxn4tftdP8OSmhlX8cuo4OoMjkmDcbq3HMPAKZjQ4OOCrXak6xzg7KE2SIDc9IYAFUWny_Oazcm:1uUgYm:t-p2nw4mrbTfKux-2nluwQt2-zg9VP69jC6_yKi6IDg', '2025-07-10 06:58:12.191182');
INSERT INTO `django_session` VALUES ('09lfrawcv0y6t2crmqyyndmxj5wrid7q', '.eJxVjMEOwiAQRP-FsyGwC7T16L3fQIBdpGpoUtqT8d9tkx40c5v3Zt7Ch20tfmu8-InEVYC4_HYxpCfXA9Aj1Pss01zXZYryUORJmxxn4tftdP8OSmhlX8cuo4OoMjkmDcbq3HMPAKZjQ4OOCrXak6xzg7KE2SIDc9IYAFUWny_Oazcm:1uUkmK:rEs5DQIqtc2E0Nz66DuT7zRLw9we3PktVbhHXcLe-xQ', '2025-07-10 11:28:28.388506');
INSERT INTO `django_session` VALUES ('0eyp4j0j435wm7uoceqthfn60szo14fl', '.eJxVjEEOwiAQRe_C2hCYUqZ16d4zNMMMSNVAUtqV8e7apAvd_vfef6mJtjVPW4vLNIs6K6tOv1sgfsSyA7lTuVXNtazLHPSu6IM2fa0Sn5fD_TvI1PK3JuKUvCTqoyFgDi50iCkYlCGaATyNLM4jEDvX8cjWWwCggL43iKLeHyBPOII:1uUINj:NS6GMRd1YCaiJLhraOtWsmaEomLtCuGTyodNe7IhMjw', '2025-07-09 05:09:11.626635');
INSERT INTO `django_session` VALUES ('0iy6zh3n02x2zshgdykv6tyaaywtwveb', '.eJxVjEEOwiAQRe_C2hCYUqZ16d4zNMMMSNVAUtqV8e7apAvd_vfef6mJtjVPW4vLNIs6K6tOv1sgfsSyA7lTuVXNtazLHPSu6IM2fa0Sn5fD_TvI1PK3JuKUvCTqoyFgDi50iCkYlCGaATyNLM4jEDvX8cjWWwCggL43iKLeHyBPOII:1uVA34:q1Gt1offmncApKI1A4KcbclKZ7alJ1ddXB7BlLJLRys', '2025-07-11 14:27:26.224723');
INSERT INTO `django_session` VALUES ('0lqp3c4qivmxzx1zf5ngcycx2w6il29s', '.eJxVjEEOwiAQRe_C2hCYUqZ16d4zNMMMSNVAUtqV8e7apAvd_vfef6mJtjVPW4vLNIs6K6tOv1sgfsSyA7lTuVXNtazLHPSu6IM2fa0Sn5fD_TvI1PK3JuKUvCTqoyFgDi50iCkYlCGaATyNLM4jEDvX8cjWWwCggL43iKLeHyBPOII:1uTxtb:sTzVXzxezzj8Ftib1D2uanh6lMotZQTEicClyVzA9rA', '2025-07-08 07:16:43.989423');
INSERT INTO `django_session` VALUES ('0puxhg3bbglb6ph1pfzaczgpyihtoixs', '.eJxVjMEOwiAQRP-FsyGwC7T16L3fQIBdpGpoUtqT8d9tkx40c5v3Zt7Ch20tfmu8-InEVYC4_HYxpCfXA9Aj1Pss01zXZYryUORJmxxn4tftdP8OSmhlX8cuo4OoMjkmDcbq3HMPAKZjQ4OOCrXak6xzg7KE2SIDc9IYAFUWny_Oazcm:1uSe0g:RRtLsZQqAAyjxzeDB-KtdQj0OHevH3rP-v1WMcfLaLw', '2025-07-04 15:50:34.174437');
INSERT INTO `django_session` VALUES ('10dn511wllm60epu03yucocclchvo9uj', '.eJxVjMEOwiAQRP-FsyGwC7T16L3fQIBdpGpoUtqT8d9tkx40c5v3Zt7Ch20tfmu8-InEVYC4_HYxpCfXA9Aj1Pss01zXZYryUORJmxxn4tftdP8OSmhlX8cuo4OoMjkmDcbq3HMPAKZjQ4OOCrXak6xzg7KE2SIDc9IYAFUWny_Oazcm:1uTI5R:hK1pSTttgP3D_qk3Ja0DOsRp8zHfOWdcWVTIYc-ZFrk', '2025-07-06 10:38:09.687140');
INSERT INTO `django_session` VALUES ('10t7ymavfce3sr0oobn573z2ii07byvl', '.eJxVjMEOwiAQRP-FsyGwC7T16L3fQIBdpGpoUtqT8d9tkx40c5v3Zt7Ch20tfmu8-InEVYC4_HYxpCfXA9Aj1Pss01zXZYryUORJmxxn4tftdP8OSmhlX8cuo4OoMjkmDcbq3HMPAKZjQ4OOCrXak6xzg7KE2SIDc9IYAFUWny_Oazcm:1uU0O0:AyFDU7ci46hYeMd_M_WYaBa-hhY913D2O438urRTnJE', '2025-07-08 09:56:16.961183');
INSERT INTO `django_session` VALUES ('19oxu06qfp4v1d2u7lmirvumxorl4d0u', '.eJxVjMEOwiAQRP-FsyGwC7T16L3fQIBdpGpoUtqT8d9tkx40c5v3Zt7Ch20tfmu8-InEVYC4_HYxpCfXA9Aj1Pss01zXZYryUORJmxxn4tftdP8OSmhlX8cuo4OoMjkmDcbq3HMPAKZjQ4OOCrXak6xzg7KE2SIDc9IYAFUWny_Oazcm:1uTysc:6gJ0AMlks__VqyANi0M44Z8sKJIjJwlyhIuOgDhEmJA', '2025-07-08 08:19:46.129245');
INSERT INTO `django_session` VALUES ('1nekntfwhbb8cpj60y3ukoqix2lmbxpq', '.eJxVjMEOwiAQRP-FsyGwC7T16L3fQIBdpGpoUtqT8d9tkx40c5v3Zt7Ch20tfmu8-InEVYC4_HYxpCfXA9Aj1Pss01zXZYryUORJmxxn4tftdP8OSmhlX8cuo4OoMjkmDcbq3HMPAKZjQ4OOCrXak6xzg7KE2SIDc9IYAFUWny_Oazcm:1uSVNw:CDAVF4AH3U6TVwmI60RUz2gkaO0ujBwIa5cIVt2TeAU', '2025-07-04 06:38:00.292938');
INSERT INTO `django_session` VALUES ('1ulb6iy2pqfe1qwzudkinj9av299y2p3', '.eJxVjMsOgjAQRf-la9MUWobRpXu-gcyrghpIKKyM_64kLHR7zzn35Xra1qHfii39qO7ianf63ZjkYdMO9E7TbfYyT-syst8Vf9Diu1nteT3cv4OByvCtowlqJklGbRYGS7HSsxqEBghDrNjQcsXYYBLIhNgGYK05J0GI5t4fG-85Ag:1uVo7H:NIxu5AZ-38gxl2E3y8kCqIrLrLVqnay8tVc1SGOkdgk', '2025-07-13 09:14:27.733364');
INSERT INTO `django_session` VALUES ('1wzq7rbwoluz61bdz5w5ns1we1ybt0yj', '.eJxVjEEOwiAQRe_C2hCYUqZ16d4zNMMMSNVAUtqV8e7apAvd_vfef6mJtjVPW4vLNIs6K6tOv1sgfsSyA7lTuVXNtazLHPSu6IM2fa0Sn5fD_TvI1PK3JuKUvCTqoyFgDi50iCkYlCGaATyNLM4jEDvX8cjWWwCggL43iKLeHyBPOII:1uVnkm:verq274iMyancgHY8l2nkdGE33Cxd3QyezaWjLnDApc', '2025-07-13 08:51:12.836891');
INSERT INTO `django_session` VALUES ('1zwoo7va5a6kwdir7hc64gtlo5p23b9o', '.eJxVjMEOwiAQRP-FsyGwC7T16L3fQIBdpGpoUtqT8d9tkx40c5v3Zt7Ch20tfmu8-InEVYC4_HYxpCfXA9Aj1Pss01zXZYryUORJmxxn4tftdP8OSmhlX8cuo4OoMjkmDcbq3HMPAKZjQ4OOCrXak6xzg7KE2SIDc9IYAFUWny_Oazcm:1uThL0:H1AhZcDG-RD4TE-NPOMfrYhp4pNYMxu8DC0lFyfRHUA', '2025-07-07 13:35:54.476127');
INSERT INTO `django_session` VALUES ('28ecccbe4dm3l688nhx1jrzk7ce5yq0w', '.eJxVjMEOwiAQRP-FsyGwC7T16L3fQIBdpGpoUtqT8d9tkx40c5v3Zt7Ch20tfmu8-InEVYC4_HYxpCfXA9Aj1Pss01zXZYryUORJmxxn4tftdP8OSmhlX8cuo4OoMjkmDcbq3HMPAKZjQ4OOCrXak6xzg7KE2SIDc9IYAFUWny_Oazcm:1uTvUL:7ZsiDqegbqb3uAywgUYvUGbYyFPRPanrfE4FT7noz14', '2025-07-08 04:42:29.006255');
INSERT INTO `django_session` VALUES ('28ht2pqxhoix1ixyekwwwyzf3nhj7tx6', '.eJxVjMEOwiAQRP-FsyGwC7T16L3fQIBdpGpoUtqT8d9tkx40c5v3Zt7Ch20tfmu8-InEVYC4_HYxpCfXA9Aj1Pss01zXZYryUORJmxxn4tftdP8OSmhlX8cuo4OoMjkmDcbq3HMPAKZjQ4OOCrXak6xzg7KE2SIDc9IYAFUWny_Oazcm:1uTEw6:rMAGFs3vcL7jNG81VaxK9y2NMQemujWSTL_kc_AVoGw', '2025-07-06 07:16:18.610190');
INSERT INTO `django_session` VALUES ('2beftmqqkc4u8iv3g4b8wajiivihcgu8', '.eJxVjMEOwiAQRP-FsyGwC7T16L3fQIBdpGpoUtqT8d9tkx40c5v3Zt7Ch20tfmu8-InEVYC4_HYxpCfXA9Aj1Pss01zXZYryUORJmxxn4tftdP8OSmhlX8cuo4OoMjkmDcbq3HMPAKZjQ4OOCrXak6xzg7KE2SIDc9IYAFUWny_Oazcm:1uV9kf:1kWLo_QSPv_rrt4_dYuQHFCiiPBbO_405Ttm7EqQxbM', '2025-07-11 14:08:25.981993');
INSERT INTO `django_session` VALUES ('2ihgrvmhpbocgadabygr6r3wz359o6tn', '.eJxVjMsOgjAQRf-la9MUWobRpXu-gcyrghpIKKyM_64kLHR7zzn35Xra1qHfii39qO7ianf63ZjkYdMO9E7TbfYyT-syst8Vf9Diu1nteT3cv4OByvCtowlqJklGbRYGS7HSsxqEBghDrNjQcsXYYBLIhNgGYK05J0GI5t4fG-85Ag:1uVViN:f1MGNVc2dCZD2hwQ7JOav5mj1dTwOmI8XXf6wpGgrdA', '2025-07-12 13:35:31.356051');
INSERT INTO `django_session` VALUES ('2iuboz8zv5x6wtmb6fpr5awsdegldffj', '.eJxVjMEOwiAQRP-FsyGwC7T16L3fQIBdpGpoUtqT8d9tkx40c5v3Zt7Ch20tfmu8-InEVYC4_HYxpCfXA9Aj1Pss01zXZYryUORJmxxn4tftdP8OSmhlX8cuo4OoMjkmDcbq3HMPAKZjQ4OOCrXak6xzg7KE2SIDc9IYAFUWny_Oazcm:1uSWaU:FWX3n8iWUVNYAuORq4FZ13HvJ3PXEsnoeheAvtSIOyI', '2025-07-04 07:55:02.074050');
INSERT INTO `django_session` VALUES ('2jeesr5dzazs824bmvtw3rp0awi71dx7', '.eJxVjMEOwiAQRP-FsyGwC7T16L3fQIBdpGpoUtqT8d9tkx40c5v3Zt7Ch20tfmu8-InEVYC4_HYxpCfXA9Aj1Pss01zXZYryUORJmxxn4tftdP8OSmhlX8cuo4OoMjkmDcbq3HMPAKZjQ4OOCrXak6xzg7KE2SIDc9IYAFUWny_Oazcm:1uSSAu:nC82yGvN-n847gTL8E6luLWmhy1AFslyXWDMkr_6H-w', '2025-07-04 03:12:20.795752');
INSERT INTO `django_session` VALUES ('2tvlmp2oi36pvgtra3ww8pnzajl7xwyz', '.eJxVjMsOgjAQRf-la9MUWobRpXu-gcyrghpIKKyM_64kLHR7zzn35Xra1qHfii39qO7ianf63ZjkYdMO9E7TbfYyT-syst8Vf9Diu1nteT3cv4OByvCtowlqJklGbRYGS7HSsxqEBghDrNjQcsXYYBLIhNgGYK05J0GI5t4fG-85Ag:1uVmgU:YXO1pBtZ193viSKeC9N99Y7KwFGGx8lSFtM4AqgI7Ts', '2025-07-13 07:42:42.725968');
INSERT INTO `django_session` VALUES ('2z3z15quqso1au2nf070xg1xbxs9qvha', '.eJxVjMEOwiAQRP-FsyGwC7T16L3fQIBdpGpoUtqT8d9tkx40c5v3Zt7Ch20tfmu8-InEVYC4_HYxpCfXA9Aj1Pss01zXZYryUORJmxxn4tftdP8OSmhlX8cuo4OoMjkmDcbq3HMPAKZjQ4OOCrXak6xzg7KE2SIDc9IYAFUWny_Oazcm:1uSCe7:oxtxCr280vJaVzFbggCEE0VJjnOhcIxy4_cQ25-KUVM', '2025-07-03 10:37:27.861862');
INSERT INTO `django_session` VALUES ('315nfqmf84gnzng5gn475ipcwtk006ov', '.eJxVjEEOwiAQRe_C2hCYUqZ16d4zNMMMSNVAUtqV8e7apAvd_vfef6mJtjVPW4vLNIs6K6tOv1sgfsSyA7lTuVXNtazLHPSu6IM2fa0Sn5fD_TvI1PK3JuKUvCTqoyFgDi50iCkYlCGaATyNLM4jEDvX8cjWWwCggL43iKLeHyBPOII:1uU1jR:zchCzVevqDadsVQ2lZY33nC63VXpXrBZw9KwMZq0HtY', '2025-07-08 11:22:29.647848');
INSERT INTO `django_session` VALUES ('33mqsud6flni2qura29uo1zzh4n4s2e7', '.eJxVjMEOwiAQRP-FsyGwC7T16L3fQIBdpGpoUtqT8d9tkx40c5v3Zt7Ch20tfmu8-InEVYC4_HYxpCfXA9Aj1Pss01zXZYryUORJmxxn4tftdP8OSmhlX8cuo4OoMjkmDcbq3HMPAKZjQ4OOCrXak6xzg7KE2SIDc9IYAFUWny_Oazcm:1uUhWt:cIRnOi9uxVLZydOTOVBSeaSJwK0fwf9ND96_lnSS5X4', '2025-07-10 08:00:19.674211');
INSERT INTO `django_session` VALUES ('3538aqvnsr5q4d1nuh20hntnb15y8ltl', '.eJxVjMEOwiAQRP-FsyGwC7T16L3fQIBdpGpoUtqT8d9tkx40c5v3Zt7Ch20tfmu8-InEVYC4_HYxpCfXA9Aj1Pss01zXZYryUORJmxxn4tftdP8OSmhlX8cuo4OoMjkmDcbq3HMPAKZjQ4OOCrXak6xzg7KE2SIDc9IYAFUWny_Oazcm:1uU0N1:AiqQ-8moxGKWD7GHNbJKSS5dkh5szbYtBgezgqwgtes', '2025-07-08 09:55:15.629921');
INSERT INTO `django_session` VALUES ('37dhl67j2c4hb551pyvf2gtmp0nnaovz', '.eJxVjMEOwiAQRP-FsyGwC7T16L3fQIBdpGpoUtqT8d9tkx40c5v3Zt7Ch20tfmu8-InEVYC4_HYxpCfXA9Aj1Pss01zXZYryUORJmxxn4tftdP8OSmhlX8cuo4OoMjkmDcbq3HMPAKZjQ4OOCrXak6xzg7KE2SIDc9IYAFUWny_Oazcm:1uUNXt:DtNuO8rLXYzEFEhDNtMrEy79J4afYPC6jExAKsFJyB0', '2025-07-09 10:40:01.308232');
INSERT INTO `django_session` VALUES ('3g7rjaq5c00ckwwxrytd6mk6s2cz56zr', '.eJxVjMEOwiAQRP-FsyGwC7T16L3fQIBdpGpoUtqT8d9tkx40c5v3Zt7Ch20tfmu8-InEVYC4_HYxpCfXA9Aj1Pss01zXZYryUORJmxxn4tftdP8OSmhlX8cuo4OoMjkmDcbq3HMPAKZjQ4OOCrXak6xzg7KE2SIDc9IYAFUWny_Oazcm:1uSFS7:n5yEQTB-Q6H5xbWoqiQm1B0mquMm2xrGgE7EmKtmL3g', '2025-07-03 13:37:15.268886');
INSERT INTO `django_session` VALUES ('3nwqce2o81pc6qi9jwt6nifmt53twpwz', '.eJxVjMEOwiAQRP-FsyGwC7T16L3fQIBdpGpoUtqT8d9tkx40c5v3Zt7Ch20tfmu8-InEVYC4_HYxpCfXA9Aj1Pss01zXZYryUORJmxxn4tftdP8OSmhlX8cuo4OoMjkmDcbq3HMPAKZjQ4OOCrXak6xzg7KE2SIDc9IYAFUWny_Oazcm:1uVSHT:9c927a06A4AVq03-5GgtkhXWpWqHfwnUakF1l67ETqo', '2025-07-12 09:55:31.360150');
INSERT INTO `django_session` VALUES ('3urgpm1rpins7enw27sem4baadgv35wd', '.eJxVjMEOwiAQRP-FsyGwC7T16L3fQIBdpGpoUtqT8d9tkx40c5v3Zt7Ch20tfmu8-InEVYC4_HYxpCfXA9Aj1Pss01zXZYryUORJmxxn4tftdP8OSmhlX8cuo4OoMjkmDcbq3HMPAKZjQ4OOCrXak6xzg7KE2SIDc9IYAFUWny_Oazcm:1uSVkq:vWYphSUVmyK2n68I-tCqyZVOATLgODhUHivCZwF5phM', '2025-07-04 07:01:40.731556');
INSERT INTO `django_session` VALUES ('44y77dt68gt3iv15b101t1i2t04sus2w', '.eJxVjEEOwiAQRe_C2hCYUqZ16d4zNMMMSNVAUtqV8e7apAvd_vfef6mJtjVPW4vLNIs6K6tOv1sgfsSyA7lTuVXNtazLHPSu6IM2fa0Sn5fD_TvI1PK3JuKUvCTqoyFgDi50iCkYlCGaATyNLM4jEDvX8cjWWwCggL43iKLeHyBPOII:1uV9so:Jd8FPEg_9XXu7PXjW6Y3MQV6cibi3nDdURZnMeTXRkY', '2025-07-11 14:16:50.636375');
INSERT INTO `django_session` VALUES ('4e0x1l4n8p6yopclftgts4riaqt3byor', '.eJxVjMEOwiAQRP-FsyGwC7T16L3fQIBdpGpoUtqT8d9tkx40c5v3Zt7Ch20tfmu8-InEVYC4_HYxpCfXA9Aj1Pss01zXZYryUORJmxxn4tftdP8OSmhlX8cuo4OoMjkmDcbq3HMPAKZjQ4OOCrXak6xzg7KE2SIDc9IYAFUWny_Oazcm:1uRqyz:5JrCemCooF6Hvo16OF1eKyBttE5aLsQayZ7iji1xglo', '2025-07-02 11:29:33.527678');
INSERT INTO `django_session` VALUES ('4ktmf2shk2bguz8fr7ossk0q2q1rwnd6', '.eJxVjMEOwiAQRP-FsyGwC7T16L3fQIBdpGpoUtqT8d9tkx40c5v3Zt7Ch20tfmu8-InEVYC4_HYxpCfXA9Aj1Pss01zXZYryUORJmxxn4tftdP8OSmhlX8cuo4OoMjkmDcbq3HMPAKZjQ4OOCrXak6xzg7KE2SIDc9IYAFUWny_Oazcm:1uVPny:5L7YWCIw0dC8Y-BNxBS3hNXFQrEEwdv8WEBC4WffLr4', '2025-07-12 07:16:54.811591');
INSERT INTO `django_session` VALUES ('4oiie2trv1l9yhqj13p2muolxub9721g', 'e30:1uSVdB:zwco3YUKsPvtuiY455VyzijPLLi_SnXjc1ZAql5dWMA', '2025-07-04 06:53:45.421094');
INSERT INTO `django_session` VALUES ('4skrx7wt35wed3rlev19il8f3vs27hde', '.eJxVjMEOwiAQRP-FsyGwC7T16L3fQIBdpGpoUtqT8d9tkx40c5v3Zt7Ch20tfmu8-InEVYC4_HYxpCfXA9Aj1Pss01zXZYryUORJmxxn4tftdP8OSmhlX8cuo4OoMjkmDcbq3HMPAKZjQ4OOCrXak6xzg7KE2SIDc9IYAFUWny_Oazcm:1uTIAt:F5ZLai09AyMbTaXUZ5Z6t79om28E_XqietkwesaQyHA', '2025-07-06 10:43:47.286694');
INSERT INTO `django_session` VALUES ('4wh0tkz1shwyhe5jb24mwmibcnqhjpof', '.eJxVjMEOwiAQRP-FsyGwC7T16L3fQIBdpGpoUtqT8d9tkx40c5v3Zt7Ch20tfmu8-InEVYC4_HYxpCfXA9Aj1Pss01zXZYryUORJmxxn4tftdP8OSmhlX8cuo4OoMjkmDcbq3HMPAKZjQ4OOCrXak6xzg7KE2SIDc9IYAFUWny_Oazcm:1uSVfH:r5g-6-FLv6OJWiZdR-RMy1IiHbAVPE7NNK-pK3HGNmE', '2025-07-04 06:55:55.707082');
INSERT INTO `django_session` VALUES ('4wq06hac95i54t8u1crmstpf8oo2jh28', '.eJxVjMEOwiAQRP-FsyGwC7T16L3fQIBdpGpoUtqT8d9tkx40c5v3Zt7Ch20tfmu8-InEVYC4_HYxpCfXA9Aj1Pss01zXZYryUORJmxxn4tftdP8OSmhlX8cuo4OoMjkmDcbq3HMPAKZjQ4OOCrXak6xzg7KE2SIDc9IYAFUWny_Oazcm:1uTtUO:8TlPcWDbzTAEIcUb9hP9gMOpZB6BRjH560S2boqJ1XI', '2025-07-08 02:34:24.077458');
INSERT INTO `django_session` VALUES ('4xoy79ddd49coc3h1nv2agj4vr28rvdf', '.eJxVjMEOwiAQRP-FsyGwC7T16L3fQIBdpGpoUtqT8d9tkx40c5v3Zt7Ch20tfmu8-InEVYC4_HYxpCfXA9Aj1Pss01zXZYryUORJmxxn4tftdP8OSmhlX8cuo4OoMjkmDcbq3HMPAKZjQ4OOCrXak6xzg7KE2SIDc9IYAFUWny_Oazcm:1uT1Xi:bpLXjxusiFsYCnaumHNCXDY4uT02WzKE3y-cdDve9Xc', '2025-07-05 16:58:14.831520');
INSERT INTO `django_session` VALUES ('57zq200iwrox84thoen3p9vqpss9b84k', '.eJxVjMEOwiAQRP-FsyGwC7T16L3fQIBdpGpoUtqT8d9tkx40c5v3Zt7Ch20tfmu8-InEVYC4_HYxpCfXA9Aj1Pss01zXZYryUORJmxxn4tftdP8OSmhlX8cuo4OoMjkmDcbq3HMPAKZjQ4OOCrXak6xzg7KE2SIDc9IYAFUWny_Oazcm:1uVPyJ:gmxkIR6vm3NxjIuC5hDEUFvTbn8N_0o3-IwJepy57CY', '2025-07-12 07:27:35.580031');
INSERT INTO `django_session` VALUES ('5oxm9i03xpapchrmyzj5ew985y1gutb2', '.eJxVjMEOwiAQRP-FsyGwC7T16L3fQIBdpGpoUtqT8d9tkx40c5v3Zt7Ch20tfmu8-InEVYC4_HYxpCfXA9Aj1Pss01zXZYryUORJmxxn4tftdP8OSmhlX8cuo4OoMjkmDcbq3HMPAKZjQ4OOCrXak6xzg7KE2SIDc9IYAFUWny_Oazcm:1uSXB5:UBXi7VRc_Jms7B1y4YZpYIAk2GIJXg6ISeQeFEcUYcc', '2025-07-04 08:32:51.383016');
INSERT INTO `django_session` VALUES ('5qqoj6q10116rs0iqw3r2tjxj2ob3eje', '.eJxVjMEOwiAQRP-FsyGwC7T16L3fQIBdpGpoUtqT8d9tkx40c5v3Zt7Ch20tfmu8-InEVYC4_HYxpCfXA9Aj1Pss01zXZYryUORJmxxn4tftdP8OSmhlX8cuo4OoMjkmDcbq3HMPAKZjQ4OOCrXak6xzg7KE2SIDc9IYAFUWny_Oazcm:1uVT5d:RKaWIi6Okss1iSCxjeS-aFZ9FD0RjKFwTkDcgR--Ukg', '2025-07-12 10:47:21.047516');
INSERT INTO `django_session` VALUES ('5yk1h0dkxoxrr9y8dgje4ts7alljlh3b', '.eJxVjMEOwiAQRP-FsyGwC7T16L3fQIBdpGpoUtqT8d9tkx40c5v3Zt7Ch20tfmu8-InEVYC4_HYxpCfXA9Aj1Pss01zXZYryUORJmxxn4tftdP8OSmhlX8cuo4OoMjkmDcbq3HMPAKZjQ4OOCrXak6xzg7KE2SIDc9IYAFUWny_Oazcm:1uVSRc:-E9Lmd3me2ocl4JOQ1SHLKrumxad0djiPQp4Dvyma8o', '2025-07-12 10:06:00.710603');
INSERT INTO `django_session` VALUES ('6c1s4bkjz898y609q3qp2olz4vjxmv1l', '.eJxVjMEOwiAQRP-FsyGwC7T16L3fQIBdpGpoUtqT8d9tkx40c5v3Zt7Ch20tfmu8-InEVYC4_HYxpCfXA9Aj1Pss01zXZYryUORJmxxn4tftdP8OSmhlX8cuo4OoMjkmDcbq3HMPAKZjQ4OOCrXak6xzg7KE2SIDc9IYAFUWny_Oazcm:1uULqd:WvVQSNvaLU4bUaYOmOOZr_7SSQGsxyXRL5KT4nNNRu4', '2025-07-09 08:51:15.484362');
INSERT INTO `django_session` VALUES ('6g5nujfsbqngug4pyc3c0u41d8ujzpsp', '.eJxVjMEOwiAQRP-FsyGwC7T16L3fQIBdpGpoUtqT8d9tkx40c5v3Zt7Ch20tfmu8-InEVYC4_HYxpCfXA9Aj1Pss01zXZYryUORJmxxn4tftdP8OSmhlX8cuo4OoMjkmDcbq3HMPAKZjQ4OOCrXak6xzg7KE2SIDc9IYAFUWny_Oazcm:1uUfKw:QDuZ4PU_hkcD4b_WIeFCoZHv1daoMp0JK0oueQF14Kg', '2025-07-10 05:39:50.200244');
INSERT INTO `django_session` VALUES ('6pa9h5nh26hfc59j23wwbbh3q4rndgiu', '.eJxVjMsOgjAQRf-la9MUWobRpXu-gcyrghpIKKyM_64kLHR7zzn35Xra1qHfii39qO7ianf63ZjkYdMO9E7TbfYyT-syst8Vf9Diu1nteT3cv4OByvCtowlqJklGbRYGS7HSsxqEBghDrNjQcsXYYBLIhNgGYK05J0GI5t4fG-85Ag:1uVVko:YLpKf6CtzG1vI7A-OleapJ1J2yb41L7Jqob97Enokkc', '2025-07-12 13:38:02.915739');
INSERT INTO `django_session` VALUES ('6s4ul9fo7t6l2kw7urdjuky1h00hoyfz', '.eJxVjMEOwiAQRP-FsyGwC7T16L3fQIBdpGpoUtqT8d9tkx40c5v3Zt7Ch20tfmu8-InEVYC4_HYxpCfXA9Aj1Pss01zXZYryUORJmxxn4tftdP8OSmhlX8cuo4OoMjkmDcbq3HMPAKZjQ4OOCrXak6xzg7KE2SIDc9IYAFUWny_Oazcm:1uT0eZ:6zxCIXwKD-X4isspASHWJ9yR9v8eZlE_6SzFzFPBhrM', '2025-07-05 16:01:15.977051');
INSERT INTO `django_session` VALUES ('6tkeulesdam35azia2fglyv7u7zvj2zd', '.eJxVjMEOwiAQRP-FsyGwC7T16L3fQIBdpGpoUtqT8d9tkx40c5v3Zt7Ch20tfmu8-InEVYC4_HYxpCfXA9Aj1Pss01zXZYryUORJmxxn4tftdP8OSmhlX8cuo4OoMjkmDcbq3HMPAKZjQ4OOCrXak6xzg7KE2SIDc9IYAFUWny_Oazcm:1uSdUK:ia-eqdlJ_uTgfLu6wGUQl2_Kf9uLWD8u11xBCAAzFM4', '2025-07-04 15:17:08.761360');
INSERT INTO `django_session` VALUES ('6vc8viof49j9n312q9rd12fa3hinc48z', '.eJxVjMEOwiAQRP-FsyGwC7T16L3fQIBdpGpoUtqT8d9tkx40c5v3Zt7Ch20tfmu8-InEVYC4_HYxpCfXA9Aj1Pss01zXZYryUORJmxxn4tftdP8OSmhlX8cuo4OoMjkmDcbq3HMPAKZjQ4OOCrXak6xzg7KE2SIDc9IYAFUWny_Oazcm:1uVQ4m:vJ4hlrPr9iWcc-9l_Gb1eESpDB9MpHo6VipsAQku6is', '2025-07-12 07:34:16.473771');
INSERT INTO `django_session` VALUES ('72k96okqt7mlybm66wus9dizq9avvaap', '.eJxVjMEOwiAQRP-FsyGwC7T16L3fQIBdpGpoUtqT8d9tkx40c5v3Zt7Ch20tfmu8-InEVYC4_HYxpCfXA9Aj1Pss01zXZYryUORJmxxn4tftdP8OSmhlX8cuo4OoMjkmDcbq3HMPAKZjQ4OOCrXak6xzg7KE2SIDc9IYAFUWny_Oazcm:1uTzpE:lALdS1acCjG8aOb3Z_44kDa8QXvOVOJH73EzJzSWyn0', '2025-07-08 09:20:20.572721');
INSERT INTO `django_session` VALUES ('7nosl2f0f2268jzey7i0xtcyig91p6xr', '.eJxVjEEOwiAQRe_C2hCYUqZ16d4zNMMMSNVAUtqV8e7apAvd_vfef6mJtjVPW4vLNIs6K6tOv1sgfsSyA7lTuVXNtazLHPSu6IM2fa0Sn5fD_TvI1PK3JuKUvCTqoyFgDi50iCkYlCGaATyNLM4jEDvX8cjWWwCggL43iKLeHyBPOII:1uU1zz:nDI2XBxUL0p3xo-TZcYHK84IHk791g7E8PWqkHZQm_Q', '2025-07-08 11:39:35.724709');
INSERT INTO `django_session` VALUES ('7r9jfimsw51btfnpaon989occtu99yzu', '.eJxVjEEOwiAQRe_C2hCYUqZ16d4zNMMMSNVAUtqV8e7apAvd_vfef6mJtjVPW4vLNIs6K6tOv1sgfsSyA7lTuVXNtazLHPSu6IM2fa0Sn5fD_TvI1PK3JuKUvCTqoyFgDi50iCkYlCGaATyNLM4jEDvX8cjWWwCggL43iKLeHyBPOII:1uU0yK:u8cwoyZ-Ak2akRH1DbEs3ycAMSYL_958QCfY_MiTMZM', '2025-07-08 10:33:48.518379');
INSERT INTO `django_session` VALUES ('7vor0wg50f1z9ashr2eztnj17kmf92p4', '.eJxVjMEOwiAQRP-FsyGwC7T16L3fQIBdpGpoUtqT8d9tkx40c5v3Zt7Ch20tfmu8-InEVYC4_HYxpCfXA9Aj1Pss01zXZYryUORJmxxn4tftdP8OSmhlX8cuo4OoMjkmDcbq3HMPAKZjQ4OOCrXak6xzg7KE2SIDc9IYAFUWny_Oazcm:1uVAYG:nC3gWjaL7w7KiV_wPyNqsksk8s8Fg926mnihOPm4GBU', '2025-07-11 14:59:40.460805');
INSERT INTO `django_session` VALUES ('7xx2ly7p3rev8g8ritlm41bx9m8suxs1', '.eJxVjEEOwiAQRe_C2hCYUqZ16d4zNMMMSNVAUtqV8e7apAvd_vfef6mJtjVPW4vLNIs6K6tOv1sgfsSyA7lTuVXNtazLHPSu6IM2fa0Sn5fD_TvI1PK3JuKUvCTqoyFgDi50iCkYlCGaATyNLM4jEDvX8cjWWwCggL43iKLeHyBPOII:1uULJd:maSbMrherZqlhhYQ2mJtZaEDz4T4nuBFGQVRRb0BZnQ', '2025-07-09 08:17:09.392896');
INSERT INTO `django_session` VALUES ('88p1box3jq1l9kfc746u0dpwgytltmka', '.eJxVjMEOwiAQRP-FsyGwC7T16L3fQIBdpGpoUtqT8d9tkx40c5v3Zt7Ch20tfmu8-InEVYC4_HYxpCfXA9Aj1Pss01zXZYryUORJmxxn4tftdP8OSmhlX8cuo4OoMjkmDcbq3HMPAKZjQ4OOCrXak6xzg7KE2SIDc9IYAFUWny_Oazcm:1uThLJ:E09eTkK40Ks2O5JMszM4Hvp8K4itWsK3TCd5nSROcgg', '2025-07-07 13:36:13.862392');
INSERT INTO `django_session` VALUES ('8mtzjju5magc6p4igk8gdv8gxestyt9n', '.eJxVjMEOwiAQRP-FsyGwC7T16L3fQIBdpGpoUtqT8d9tkx40c5v3Zt7Ch20tfmu8-InEVYC4_HYxpCfXA9Aj1Pss01zXZYryUORJmxxn4tftdP8OSmhlX8cuo4OoMjkmDcbq3HMPAKZjQ4OOCrXak6xzg7KE2SIDc9IYAFUWny_Oazcm:1uTHkQ:FqyZLE1cC3-1qL2ChxU-0dRM5Sd7FHoL5Q4ThAMbJhg', '2025-07-06 10:16:26.110301');
INSERT INTO `django_session` VALUES ('8vb1ohkzzeepl4sp9np9f6iq5e55je31', '.eJxVjMsOgjAQRf-la9MUWobRpXu-gcyrghpIKKyM_64kLHR7zzn35Xra1qHfii39qO7ianf63ZjkYdMO9E7TbfYyT-syst8Vf9Diu1nteT3cv4OByvCtowlqJklGbRYGS7HSsxqEBghDrNjQcsXYYBLIhNgGYK05J0GI5t4fG-85Ag:1uVVIn:Ugpyz2EuQr29Or6_85k9WFWdfAylAFFrBlPFw27M3CY', '2025-07-12 13:09:05.661842');
INSERT INTO `django_session` VALUES ('8vpyrocbix3c7oeriffl1jhuhdxcsfwv', '.eJxVjMsOgjAQRf-la9MUWobRpXu-gcyrghpIKKyM_64kLHR7zzn35Xra1qHfii39qO7ianf63ZjkYdMO9E7TbfYyT-syst8Vf9Diu1nteT3cv4OByvCtowlqJklGbRYGS7HSsxqEBghDrNjQcsXYYBLIhNgGYK05J0GI5t4fG-85Ag:1uVnp3:glOqYsTi8T6vHsAw-XEvhC5nl_x7-hGc7kZwFw3Qmkc', '2025-07-13 08:55:37.507360');
INSERT INTO `django_session` VALUES ('8xmaidwmxr79b33capddb4qbk24gb6j1', '.eJxVjMEOwiAQRP-FsyGwC7T16L3fQIBdpGpoUtqT8d9tkx40c5v3Zt7Ch20tfmu8-InEVYC4_HYxpCfXA9Aj1Pss01zXZYryUORJmxxn4tftdP8OSmhlX8cuo4OoMjkmDcbq3HMPAKZjQ4OOCrXak6xzg7KE2SIDc9IYAFUWny_Oazcm:1uVQPq:uZDgWRC3semlEQUyY8rDww9cwUNAWOGzVZFA_uoFxGA', '2025-07-12 07:56:02.428662');
INSERT INTO `django_session` VALUES ('8xsc64ow1lmo66ebvnnxlhrxazfhpjwl', '.eJxVjMEOwiAQRP-FsyGwC7T16L3fQIBdpGpoUtqT8d9tkx40c5v3Zt7Ch20tfmu8-InEVYC4_HYxpCfXA9Aj1Pss01zXZYryUORJmxxn4tftdP8OSmhlX8cuo4OoMjkmDcbq3HMPAKZjQ4OOCrXak6xzg7KE2SIDc9IYAFUWny_Oazcm:1uTyhs:BERB3Y_S01FhgrfI9GgaKLTHy78i6rSj8wCxSRnVgLM', '2025-07-08 08:08:40.865418');
INSERT INTO `django_session` VALUES ('8zx8w93ypz79jcogaqxis16wzrnu5yxr', '.eJxVjMEOwiAQRP-FsyGwC7T16L3fQIBdpGpoUtqT8d9tkx40c5v3Zt7Ch20tfmu8-InEVYC4_HYxpCfXA9Aj1Pss01zXZYryUORJmxxn4tftdP8OSmhlX8cuo4OoMjkmDcbq3HMPAKZjQ4OOCrXak6xzg7KE2SIDc9IYAFUWny_Oazcm:1uU0hP:WbVK48_EJo5qL15i_wwCyWwraSD4uKGoSCnTm4lMiow', '2025-07-08 10:16:19.175045');
INSERT INTO `django_session` VALUES ('91b9w6jbajr38fa85uki21jskgwqoc3b', '.eJxVjMEOwiAQRP-FsyGwC7T16L3fQIBdpGpoUtqT8d9tkx40c5v3Zt7Ch20tfmu8-InEVYC4_HYxpCfXA9Aj1Pss01zXZYryUORJmxxn4tftdP8OSmhlX8cuo4OoMjkmDcbq3HMPAKZjQ4OOCrXak6xzg7KE2SIDc9IYAFUWny_Oazcm:1uT0vD:ZFwidii3e-AQg83wOJ2XC8ogjEe7u-myTdC-H5OGXZo', '2025-07-05 16:18:27.812802');
INSERT INTO `django_session` VALUES ('99ydmrl1qxag3vwc7netqumzqgj2syrg', '.eJxVjMEOwiAQRP-FsyGwC7T16L3fQIBdpGpoUtqT8d9tkx40c5v3Zt7Ch20tfmu8-InEVYC4_HYxpCfXA9Aj1Pss01zXZYryUORJmxxn4tftdP8OSmhlX8cuo4OoMjkmDcbq3HMPAKZjQ4OOCrXak6xzg7KE2SIDc9IYAFUWny_Oazcm:1uSbqv:GkUW68ReW7MrOXHSwfM0KFmgkmkIdEwezvsJvikjaZg', '2025-07-04 13:32:21.530447');
INSERT INTO `django_session` VALUES ('9dj2buhg4fnkfl6l9j7ly96x4iuppzmu', '.eJxVjMEOwiAQRP-FsyGwC7T16L3fQIBdpGpoUtqT8d9tkx40c5v3Zt7Ch20tfmu8-InEVYC4_HYxpCfXA9Aj1Pss01zXZYryUORJmxxn4tftdP8OSmhlX8cuo4OoMjkmDcbq3HMPAKZjQ4OOCrXak6xzg7KE2SIDc9IYAFUWny_Oazcm:1uTyGp:NWxHWvwVoGbzp4wVFPloPDOsAnCiUDv0yNefx5vSGzA', '2025-07-08 07:40:43.680254');
INSERT INTO `django_session` VALUES ('9f8whqftwl8936nn0vb0obpoo1cuswzt', '.eJxVjEEOwiAQRe_C2hCYUqZ16d4zNMMMSNVAUtqV8e7apAvd_vfef6mJtjVPW4vLNIs6K6tOv1sgfsSyA7lTuVXNtazLHPSu6IM2fa0Sn5fD_TvI1PK3JuKUvCTqoyFgDi50iCkYlCGaATyNLM4jEDvX8cjWWwCggL43iKLeHyBPOII:1uU1ey:lsOu0yzm-hro6hKPkBGnfnUeYr5FXPEUzbQT92Cgxso', '2025-07-08 11:17:52.573012');
INSERT INTO `django_session` VALUES ('9kocb0g421931xithn2w4qwoqzrhq4zi', '.eJxVjMEOwiAQRP-FsyGwC7T16L3fQIBdpGpoUtqT8d9tkx40c5v3Zt7Ch20tfmu8-InEVYC4_HYxpCfXA9Aj1Pss01zXZYryUORJmxxn4tftdP8OSmhlX8cuo4OoMjkmDcbq3HMPAKZjQ4OOCrXak6xzg7KE2SIDc9IYAFUWny_Oazcm:1uSVgu:-et5Rb1FCTT7dSJpeC6nolGrhiE1y8zIS9Jfh1zBPlc', '2025-07-04 06:57:36.117646');
INSERT INTO `django_session` VALUES ('9mvags39e4t6rh7vahi0fconrhgbyxm9', '.eJxVjMEOwiAQRP-FsyGwC7T16L3fQIBdpGpoUtqT8d9tkx40c5v3Zt7Ch20tfmu8-InEVYC4_HYxpCfXA9Aj1Pss01zXZYryUORJmxxn4tftdP8OSmhlX8cuo4OoMjkmDcbq3HMPAKZjQ4OOCrXak6xzg7KE2SIDc9IYAFUWny_Oazcm:1uTi2Y:7YFaNpRHkhyE_r-c0dXgZwofwM9renMi-OiRO2SVuJI', '2025-07-07 14:20:54.537741');
INSERT INTO `django_session` VALUES ('9r47d6vk2nradmiklphgrkvivwt0jwbm', '.eJxVjMEOwiAQRP-FsyGwC7T16L3fQIBdpGpoUtqT8d9tkx40c5v3Zt7Ch20tfmu8-InEVYC4_HYxpCfXA9Aj1Pss01zXZYryUORJmxxn4tftdP8OSmhlX8cuo4OoMjkmDcbq3HMPAKZjQ4OOCrXak6xzg7KE2SIDc9IYAFUWny_Oazcm:1uSVe7:hysAQh-WWNywGrr0t3tb2tm8hF-Ri3YcywamZbgxw74', '2025-07-04 06:54:43.414644');
INSERT INTO `django_session` VALUES ('9taz3tzv7f2q46r8cqaqlbxqjikskkus', '.eJxVjMEOwiAQRP-FsyGwC7T16L3fQIBdpGpoUtqT8d9tkx40c5v3Zt7Ch20tfmu8-InEVYC4_HYxpCfXA9Aj1Pss01zXZYryUORJmxxn4tftdP8OSmhlX8cuo4OoMjkmDcbq3HMPAKZjQ4OOCrXak6xzg7KE2SIDc9IYAFUWny_Oazcm:1uSdYg:H4jTnwxL-C9lmcmY-B7r2sjW4UvPHNL9Xyc_6vRKUhM', '2025-07-04 15:21:38.359972');
INSERT INTO `django_session` VALUES ('a1t10cagjlampor6sbodqkbdh6s6g5ip', '.eJxVjEEOwiAQRe_C2hCYUqZ16d4zNMMMSNVAUtqV8e7apAvd_vfef6mJtjVPW4vLNIs6K6tOv1sgfsSyA7lTuVXNtazLHPSu6IM2fa0Sn5fD_TvI1PK3JuKUvCTqoyFgDi50iCkYlCGaATyNLM4jEDvX8cjWWwCggL43iKLeHyBPOII:1uULAF:tl60xTqawSIOJ289r2SSetE2Zgup_loNQ9sjB2JPJq4', '2025-07-09 08:07:27.318754');
INSERT INTO `django_session` VALUES ('a2ydv0v9w2jecz2joxyoa0nih5eu6fca', '.eJxVjMEOwiAQRP-FsyGwC7T16L3fQIBdpGpoUtqT8d9tkx40c5v3Zt7Ch20tfmu8-InEVYC4_HYxpCfXA9Aj1Pss01zXZYryUORJmxxn4tftdP8OSmhlX8cuo4OoMjkmDcbq3HMPAKZjQ4OOCrXak6xzg7KE2SIDc9IYAFUWny_Oazcm:1uUMYr:EpOHG6o9k9XzVMvnaZoNvSeBMnwaVIMAfsqgaijw7Mo', '2025-07-09 09:36:57.885352');
INSERT INTO `django_session` VALUES ('a3rd43y5g631zj6gm1og6i6khiajjccn', '.eJxVjMEOwiAQRP-FsyGwC7T16L3fQIBdpGpoUtqT8d9tkx40c5v3Zt7Ch20tfmu8-InEVYC4_HYxpCfXA9Aj1Pss01zXZYryUORJmxxn4tftdP8OSmhlX8cuo4OoMjkmDcbq3HMPAKZjQ4OOCrXak6xzg7KE2SIDc9IYAFUWny_Oazcm:1uU0jD:XFvsfGXDfDxr4QZu2pSId-uGfg37YS9H0aY1Jo3B23A', '2025-07-08 10:18:11.482175');
INSERT INTO `django_session` VALUES ('ab6ns51qr5dwrne7xutzcnptatp2zcfa', '.eJxVjMEOwiAQRP-FsyGwC7T16L3fQIBdpGpoUtqT8d9tkx40c5v3Zt7Ch20tfmu8-InEVYC4_HYxpCfXA9Aj1Pss01zXZYryUORJmxxn4tftdP8OSmhlX8cuo4OoMjkmDcbq3HMPAKZjQ4OOCrXak6xzg7KE2SIDc9IYAFUWny_Oazcm:1uV8CN:3DX01G2zAKNqEOOQItRJAonqikr61yPk1DIMm3ILW4M', '2025-07-11 12:28:55.719946');
INSERT INTO `django_session` VALUES ('ag1tzwj1lkxvh5b445u9devh5fx2tylk', '.eJxVjMEOwiAQRP-FsyGwC7T16L3fQIBdpGpoUtqT8d9tkx40c5v3Zt7Ch20tfmu8-InEVYC4_HYxpCfXA9Aj1Pss01zXZYryUORJmxxn4tftdP8OSmhlX8cuo4OoMjkmDcbq3HMPAKZjQ4OOCrXak6xzg7KE2SIDc9IYAFUWny_Oazcm:1uSbn4:PUtqB3ZcCaUkdIwFHB95mLy8QvYikdDXJj6TmVTwAsE', '2025-07-04 13:28:22.985046');
INSERT INTO `django_session` VALUES ('aknzuecxtag3if09ge1cr8xjn52ninep', '.eJxVjEEOwiAQRe_C2hCYUqZ16d4zNMMMSNVAUtqV8e7apAvd_vfef6mJtjVPW4vLNIs6K6tOv1sgfsSyA7lTuVXNtazLHPSu6IM2fa0Sn5fD_TvI1PK3JuKUvCTqoyFgDi50iCkYlCGaATyNLM4jEDvX8cjWWwCggL43iKLeHyBPOII:1uUIza:cAWEwDP_MD96mRApPSoVsxzfXITMnCDrnFtuHy2dIM8', '2025-07-09 05:48:18.446479');
INSERT INTO `django_session` VALUES ('am5heamj7br2uzqvnipitibxz4svdm2r', '.eJxVjMEOwiAQRP-FsyGwC7T16L3fQIBdpGpoUtqT8d9tkx40c5v3Zt7Ch20tfmu8-InEVYC4_HYxpCfXA9Aj1Pss01zXZYryUORJmxxn4tftdP8OSmhlX8cuo4OoMjkmDcbq3HMPAKZjQ4OOCrXak6xzg7KE2SIDc9IYAFUWny_Oazcm:1uSy4K:w8AFfg0-pSYR5-Si-WnHVUT7Lt9Wa8QmKWwctRPR2yw', '2025-07-05 13:15:40.026659');
INSERT INTO `django_session` VALUES ('arba1ex3mcfzruhzn0zduhtnzzht0fzw', '.eJxVjMEOwiAQRP-FsyGwC7T16L3fQIBdpGpoUtqT8d9tkx40c5v3Zt7Ch20tfmu8-InEVYC4_HYxpCfXA9Aj1Pss01zXZYryUORJmxxn4tftdP8OSmhlX8cuo4OoMjkmDcbq3HMPAKZjQ4OOCrXak6xzg7KE2SIDc9IYAFUWny_Oazcm:1uSab9:SlkR3D3_jf6olOqRCUigRA674EGQ4VfWUXubjmVlNAg', '2025-07-04 12:11:59.825195');
INSERT INTO `django_session` VALUES ('azlz5ryl27p6zxky6seo3vpunur3vk3w', '.eJxVjEEOwiAQRe_C2hCYUqZ16d4zNMMMSNVAUtqV8e7apAvd_vfef6mJtjVPW4vLNIs6K6tOv1sgfsSyA7lTuVXNtazLHPSu6IM2fa0Sn5fD_TvI1PK3JuKUvCTqoyFgDi50iCkYlCGaATyNLM4jEDvX8cjWWwCggL43iKLeHyBPOII:1uV8oE:MeXgUNRiQOWHngvpF5YyAUVjhLAhDM9rK4cTabuSXQQ', '2025-07-11 13:08:02.715942');
INSERT INTO `django_session` VALUES ('b0gsakr5dz3yhu1hcx1s1dk4tp3xzq8p', '.eJxVjEEOwiAQRe_C2hCYUqZ16d4zNMMMSNVAUtqV8e7apAvd_vfef6mJtjVPW4vLNIs6K6tOv1sgfsSyA7lTuVXNtazLHPSu6IM2fa0Sn5fD_TvI1PK3JuKUvCTqoyFgDi50iCkYlCGaATyNLM4jEDvX8cjWWwCggL43iKLeHyBPOII:1uU1h7:Yak24VA9IJdDoX348eKUxLK4CCY12crBM0IJTN8rNzE', '2025-07-08 11:20:05.320459');
INSERT INTO `django_session` VALUES ('b4mfayrryl7dnqioqznm62hq4slz89t6', '.eJxVjMEOwiAQRP-FsyGwC7T16L3fQIBdpGpoUtqT8d9tkx40c5v3Zt7Ch20tfmu8-InEVYC4_HYxpCfXA9Aj1Pss01zXZYryUORJmxxn4tftdP8OSmhlX8cuo4OoMjkmDcbq3HMPAKZjQ4OOCrXak6xzg7KE2SIDc9IYAFUWny_Oazcm:1uSeUW:ZGJHs4v3iyjaVFp-aeZL_mbf5AOlKf7_-vgeOkMKPSE', '2025-07-04 16:21:24.144839');
INSERT INTO `django_session` VALUES ('b6g4y01ojibgod1c1l107xsh3nulyepk', '.eJxVjMEOwiAQRP-FsyGwC7T16L3fQIBdpGpoUtqT8d9tkx40c5v3Zt7Ch20tfmu8-InEVYC4_HYxpCfXA9Aj1Pss01zXZYryUORJmxxn4tftdP8OSmhlX8cuo4OoMjkmDcbq3HMPAKZjQ4OOCrXak6xzg7KE2SIDc9IYAFUWny_Oazcm:1uTFR2:SQIHPeV84XeydQPDRRs-nwU2ybmecsj5xkNVsjALQ1w', '2025-07-06 07:48:16.841226');
INSERT INTO `django_session` VALUES ('b6i2vvdc6e77juxmsaetijn4e29cokto', '.eJxVjMEOwiAQRP-FsyGwC7T16L3fQIBdpGpoUtqT8d9tkx40c5v3Zt7Ch20tfmu8-InEVYC4_HYxpCfXA9Aj1Pss01zXZYryUORJmxxn4tftdP8OSmhlX8cuo4OoMjkmDcbq3HMPAKZjQ4OOCrXak6xzg7KE2SIDc9IYAFUWny_Oazcm:1uTFhb:QMPP_0c929j3hYVrwn-AgjAyZRA4iYDuy6nza1GMyiM', '2025-07-06 08:05:23.353511');
INSERT INTO `django_session` VALUES ('b6itfpmg4ityy836yxe6oy7by2g2q0nr', '.eJxVjEEOwiAQRe_C2hCYUqZ16d4zNMMMSNVAUtqV8e7apAvd_vfef6mJtjVPW4vLNIs6K6tOv1sgfsSyA7lTuVXNtazLHPSu6IM2fa0Sn5fD_TvI1PK3JuKUvCTqoyFgDi50iCkYlCGaATyNLM4jEDvX8cjWWwCggL43iKLeHyBPOII:1uV83b:wh0ZyDL_C6a3HjqNIEPGR74n6Gcps_tJ1-tUkjR-mPg', '2025-07-11 12:19:51.161158');
INSERT INTO `django_session` VALUES ('b9ffm3c0e041bl7v86w78i31v6nagh4p', '.eJxVjMsOgjAQRf-la9MUWobRpXu-gcyrghpIKKyM_64kLHR7zzn35Xra1qHfii39qO7ianf63ZjkYdMO9E7TbfYyT-syst8Vf9Diu1nteT3cv4OByvCtowlqJklGbRYGS7HSsxqEBghDrNjQcsXYYBLIhNgGYK05J0GI5t4fG-85Ag:1uVmhS:exmQjvslumkZYFfP47WUEkRijz-bP-_EVVRwW_8dmns', '2025-07-13 07:43:42.540617');
INSERT INTO `django_session` VALUES ('bak0utc73j0dquvgs54t7vmdrps5h3m4', '.eJxVjEEOwiAQRe_C2hCYUqZ16d4zNMMMSNVAUtqV8e7apAvd_vfef6mJtjVPW4vLNIs6K6tOv1sgfsSyA7lTuVXNtazLHPSu6IM2fa0Sn5fD_TvI1PK3JuKUvCTqoyFgDi50iCkYlCGaATyNLM4jEDvX8cjWWwCggL43iKLeHyBPOII:1uUNd8:o20z9UiCmiU_Jrod-zCfHNhpNHXGLsV2sayq1u9SJN4', '2025-07-09 10:45:26.875618');
INSERT INTO `django_session` VALUES ('bdo5hlsgduedmcmrezz3ooil0gsoefhq', '.eJxVjMEOwiAQRP-FsyGwC7T16L3fQIBdpGpoUtqT8d9tkx40c5v3Zt7Ch20tfmu8-InEVYC4_HYxpCfXA9Aj1Pss01zXZYryUORJmxxn4tftdP8OSmhlX8cuo4OoMjkmDcbq3HMPAKZjQ4OOCrXak6xzg7KE2SIDc9IYAFUWny_Oazcm:1uU1zK:p2PLPB9dD39wrLHBopw5lFKK2Ulh4kAaYgyLf-eJHiU', '2025-07-08 11:38:54.057112');
INSERT INTO `django_session` VALUES ('bmtnfdz2trrfogp85vi3ajz28wwdgnzz', '.eJxVjMEOwiAQRP-FsyGwC7T16L3fQIBdpGpoUtqT8d9tkx40c5v3Zt7Ch20tfmu8-InEVYC4_HYxpCfXA9Aj1Pss01zXZYryUORJmxxn4tftdP8OSmhlX8cuo4OoMjkmDcbq3HMPAKZjQ4OOCrXak6xzg7KE2SIDc9IYAFUWny_Oazcm:1uSxMF:WlZizWEwQJ-ptvO1TBED8oy-MZPlWIdcnZqWS8ylrKI', '2025-07-05 12:30:07.566898');
INSERT INTO `django_session` VALUES ('bsefjd9f1exmpzyiwjodb9ta678hn9dx', '.eJxVjEEOwiAQRe_C2hCYUqZ16d4zNMMMSNVAUtqV8e7apAvd_vfef6mJtjVPW4vLNIs6K6tOv1sgfsSyA7lTuVXNtazLHPSu6IM2fa0Sn5fD_TvI1PK3JuKUvCTqoyFgDi50iCkYlCGaATyNLM4jEDvX8cjWWwCggL43iKLeHyBPOII:1uU2m8:nzUkbF3UaeEx92SAOnzhq9z2hDdGZDMloF5lmUMwzWg', '2025-07-08 12:29:20.683792');
INSERT INTO `django_session` VALUES ('bv5fbhzxwxhl9oidhzdzkhheujbb4376', '.eJxVjMEOwiAQRP-FsyGwC7T16L3fQIBdpGpoUtqT8d9tkx40c5v3Zt7Ch20tfmu8-InEVYC4_HYxpCfXA9Aj1Pss01zXZYryUORJmxxn4tftdP8OSmhlX8cuo4OoMjkmDcbq3HMPAKZjQ4OOCrXak6xzg7KE2SIDc9IYAFUWny_Oazcm:1uVA4W:2BBBlIr37YHby7qRv7SDLZkvQ8G8aGEchQWDlUxbgEo', '2025-07-11 14:28:56.761113');
INSERT INTO `django_session` VALUES ('bx1yhkibd3l1y9qfqj8hiqjhy7hu627r', '.eJxVjMEOwiAQRP-FsyGwC7T16L3fQIBdpGpoUtqT8d9tkx40c5v3Zt7Ch20tfmu8-InEVYC4_HYxpCfXA9Aj1Pss01zXZYryUORJmxxn4tftdP8OSmhlX8cuo4OoMjkmDcbq3HMPAKZjQ4OOCrXak6xzg7KE2SIDc9IYAFUWny_Oazcm:1uSwOo:uuDmfERILIBoM9UNg1qk82teFGzoTwwyh3Yl_1KtYgI', '2025-07-05 11:28:42.096383');
INSERT INTO `django_session` VALUES ('bzs2714wc0t364oavrrvjydfobi92ucm', '.eJxVjEEOwiAQRe_C2hCYUqZ16d4zNMMMSNVAUtqV8e7apAvd_vfef6mJtjVPW4vLNIs6K6tOv1sgfsSyA7lTuVXNtazLHPSu6IM2fa0Sn5fD_TvI1PK3JuKUvCTqoyFgDi50iCkYlCGaATyNLM4jEDvX8cjWWwCggL43iKLeHyBPOII:1uUklT:oA3EilaSjnvsBrLChG6Xo8smLPFlq_vt83L-oFr0YBQ', '2025-07-10 11:27:35.319010');
INSERT INTO `django_session` VALUES ('c28qguwkocxhc7s6oz6rclro59rbzsh2', '.eJxVjMsOgjAQRf-la9MUWobRpXu-gcyrghpIKKyM_64kLHR7zzn35Xra1qHfii39qO7ianf63ZjkYdMO9E7TbfYyT-syst8Vf9Diu1nteT3cv4OByvCtowlqJklGbRYGS7HSsxqEBghDrNjQcsXYYBLIhNgGYK05J0GI5t4fG-85Ag:1uVm4N:cjz-J_Mmdyv4aYSQnb17TRdjEVq4LyHog4eHu7_jU8E', '2025-07-13 07:03:19.689617');
INSERT INTO `django_session` VALUES ('c6v39wzeizwuoqf9sjhz8iosaa3eh85d', '.eJxVjMsOgjAQRf-la9MUWobRpXu-gcyrghpIKKyM_64kLHR7zzn35Xra1qHfii39qO7ianf63ZjkYdMO9E7TbfYyT-syst8Vf9Diu1nteT3cv4OByvCtowlqJklGbRYGS7HSsxqEBghDrNjQcsXYYBLIhNgGYK05J0GI5t4fG-85Ag:1uVmFZ:X05GRXOe_ucoXSmzWPjOy6N2lxYh8b263p9Q7g36CpU', '2025-07-13 07:14:53.987258');
INSERT INTO `django_session` VALUES ('chg01w11qqttwx1hswly596b8rv393z4', '.eJxVjMEOwiAQRP-FsyGwC7T16L3fQIBdpGpoUtqT8d9tkx40c5v3Zt7Ch20tfmu8-InEVYC4_HYxpCfXA9Aj1Pss01zXZYryUORJmxxn4tftdP8OSmhlX8cuo4OoMjkmDcbq3HMPAKZjQ4OOCrXak6xzg7KE2SIDc9IYAFUWny_Oazcm:1uTwmD:MkOwYe_vr-8oZKPApjqZj-V2SM9IJFE4vwBPyMEWJw8', '2025-07-08 06:05:01.485329');
INSERT INTO `django_session` VALUES ('cmto7kldid3pub4fheox40ugazu9zofi', '.eJxVjMEOwiAQRP-FsyGwC7T16L3fQIBdpGpoUtqT8d9tkx40c5v3Zt7Ch20tfmu8-InEVYC4_HYxpCfXA9Aj1Pss01zXZYryUORJmxxn4tftdP8OSmhlX8cuo4OoMjkmDcbq3HMPAKZjQ4OOCrXak6xzg7KE2SIDc9IYAFUWny_Oazcm:1uVVG9:vEuRj1WxKC_k70e6R1pgPQM87nPHCZpSqkYfyqQGllI', '2025-07-12 13:06:21.223574');
INSERT INTO `django_session` VALUES ('cso194kc54n00t7ehl0q36kwxkv30elg', 'e30:1uSX6k:MzxeNR3pX59hAo_dyERoMU2XwGtrdoKbfGqOtgzfIy0', '2025-07-04 08:28:22.213504');
INSERT INTO `django_session` VALUES ('cu50je7z56bsbx80cemff3q1gxf5gzon', 'e30:1uRqwa:Fw1orLmeI0DygQh2E4hJwHFD5FpSVGtPluEg_VQa7cA', '2025-07-02 11:27:04.208069');
INSERT INTO `django_session` VALUES ('cwmk1asiryzje6hynx5jvbadp9923lbh', '.eJxVjMEOwiAQRP-FsyGwC7T16L3fQIBdpGpoUtqT8d9tkx40c5v3Zt7Ch20tfmu8-InEVYC4_HYxpCfXA9Aj1Pss01zXZYryUORJmxxn4tftdP8OSmhlX8cuo4OoMjkmDcbq3HMPAKZjQ4OOCrXak6xzg7KE2SIDc9IYAFUWny_Oazcm:1uVQxP:oV9fQdU7M5Jkgxd8JHAaVRMIK3lvzSRfT9H_s0rfrck', '2025-07-12 08:30:43.089042');
INSERT INTO `django_session` VALUES ('d6l70tkqv7p00hmgfhsnivz5q0nr36x2', '.eJxVjEEOwiAQRe_C2hCYUqZ16d4zNMMMSNVAUtqV8e7apAvd_vfef6mJtjVPW4vLNIs6K6tOv1sgfsSyA7lTuVXNtazLHPSu6IM2fa0Sn5fD_TvI1PK3JuKUvCTqoyFgDi50iCkYlCGaATyNLM4jEDvX8cjWWwCggL43iKLeHyBPOII:1uVA93:0-UoYvgWhRXVB119B5Vyryjv3vEDa9Lf_kjzMGs0Lag', '2025-07-11 14:33:37.478334');
INSERT INTO `django_session` VALUES ('d7yk5nzehkor3be45t1hqvpqwlv7xkpb', '.eJxVjMEOwiAQRP-FsyGwC7T16L3fQIBdpGpoUtqT8d9tkx40c5v3Zt7Ch20tfmu8-InEVYC4_HYxpCfXA9Aj1Pss01zXZYryUORJmxxn4tftdP8OSmhlX8cuo4OoMjkmDcbq3HMPAKZjQ4OOCrXak6xzg7KE2SIDc9IYAFUWny_Oazcm:1uSz1o:NUkLxkxianKx_EsiK75IBxk2TZjCS16mu3lmIw8njb8', '2025-07-05 14:17:08.271670');
INSERT INTO `django_session` VALUES ('d9q0hmxc0o12ph4b4xb96whw1m511o4f', '.eJxVjMEOwiAQRP-FsyGwC7T16L3fQIBdpGpoUtqT8d9tkx40c5v3Zt7Ch20tfmu8-InEVYC4_HYxpCfXA9Aj1Pss01zXZYryUORJmxxn4tftdP8OSmhlX8cuo4OoMjkmDcbq3HMPAKZjQ4OOCrXak6xzg7KE2SIDc9IYAFUWny_Oazcm:1uU0NN:Rkex9Tz37NFStkw87Je_zuDWGjGuRpmuvSrfkRROeQQ', '2025-07-08 09:55:37.904896');
INSERT INTO `django_session` VALUES ('df8umodya42ev1bnyyy2mk2062itiqhw', '.eJxVjMEOwiAQRP-FsyGwC7T16L3fQIBdpGpoUtqT8d9tkx40c5v3Zt7Ch20tfmu8-InEVYC4_HYxpCfXA9Aj1Pss01zXZYryUORJmxxn4tftdP8OSmhlX8cuo4OoMjkmDcbq3HMPAKZjQ4OOCrXak6xzg7KE2SIDc9IYAFUWny_Oazcm:1uTg5C:U5fQBzHqhthhqJJ6pjJQiD41Aual5ONMgNAXQ35Fv5g', '2025-07-07 12:15:30.991342');
INSERT INTO `django_session` VALUES ('dqp72c62hb14fhiu8wn12g3isax90glo', '.eJxVjEEOwiAQRe_C2hCYUqZ16d4zNMMMSNVAUtqV8e7apAvd_vfef6mJtjVPW4vLNIs6K6tOv1sgfsSyA7lTuVXNtazLHPSu6IM2fa0Sn5fD_TvI1PK3JuKUvCTqoyFgDi50iCkYlCGaATyNLM4jEDvX8cjWWwCggL43iKLeHyBPOII:1uUKZN:PZoXOB9rMkNlvHhkG9U75YCCNQ9wPPFHEXYi0cV8YoI', '2025-07-09 07:29:21.272973');
INSERT INTO `django_session` VALUES ('dtq9xtoarewp5sodfmj9zqmje6tt87lh', '.eJxVjMEOwiAQRP-FsyGwC7T16L3fQIBdpGpoUtqT8d9tkx40c5v3Zt7Ch20tfmu8-InEVYC4_HYxpCfXA9Aj1Pss01zXZYryUORJmxxn4tftdP8OSmhlX8cuo4OoMjkmDcbq3HMPAKZjQ4OOCrXak6xzg7KE2SIDc9IYAFUWny_Oazcm:1uVT8B:svHeyo9p2LHcRMBe-gRmeg8ApEBl1sM5LOT5evp77mw', '2025-07-12 10:49:59.645382');
INSERT INTO `django_session` VALUES ('duh7ottuvaz4igh65ft8jz9x305ve181', '.eJxVjMEOwiAQRP-FsyGwC7T16L3fQIBdpGpoUtqT8d9tkx40c5v3Zt7Ch20tfmu8-InEVYC4_HYxpCfXA9Aj1Pss01zXZYryUORJmxxn4tftdP8OSmhlX8cuo4OoMjkmDcbq3HMPAKZjQ4OOCrXak6xzg7KE2SIDc9IYAFUWny_Oazcm:1uTIGp:5PIxcoWX7v347hzfhG7bdVUekJb0KPvLyFpO96z9jok', '2025-07-06 10:49:55.922039');
INSERT INTO `django_session` VALUES ('dwzwfjiyczt8b3qjl8n6flih5rjglybx', '.eJxVjMEOwiAQRP-FsyGwC7T16L3fQIBdpGpoUtqT8d9tkx40c5v3Zt7Ch20tfmu8-InEVYC4_HYxpCfXA9Aj1Pss01zXZYryUORJmxxn4tftdP8OSmhlX8cuo4OoMjkmDcbq3HMPAKZjQ4OOCrXak6xzg7KE2SIDc9IYAFUWny_Oazcm:1uTg6u:bggh69nCobw7Vcj5TaAyvKYriiZosPKm3MijrQkVb40', '2025-07-07 12:17:16.271347');
INSERT INTO `django_session` VALUES ('e83yutu93kmokyoth2tpn1f5dhphov0o', '.eJxVjMEOwiAQRP-FsyGwC7T16L3fQIBdpGpoUtqT8d9tkx40c5v3Zt7Ch20tfmu8-InEVYC4_HYxpCfXA9Aj1Pss01zXZYryUORJmxxn4tftdP8OSmhlX8cuo4OoMjkmDcbq3HMPAKZjQ4OOCrXak6xzg7KE2SIDc9IYAFUWny_Oazcm:1uTi6f:DtHPyYmsV4n-vmxgUJktADnWgdo4tXJwmE4OFNS0f9g', '2025-07-07 14:25:09.908895');
INSERT INTO `django_session` VALUES ('e8land6kptgo1kd64jqqxu89ozyjskeh', '.eJxVjMEOwiAQRP-FsyGwC7T16L3fQIBdpGpoUtqT8d9tkx40c5v3Zt7Ch20tfmu8-InEVYC4_HYxpCfXA9Aj1Pss01zXZYryUORJmxxn4tftdP8OSmhlX8cuo4OoMjkmDcbq3HMPAKZjQ4OOCrXak6xzg7KE2SIDc9IYAFUWny_Oazcm:1uUMcD:UWB6ivY8IL0a-f_nU9h-19dxckGFB65L6qF6RRnVCB8', '2025-07-09 09:40:25.945695');
INSERT INTO `django_session` VALUES ('e9l4pz0j9bbnqda4z4vnwswhvobmauoh', '.eJxVjMEOwiAQRP-FsyGwC7T16L3fQIBdpGpoUtqT8d9tkx40c5v3Zt7Ch20tfmu8-InEVYC4_HYxpCfXA9Aj1Pss01zXZYryUORJmxxn4tftdP8OSmhlX8cuo4OoMjkmDcbq3HMPAKZjQ4OOCrXak6xzg7KE2SIDc9IYAFUWny_Oazcm:1uUiAJ:5nCEbt-sk-XlK5qpsNlwuSp2uusvPEj48p9stzsLebc', '2025-07-10 08:41:03.837523');
INSERT INTO `django_session` VALUES ('ehbei4ocrpuri999ulouwj8xu62s4y9d', '.eJxVjMEOwiAQRP-FsyGwC7T16L3fQIBdpGpoUtqT8d9tkx40c5v3Zt7Ch20tfmu8-InEVYC4_HYxpCfXA9Aj1Pss01zXZYryUORJmxxn4tftdP8OSmhlX8cuo4OoMjkmDcbq3HMPAKZjQ4OOCrXak6xzg7KE2SIDc9IYAFUWny_Oazcm:1uTFoA:HyycIoYJXbke7XyHRwT5XmuGrii1AQegz717hWH4VkU', '2025-07-06 08:12:10.475247');
INSERT INTO `django_session` VALUES ('eliko3xayqroibofmbyebl6pynaoh26b', '.eJxVjMEOwiAQRP-FsyGwC7T16L3fQIBdpGpoUtqT8d9tkx40c5v3Zt7Ch20tfmu8-InEVYC4_HYxpCfXA9Aj1Pss01zXZYryUORJmxxn4tftdP8OSmhlX8cuo4OoMjkmDcbq3HMPAKZjQ4OOCrXak6xzg7KE2SIDc9IYAFUWny_Oazcm:1uVMbe:6YvJ7kSFD6v1YRL59_NXgxNoqfoTeQbsXFpeDBjhEi8', '2025-07-12 03:51:58.176678');
INSERT INTO `django_session` VALUES ('euvhoio34w7fx6ty2c92s2fh09cnvohe', '.eJxVjMEOwiAQRP-FsyGwC7T16L3fQIBdpGpoUtqT8d9tkx40c5v3Zt7Ch20tfmu8-InEVYC4_HYxpCfXA9Aj1Pss01zXZYryUORJmxxn4tftdP8OSmhlX8cuo4OoMjkmDcbq3HMPAKZjQ4OOCrXak6xzg7KE2SIDc9IYAFUWny_Oazcm:1uSelu:YiJRp71DphN7eLGNO-Uc8sARtCPoyrZ3z9gFOfexFdk', '2025-07-04 16:39:22.297241');
INSERT INTO `django_session` VALUES ('f0w0vvqc6wapkulnx28x2krqfjzsbosb', '.eJxVjEEOwiAQRe_C2hCYUqZ16d4zNMMMSNVAUtqV8e7apAvd_vfef6mJtjVPW4vLNIs6K6tOv1sgfsSyA7lTuVXNtazLHPSu6IM2fa0Sn5fD_TvI1PK3JuKUvCTqoyFgDi50iCkYlCGaATyNLM4jEDvX8cjWWwCggL43iKLeHyBPOII:1uU0lX:1TgxnXyJy55HuJ_CGPbQ8lVhfAfV2uWS3aLkYiWv7rc', '2025-07-08 10:20:35.644471');
INSERT INTO `django_session` VALUES ('f1v5clet5uldukgqfdls0n20ndz1eyvk', '.eJxVjMEOwiAQRP-FsyGwC7T16L3fQIBdpGpoUtqT8d9tkx40c5v3Zt7Ch20tfmu8-InEVYC4_HYxpCfXA9Aj1Pss01zXZYryUORJmxxn4tftdP8OSmhlX8cuo4OoMjkmDcbq3HMPAKZjQ4OOCrXak6xzg7KE2SIDc9IYAFUWny_Oazcm:1uVA9v:ACdq6z19MHocC-4EJEfwK_1i1uWfQRHmpugq5yAgRQA', '2025-07-11 14:34:31.875186');
INSERT INTO `django_session` VALUES ('f3h1pyg3wtmgb9jzmtcgk8u89etnrts1', '.eJxVjEEOwiAQRe_C2hCYUqZ16d4zNMMMSNVAUtqV8e7apAvd_vfef6mJtjVPW4vLNIs6K6tOv1sgfsSyA7lTuVXNtazLHPSu6IM2fa0Sn5fD_TvI1PK3JuKUvCTqoyFgDi50iCkYlCGaATyNLM4jEDvX8cjWWwCggL43iKLeHyBPOII:1uUJPB:QRBYWfEYHYCtSOY7YZv7rL8GbAwmwvfd3nqACmvnTOc', '2025-07-09 06:14:45.066215');
INSERT INTO `django_session` VALUES ('f92ekc29c24fx9mj1e0nrlx1rqf2t5lu', '.eJxVjMEOwiAQRP-FsyGwC7T16L3fQIBdpGpoUtqT8d9tkx40c5v3Zt7Ch20tfmu8-InEVYC4_HYxpCfXA9Aj1Pss01zXZYryUORJmxxn4tftdP8OSmhlX8cuo4OoMjkmDcbq3HMPAKZjQ4OOCrXak6xzg7KE2SIDc9IYAFUWny_Oazcm:1uTi6p:cHbpbyiUbHqwuP3iogHg2krkjZMZVY9JBceqAUU7FpQ', '2025-07-07 14:25:19.301133');
INSERT INTO `django_session` VALUES ('fkbitwapat5rxwuzbi9oth0lx4uickv8', '.eJxVjMEOwiAQRP-FsyGwC7T16L3fQIBdpGpoUtqT8d9tkx40c5v3Zt7Ch20tfmu8-InEVYC4_HYxpCfXA9Aj1Pss01zXZYryUORJmxxn4tftdP8OSmhlX8cuo4OoMjkmDcbq3HMPAKZjQ4OOCrXak6xzg7KE2SIDc9IYAFUWny_Oazcm:1uSy0o:y6zqQVvMVKNTdAQJPw1w0pILpmZ1Tzi52qhuLwmp4LY', '2025-07-05 13:12:02.323252');
INSERT INTO `django_session` VALUES ('ftp8sfvq1af0zf6xqin3kw816a3dixj7', '.eJxVjMEOwiAQRP-FsyGwC7T16L3fQIBdpGpoUtqT8d9tkx40c5v3Zt7Ch20tfmu8-InEVYC4_HYxpCfXA9Aj1Pss01zXZYryUORJmxxn4tftdP8OSmhlX8cuo4OoMjkmDcbq3HMPAKZjQ4OOCrXak6xzg7KE2SIDc9IYAFUWny_Oazcm:1uTh8W:CMFpRyvgUWJ-7qHbWDjk5vCyoAvJBOdDxk8XXHwhPHo', '2025-07-07 13:23:00.037907');
INSERT INTO `django_session` VALUES ('fwj7ekj79924u5lrm0n03v6tjhh9mz94', '.eJxVjMEOwiAQRP-FsyGwC7T16L3fQIBdpGpoUtqT8d9tkx40c5v3Zt7Ch20tfmu8-InEVYC4_HYxpCfXA9Aj1Pss01zXZYryUORJmxxn4tftdP8OSmhlX8cuo4OoMjkmDcbq3HMPAKZjQ4OOCrXak6xzg7KE2SIDc9IYAFUWny_Oazcm:1uVA2I:d11Fz-9PGtEtkx906ys-eYOAlUzv3_x0T8pNnVfVP0E', '2025-07-11 14:26:38.236093');
INSERT INTO `django_session` VALUES ('g4om4ke19g75w0lj0unj3tvlg3hf2gpi', '.eJxVjMEOwiAQRP-FsyGwC7T16L3fQIBdpGpoUtqT8d9tkx40c5v3Zt7Ch20tfmu8-InEVYC4_HYxpCfXA9Aj1Pss01zXZYryUORJmxxn4tftdP8OSmhlX8cuo4OoMjkmDcbq3HMPAKZjQ4OOCrXak6xzg7KE2SIDc9IYAFUWny_Oazcm:1uSVa4:6NpbKSuubymy8akfotHHgZk7T-gaWqtWi34kSKqe-kk', '2025-07-04 06:50:32.305168');
INSERT INTO `django_session` VALUES ('geerie8wecthk3d59xo8qtpc6fdlqwrl', '.eJxVjMEOwiAQRP-FsyGwC7T16L3fQIBdpGpoUtqT8d9tkx40c5v3Zt7Ch20tfmu8-InEVYC4_HYxpCfXA9Aj1Pss01zXZYryUORJmxxn4tftdP8OSmhlX8cuo4OoMjkmDcbq3HMPAKZjQ4OOCrXak6xzg7KE2SIDc9IYAFUWny_Oazcm:1uSVmc:X99Ii7uQ_JGmJUw8EvPZoV5Wd4oxjAUBQZDb0oMHLlU', '2025-07-04 07:03:30.656719');
INSERT INTO `django_session` VALUES ('gk0ent9l4zr8qa0qaw0rjvv4ehog7yww', '.eJxVjMEOwiAQRP-FsyGwC7T16L3fQIBdpGpoUtqT8d9tkx40c5v3Zt7Ch20tfmu8-InEVYC4_HYxpCfXA9Aj1Pss01zXZYryUORJmxxn4tftdP8OSmhlX8cuo4OoMjkmDcbq3HMPAKZjQ4OOCrXak6xzg7KE2SIDc9IYAFUWny_Oazcm:1uSy7x:oxM1oOA-CdHMwL-k0ba0dxAWzcqgzqVc2KMJlDiUlXk', '2025-07-05 13:19:25.289657');
INSERT INTO `django_session` VALUES ('glau1xzw9d388fsihwex0so7txnzri5v', '.eJxVjMEOwiAQRP-FsyGwC7T16L3fQIBdpGpoUtqT8d9tkx40c5v3Zt7Ch20tfmu8-InEVYC4_HYxpCfXA9Aj1Pss01zXZYryUORJmxxn4tftdP8OSmhlX8cuo4OoMjkmDcbq3HMPAKZjQ4OOCrXak6xzg7KE2SIDc9IYAFUWny_Oazcm:1uSwvB:uWZ_97a-_O5Tu7zWflk0MSShR8NHm_9YQjgXVKvLc3g', '2025-07-05 12:02:09.295455');
INSERT INTO `django_session` VALUES ('glrvm20paaf6t5fsjeo9pljvoeb6zfq0', '.eJxVjEEOwiAQRe_C2hCYUqZ16d4zNMMMSNVAUtqV8e7apAvd_vfef6mJtjVPW4vLNIs6K6tOv1sgfsSyA7lTuVXNtazLHPSu6IM2fa0Sn5fD_TvI1PK3JuKUvCTqoyFgDi50iCkYlCGaATyNLM4jEDvX8cjWWwCggL43iKLeHyBPOII:1uTxio:4KHaf4Pj5mVwJz_XiNF9naMadqHgkQRpLMYZSD7dOLA', '2025-07-08 07:05:34.354248');
INSERT INTO `django_session` VALUES ('gn25fxadeu8k9zylxsw72sl89mxe8lgl', '.eJxVjMEOwiAQRP-FsyGwC7T16L3fQIBdpGpoUtqT8d9tkx40c5v3Zt7Ch20tfmu8-InEVYC4_HYxpCfXA9Aj1Pss01zXZYryUORJmxxn4tftdP8OSmhlX8cuo4OoMjkmDcbq3HMPAKZjQ4OOCrXak6xzg7KE2SIDc9IYAFUWny_Oazcm:1uUfKD:DA0Nkt3TVaPxNAAbn7So326QS7RJU07dU34b_vg6t_A', '2025-07-10 05:39:05.064042');
INSERT INTO `django_session` VALUES ('gyd0uilt7ri5bbzht3wckrpadftvzinj', '.eJxVjMEOwiAQRP-FsyGwC7T16L3fQIBdpGpoUtqT8d9tkx40c5v3Zt7Ch20tfmu8-InEVYC4_HYxpCfXA9Aj1Pss01zXZYryUORJmxxn4tftdP8OSmhlX8cuo4OoMjkmDcbq3HMPAKZjQ4OOCrXak6xzg7KE2SIDc9IYAFUWny_Oazcm:1uTgjO:HKJNd9BMISbRhr56nbfTV7WrbXfT4fB5-0twzDV7NHo', '2025-07-07 12:57:02.624314');
INSERT INTO `django_session` VALUES ('h0yeydft6daftdcb8wzx3w40z3oztl2q', '.eJxVjEEOwiAQRe_C2hCYUqZ16d4zNMMMSNVAUtqV8e7apAvd_vfef6mJtjVPW4vLNIs6K6tOv1sgfsSyA7lTuVXNtazLHPSu6IM2fa0Sn5fD_TvI1PK3JuKUvCTqoyFgDi50iCkYlCGaATyNLM4jEDvX8cjWWwCggL43iKLeHyBPOII:1uUM10:iYR8FmDA93r7utHL14vZs1oV1FuhS4UTqIcxM6KkV_k', '2025-07-09 09:01:58.972467');
INSERT INTO `django_session` VALUES ('h2sv02a3h9c773nq7gw9apklxcmdxq0l', '.eJxVjMEOwiAQRP-FsyGwC7T16L3fQIBdpGpoUtqT8d9tkx40c5v3Zt7Ch20tfmu8-InEVYC4_HYxpCfXA9Aj1Pss01zXZYryUORJmxxn4tftdP8OSmhlX8cuo4OoMjkmDcbq3HMPAKZjQ4OOCrXak6xzg7KE2SIDc9IYAFUWny_Oazcm:1uTh7z:lrzdouxksBPwCreZ1Katxgya42ya4NY7T6S7UmV9OIA', '2025-07-07 13:22:27.165945');
INSERT INTO `django_session` VALUES ('h9akdk6hqb1br5vhnhzxxlxru16tf5tq', '.eJxVjMEOwiAQRP-FsyGwC7T16L3fQIBdpGpoUtqT8d9tkx40c5v3Zt7Ch20tfmu8-InEVYC4_HYxpCfXA9Aj1Pss01zXZYryUORJmxxn4tftdP8OSmhlX8cuo4OoMjkmDcbq3HMPAKZjQ4OOCrXak6xzg7KE2SIDc9IYAFUWny_Oazcm:1uSYOt:nErebhdOCYDYfAj0YzRtaINc1LjODzVAxE0mM6XyxDM', '2025-07-04 09:51:11.368799');
INSERT INTO `django_session` VALUES ('hi8cbxr3in21pyeue2ht2zfbiqzyp84b', '.eJxVjMEOwiAQRP-FsyGwC7T16L3fQIBdpGpoUtqT8d9tkx40c5v3Zt7Ch20tfmu8-InEVYC4_HYxpCfXA9Aj1Pss01zXZYryUORJmxxn4tftdP8OSmhlX8cuo4OoMjkmDcbq3HMPAKZjQ4OOCrXak6xzg7KE2SIDc9IYAFUWny_Oazcm:1uVTmq:MolYl30tv2d89TXFQsu0UdKeKU4aJ86FWGmATxry3YA', '2025-07-12 11:32:00.692556');
INSERT INTO `django_session` VALUES ('hiuxjgbe0ud3pz8f74spod373o7cscye', '.eJxVjMEOwiAQRP-FsyGwC7T16L3fQIBdpGpoUtqT8d9tkx40c5v3Zt7Ch20tfmu8-InEVYC4_HYxpCfXA9Aj1Pss01zXZYryUORJmxxn4tftdP8OSmhlX8cuo4OoMjkmDcbq3HMPAKZjQ4OOCrXak6xzg7KE2SIDc9IYAFUWny_Oazcm:1uSzbb:ExJha-ODhDVYy4U89VF8H8KxuGTngiqDByPR1-ubiWc', '2025-07-05 14:54:07.247651');
INSERT INTO `django_session` VALUES ('hyi3fe0lirztb140bxbumrw3d010h9yh', '.eJxVjMEOwiAQRP-FsyGwC7T16L3fQIBdpGpoUtqT8d9tkx40c5v3Zt7Ch20tfmu8-InEVYC4_HYxpCfXA9Aj1Pss01zXZYryUORJmxxn4tftdP8OSmhlX8cuo4OoMjkmDcbq3HMPAKZjQ4OOCrXak6xzg7KE2SIDc9IYAFUWny_Oazcm:1uVT95:JRYD7pgNoVj3Fv0ynFRX-GyJMwgLa-dw-32J-iUN1pg', '2025-07-12 10:50:55.148337');
INSERT INTO `django_session` VALUES ('i24zgooqszq3r7e3j60v5ust4l6fb0z3', '.eJxVjMEOwiAQRP-FsyGwC7T16L3fQIBdpGpoUtqT8d9tkx40c5v3Zt7Ch20tfmu8-InEVYC4_HYxpCfXA9Aj1Pss01zXZYryUORJmxxn4tftdP8OSmhlX8cuo4OoMjkmDcbq3HMPAKZjQ4OOCrXak6xzg7KE2SIDc9IYAFUWny_Oazcm:1uTF5A:qPUWhHqj4y9HxSVvL_4wl5avCIyZZpkYdBfjvdS611o', '2025-07-06 07:25:40.977870');
INSERT INTO `django_session` VALUES ('i4lhisdyqn4qkj3dbcyfxvvxudh6tuyk', '.eJxVjMEOwiAQRP-FsyGwC7T16L3fQIBdpGpoUtqT8d9tkx40c5v3Zt7Ch20tfmu8-InEVYC4_HYxpCfXA9Aj1Pss01zXZYryUORJmxxn4tftdP8OSmhlX8cuo4OoMjkmDcbq3HMPAKZjQ4OOCrXak6xzg7KE2SIDc9IYAFUWny_Oazcm:1uV9ko:bld_-pQK_mRD2PHv9Ub9eJxPA7b0UFWJSuY28526oxs', '2025-07-11 14:08:34.844708');
INSERT INTO `django_session` VALUES ('i5wn6157yx4n8lnzr21wpglfrheypqc1', '.eJxVjMsOgjAQRf-la9MUWobRpXu-gcyrghpIKKyM_64kLHR7zzn35Xra1qHfii39qO7ianf63ZjkYdMO9E7TbfYyT-syst8Vf9Diu1nteT3cv4OByvCtowlqJklGbRYGS7HSsxqEBghDrNjQcsXYYBLIhNgGYK05J0GI5t4fG-85Ag:1uVmJB:t3OsvThvPKb2xx3Hf0zbDinkr9eN47qqJE5YYcCoYVk', '2025-07-13 07:18:37.803808');
INSERT INTO `django_session` VALUES ('i9ib0gnjndbe51in2ubksz84v7dxr4ux', '.eJxVjMEOwiAQRP-FsyGwC7T16L3fQIBdpGpoUtqT8d9tkx40c5v3Zt7Ch20tfmu8-InEVYC4_HYxpCfXA9Aj1Pss01zXZYryUORJmxxn4tftdP8OSmhlX8cuo4OoMjkmDcbq3HMPAKZjQ4OOCrXak6xzg7KE2SIDc9IYAFUWny_Oazcm:1uSaM9:VezPntlzEVfQd3OTtx7XNik7m2avPaZMGYwQu0D2ffk', '2025-07-04 11:56:29.949078');
INSERT INTO `django_session` VALUES ('icrw4lxc07rn6aibozr621yqpmbhgu3s', '.eJxVjEEOwiAQRe_C2hCYUqZ16d4zNMMMSNVAUtqV8e7apAvd_vfef6mJtjVPW4vLNIs6K6tOv1sgfsSyA7lTuVXNtazLHPSu6IM2fa0Sn5fD_TvI1PK3JuKUvCTqoyFgDi50iCkYlCGaATyNLM4jEDvX8cjWWwCggL43iKLeHyBPOII:1uULdz:ZuaFfNmKB74xrdJ01gYRzUkuB31f7HoXreiTd9YuLFU', '2025-07-09 08:38:11.434233');
INSERT INTO `django_session` VALUES ('idomhx40qmvbyjwqmkwizqw593cq3m70', '.eJxVjMEOwiAQRP-FsyGwC7T16L3fQIBdpGpoUtqT8d9tkx40c5v3Zt7Ch20tfmu8-InEVYC4_HYxpCfXA9Aj1Pss01zXZYryUORJmxxn4tftdP8OSmhlX8cuo4OoMjkmDcbq3HMPAKZjQ4OOCrXak6xzg7KE2SIDc9IYAFUWny_Oazcm:1uTgCk:SgEf_aBsY1A1y6hRxfkeC53lxPCoiKKXALx8wssfD2A', '2025-07-07 12:23:18.436188');
INSERT INTO `django_session` VALUES ('ii9to3lkr21gtp7v5j9lpzzk8bnnfniy', '.eJxVjMEOwiAQRP-FsyGwC7T16L3fQIBdpGpoUtqT8d9tkx40c5v3Zt7Ch20tfmu8-InEVYC4_HYxpCfXA9Aj1Pss01zXZYryUORJmxxn4tftdP8OSmhlX8cuo4OoMjkmDcbq3HMPAKZjQ4OOCrXak6xzg7KE2SIDc9IYAFUWny_Oazcm:1uUiDl:Kd69P9HI-ybIEL1LCN5xp55hoWuuoI0xR6j55uBeu6k', '2025-07-10 08:44:37.425517');
INSERT INTO `django_session` VALUES ('ijgpwqpeo4yt0x79vah9sq3l0wze935e', '.eJxVjMEOwiAQRP-FsyGwC7T16L3fQIBdpGpoUtqT8d9tkx40c5v3Zt7Ch20tfmu8-InEVYC4_HYxpCfXA9Aj1Pss01zXZYryUORJmxxn4tftdP8OSmhlX8cuo4OoMjkmDcbq3HMPAKZjQ4OOCrXak6xzg7KE2SIDc9IYAFUWny_Oazcm:1uSblh:82P_-fd9eJllLj0jTrLcUVKEOahXrIfNryfvu5LMCv8', '2025-07-04 13:26:57.385415');
INSERT INTO `django_session` VALUES ('iplzhzp1l9am3xow1yqstghmpzcplzgv', '.eJxVjMEOwiAQRP-FsyGwC7T16L3fQIBdpGpoUtqT8d9tkx40c5v3Zt7Ch20tfmu8-InEVYC4_HYxpCfXA9Aj1Pss01zXZYryUORJmxxn4tftdP8OSmhlX8cuo4OoMjkmDcbq3HMPAKZjQ4OOCrXak6xzg7KE2SIDc9IYAFUWny_Oazcm:1uTFEW:gHnskl_z6TFZrvlPi5pVHEQyMRysn_nr6N6dYD8yfjc', '2025-07-06 07:35:20.066090');
INSERT INTO `django_session` VALUES ('ixf4n0eo8hsbrirzn9pqv135wbzm4gv0', '.eJxVjMEOwiAQRP-FsyGwC7T16L3fQIBdpGpoUtqT8d9tkx40c5v3Zt7Ch20tfmu8-InEVYC4_HYxpCfXA9Aj1Pss01zXZYryUORJmxxn4tftdP8OSmhlX8cuo4OoMjkmDcbq3HMPAKZjQ4OOCrXak6xzg7KE2SIDc9IYAFUWny_Oazcm:1uSwwQ:7B8XnLe-Z-jaEVUo_LZs56OkFT4hNLWp6bGqiKlWG8s', '2025-07-05 12:03:26.754793');
INSERT INTO `django_session` VALUES ('ixhwy33t4do3x6kvfn297ugqyttbxsjp', '.eJxVjMEOwiAQRP-FsyGwC7T16L3fQIBdpGpoUtqT8d9tkx40c5v3Zt7Ch20tfmu8-InEVYC4_HYxpCfXA9Aj1Pss01zXZYryUORJmxxn4tftdP8OSmhlX8cuo4OoMjkmDcbq3HMPAKZjQ4OOCrXak6xzg7KE2SIDc9IYAFUWny_Oazcm:1uVOqb:iWrkedoCn0jd2tCMVag0yUosKc8QWto7rw1IZMihIJc', '2025-07-12 06:15:33.652597');
INSERT INTO `django_session` VALUES ('j4dksv5w7fkbgrflcxo0hsf9v1okibkm', '.eJxVjMEOwiAQRP-FsyGwC7T16L3fQIBdpGpoUtqT8d9tkx40c5v3Zt7Ch20tfmu8-InEVYC4_HYxpCfXA9Aj1Pss01zXZYryUORJmxxn4tftdP8OSmhlX8cuo4OoMjkmDcbq3HMPAKZjQ4OOCrXak6xzg7KE2SIDc9IYAFUWny_Oazcm:1uTyHa:w7xMCX2YO73KcZrIL1t9Q7yTRbhXGENdEyeI5X_seCw', '2025-07-08 07:41:30.467437');
INSERT INTO `django_session` VALUES ('jbmd07g9wawdnk7x3r4b5uk1yb5ratjo', '.eJxVjMEOwiAQRP-FsyGwC7T16L3fQIBdpGpoUtqT8d9tkx40c5v3Zt7Ch20tfmu8-InEVYC4_HYxpCfXA9Aj1Pss01zXZYryUORJmxxn4tftdP8OSmhlX8cuo4OoMjkmDcbq3HMPAKZjQ4OOCrXak6xzg7KE2SIDc9IYAFUWny_Oazcm:1uTFcl:8Oxth_QFspV2N7eFS-zH_RlROBp2ahmhfE6rQ68A2Lo', '2025-07-06 08:00:23.367716');
INSERT INTO `django_session` VALUES ('jc5o5fwufffserhmxs9mbw5p3kuupdu3', '.eJxVjEEOwiAQRe_C2hCYUqZ16d4zNMMMSNVAUtqV8e7apAvd_vfef6mJtjVPW4vLNIs6K6tOv1sgfsSyA7lTuVXNtazLHPSu6IM2fa0Sn5fD_TvI1PK3JuKUvCTqoyFgDi50iCkYlCGaATyNLM4jEDvX8cjWWwCggL43iKLeHyBPOII:1uVAAN:11hr_N-ihVVF5xwqJx_SZyzzkxvS8RPm7Wr4aVHWdPg', '2025-07-11 14:34:59.635432');
INSERT INTO `django_session` VALUES ('jdwxdas3gescy0xfm8vt39k267awk6yj', '.eJxVjMEOwiAQRP-FsyGwC7T16L3fQIBdpGpoUtqT8d9tkx40c5v3Zt7Ch20tfmu8-InEVYC4_HYxpCfXA9Aj1Pss01zXZYryUORJmxxn4tftdP8OSmhlX8cuo4OoMjkmDcbq3HMPAKZjQ4OOCrXak6xzg7KE2SIDc9IYAFUWny_Oazcm:1uVPKe:lAF_MWOq5sOloEQN4jfnEDP9rqg3334oDxY9UXTnKv0', '2025-07-12 06:46:36.039648');
INSERT INTO `django_session` VALUES ('jfso2bcipe1ft8z242jjr6flwix1pv9a', '.eJxVjMEOwiAQRP-FsyGwC7T16L3fQIBdpGpoUtqT8d9tkx40c5v3Zt7Ch20tfmu8-InEVYC4_HYxpCfXA9Aj1Pss01zXZYryUORJmxxn4tftdP8OSmhlX8cuo4OoMjkmDcbq3HMPAKZjQ4OOCrXak6xzg7KE2SIDc9IYAFUWny_Oazcm:1uTzYQ:T-SmZtUymNadGiqTR7SXZAfYDtzuhOp3sy1jdb9xJQE', '2025-07-08 09:02:58.324722');
INSERT INTO `django_session` VALUES ('jigfoobce1d3tcdr3lkw81izhlwbkydg', '.eJxVjEEOwiAQRe_C2hCYUqZ16d4zNMMMSNVAUtqV8e7apAvd_vfef6mJtjVPW4vLNIs6K6tOv1sgfsSyA7lTuVXNtazLHPSu6IM2fa0Sn5fD_TvI1PK3JuKUvCTqoyFgDi50iCkYlCGaATyNLM4jEDvX8cjWWwCggL43iKLeHyBPOII:1uVpaS:FAG5UFgicxOze38zNMTJeFZIoZy9cZAkgqWiNm5OQq0', '2025-07-13 10:48:40.565897');
INSERT INTO `django_session` VALUES ('jlc4humpwf5y67b9ggtq5a77cv5bo7kx', 'e30:1uSVYu:MPE8sccUzi59U5XiAHapWYam_x2cGlmjxrC8_GG9PiY', '2025-07-04 06:49:20.792035');
INSERT INTO `django_session` VALUES ('jlt3u0ja57tomjid7horplm70w7bps7s', '.eJxVjMEOwiAQRP-FsyGwC7T16L3fQIBdpGpoUtqT8d9tkx40c5v3Zt7Ch20tfmu8-InEVYC4_HYxpCfXA9Aj1Pss01zXZYryUORJmxxn4tftdP8OSmhlX8cuo4OoMjkmDcbq3HMPAKZjQ4OOCrXak6xzg7KE2SIDc9IYAFUWny_Oazcm:1uVT7w:WJheNpePUG_qe_wceNCdd6XqJGCGEErwBpki0vwvA60', '2025-07-12 10:49:44.344183');
INSERT INTO `django_session` VALUES ('jr4acun2mo2dbmj5rkuan34jjg4l0s4a', '.eJxVjMEOwiAQRP-FsyGwC7T16L3fQIBdpGpoUtqT8d9tkx40c5v3Zt7Ch20tfmu8-InEVYC4_HYxpCfXA9Aj1Pss01zXZYryUORJmxxn4tftdP8OSmhlX8cuo4OoMjkmDcbq3HMPAKZjQ4OOCrXak6xzg7KE2SIDc9IYAFUWny_Oazcm:1uTEdW:2_tXuYndr1O1ME3Ouqg46jTiw9LewNuN3Nus52sEAhw', '2025-07-06 06:57:06.218228');
INSERT INTO `django_session` VALUES ('jrdyyqteorivfxkzzgj3zj25qyszv7xr', '.eJxVjEEOwiAQRe_C2hCYUqZ16d4zNMMMSNVAUtqV8e7apAvd_vfef6mJtjVPW4vLNIs6K6tOv1sgfsSyA7lTuVXNtazLHPSu6IM2fa0Sn5fD_TvI1PK3JuKUvCTqoyFgDi50iCkYlCGaATyNLM4jEDvX8cjWWwCggL43iKLeHyBPOII:1uU251:Y6JWTiWZClC9jWx1z1Si0xc8U_hdawfTvfgnqS3fuiY', '2025-07-08 11:44:47.767784');
INSERT INTO `django_session` VALUES ('k3s9m8siaiaqhlae0g9tee3s0zx72wvi', '.eJxVjEEOwiAQRe_C2hCYUqZ16d4zNMMMSNVAUtqV8e7apAvd_vfef6mJtjVPW4vLNIs6K6tOv1sgfsSyA7lTuVXNtazLHPSu6IM2fa0Sn5fD_TvI1PK3JuKUvCTqoyFgDi50iCkYlCGaATyNLM4jEDvX8cjWWwCggL43iKLeHyBPOII:1uUM9y:ExMlEXS0mMXXLn5l2TTngo7255BXbhWylRr8ZRrGlV8', '2025-07-09 09:11:14.015953');
INSERT INTO `django_session` VALUES ('k9pgjf6aaozb03ax9odr4cdxd4bll08d', '.eJxVjMEOwiAQRP-FsyGwC7T16L3fQIBdpGpoUtqT8d9tkx40c5v3Zt7Ch20tfmu8-InEVYC4_HYxpCfXA9Aj1Pss01zXZYryUORJmxxn4tftdP8OSmhlX8cuo4OoMjkmDcbq3HMPAKZjQ4OOCrXak6xzg7KE2SIDc9IYAFUWny_Oazcm:1uSZqr:nJ-ZAlM1bpo6JMa_Yi9CVr8Cs_Oi9Kt5Gwc3ax7gU8w', '2025-07-04 11:24:09.025213');
INSERT INTO `django_session` VALUES ('kdb95oiq2ygifym2stvrr1ihg2gmzmrv', '.eJxVjMEOwiAQRP-FsyGwC7T16L3fQIBdpGpoUtqT8d9tkx40c5v3Zt7Ch20tfmu8-InEVYC4_HYxpCfXA9Aj1Pss01zXZYryUORJmxxn4tftdP8OSmhlX8cuo4OoMjkmDcbq3HMPAKZjQ4OOCrXak6xzg7KE2SIDc9IYAFUWny_Oazcm:1uTEuk:D5n1_ngN-SWdPvI11PoBvHyfDXsKyqMETOuT7lDrO7A', '2025-07-06 07:14:54.391055');
INSERT INTO `django_session` VALUES ('khny8wi36zkje55hkjy6rtqdy7gxv8cu', '.eJxVjEEOwiAQRe_C2hCYUqZ16d4zNMMMSNVAUtqV8e7apAvd_vfef6mJtjVPW4vLNIs6K6tOv1sgfsSyA7lTuVXNtazLHPSu6IM2fa0Sn5fD_TvI1PK3JuKUvCTqoyFgDi50iCkYlCGaATyNLM4jEDvX8cjWWwCggL43iKLeHyBPOII:1uUJEd:bXypfL1PI190AivIDgXyvBiSr1IDubLdupWrvgusEaY', '2025-07-09 06:03:51.813275');
INSERT INTO `django_session` VALUES ('kke9vr1owpdxwobwkefgbqmg30o87xsj', '.eJxVjEEOwiAQRe_C2hCYUqZ16d4zNMMMSNVAUtqV8e7apAvd_vfef6mJtjVPW4vLNIs6K6tOv1sgfsSyA7lTuVXNtazLHPSu6IM2fa0Sn5fD_TvI1PK3JuKUvCTqoyFgDi50iCkYlCGaATyNLM4jEDvX8cjWWwCggL43iKLeHyBPOII:1uUM5D:pFSZUb2NRJ04-gw28G7nUT0KswM7B7gteI_9-KJaE10', '2025-07-09 09:06:19.394085');
INSERT INTO `django_session` VALUES ('kletxamkr03t54fjh9bla6swh6xira7e', '.eJxVjMEOwiAQRP-FsyGwC7T16L3fQIBdpGpoUtqT8d9tkx40c5v3Zt7Ch20tfmu8-InEVYC4_HYxpCfXA9Aj1Pss01zXZYryUORJmxxn4tftdP8OSmhlX8cuo4OoMjkmDcbq3HMPAKZjQ4OOCrXak6xzg7KE2SIDc9IYAFUWny_Oazcm:1uUMGN:3obuTOpOEaaCDZhytdyuOgNt3X8aolZnzPj0ZpMGZc4', '2025-07-09 09:17:51.157720');
INSERT INTO `django_session` VALUES ('kotecp0s614l3t5j0hj2c9dsqs5xnuvi', '.eJxVjMEOwiAQRP-FsyGwC7T16L3fQIBdpGpoUtqT8d9tkx40c5v3Zt7Ch20tfmu8-InEVYC4_HYxpCfXA9Aj1Pss01zXZYryUORJmxxn4tftdP8OSmhlX8cuo4OoMjkmDcbq3HMPAKZjQ4OOCrXak6xzg7KE2SIDc9IYAFUWny_Oazcm:1uSz9p:3UCfoYFlh0-U7k8LHgDRo1wUSoW1PkJgROtzyMaTEDg', '2025-07-05 14:25:25.972316');
INSERT INTO `django_session` VALUES ('kpbxjfnp6fjboe4znwcyc3vqy440e2ci', '.eJxVjMEOwiAQRP-FsyGwC7T16L3fQIBdpGpoUtqT8d9tkx40c5v3Zt7Ch20tfmu8-InEVYC4_HYxpCfXA9Aj1Pss01zXZYryUORJmxxn4tftdP8OSmhlX8cuo4OoMjkmDcbq3HMPAKZjQ4OOCrXak6xzg7KE2SIDc9IYAFUWny_Oazcm:1uTh2t:OI2mdsKBU0iOpt5RGZ0mAwTkHRkabfn_X4cVKq_tfpU', '2025-07-07 13:17:11.799601');
INSERT INTO `django_session` VALUES ('ksutr0um7hiyq8ip06rwk3ub7kd71wtw', '.eJxVjMEOwiAQRP-FsyGwC7T16L3fQIBdpGpoUtqT8d9tkx40c5v3Zt7Ch20tfmu8-InEVYC4_HYxpCfXA9Aj1Pss01zXZYryUORJmxxn4tftdP8OSmhlX8cuo4OoMjkmDcbq3HMPAKZjQ4OOCrXak6xzg7KE2SIDc9IYAFUWny_Oazcm:1uSxCX:uKjoOaEJziGCDRHHywYBqYcSSoAnj7I58QgSNbV2nN0', '2025-07-05 12:20:05.754207');
INSERT INTO `django_session` VALUES ('ku54mcpy0oje19uyqaldsf5l9zuynd9h', '.eJxVjMEOwiAQRP-FsyGwC7T16L3fQIBdpGpoUtqT8d9tkx40c5v3Zt7Ch20tfmu8-InEVYC4_HYxpCfXA9Aj1Pss01zXZYryUORJmxxn4tftdP8OSmhlX8cuo4OoMjkmDcbq3HMPAKZjQ4OOCrXak6xzg7KE2SIDc9IYAFUWny_Oazcm:1uSDNZ:wLV-GKY3bp1NzMbV69tjWJViiYQ9W4vUD9u_w3kDVok', '2025-07-03 11:24:25.899778');
INSERT INTO `django_session` VALUES ('l224ty8t7zms48dj52060slkxvsxjede', '.eJxVjMEOwiAQRP-FsyGwC7T16L3fQIBdpGpoUtqT8d9tkx40c5v3Zt7Ch20tfmu8-InEVYC4_HYxpCfXA9Aj1Pss01zXZYryUORJmxxn4tftdP8OSmhlX8cuo4OoMjkmDcbq3HMPAKZjQ4OOCrXak6xzg7KE2SIDc9IYAFUWny_Oazcm:1uVPrf:1KGsSLWAsBSWBhXTmo2HW-Rt8vZOM0NFYanfdjkLpZw', '2025-07-12 07:20:43.113925');
INSERT INTO `django_session` VALUES ('l68osvyfawzupe0w5ifb41gn5evbesfh', '.eJxVjMEOwiAQRP-FsyGwC7T16L3fQIBdpGpoUtqT8d9tkx40c5v3Zt7Ch20tfmu8-InEVYC4_HYxpCfXA9Aj1Pss01zXZYryUORJmxxn4tftdP8OSmhlX8cuo4OoMjkmDcbq3HMPAKZjQ4OOCrXak6xzg7KE2SIDc9IYAFUWny_Oazcm:1uTzdF:gC9rRAiW5rjzHfIw8sBP8weDvmsmIasaG6zscideCFA', '2025-07-08 09:07:57.720930');
INSERT INTO `django_session` VALUES ('lho5v11i748jv906f6wi1nzrgmrkvvsd', '.eJxVjMEOwiAQRP-FsyGwC7T16L3fQIBdpGpoUtqT8d9tkx40c5v3Zt7Ch20tfmu8-InEVYC4_HYxpCfXA9Aj1Pss01zXZYryUORJmxxn4tftdP8OSmhlX8cuo4OoMjkmDcbq3HMPAKZjQ4OOCrXak6xzg7KE2SIDc9IYAFUWny_Oazcm:1uV9Oh:0C9xmFYfWEroA0cPSxuwH6HX08wBv3WZveygs2kpB6w', '2025-07-11 13:45:43.140190');
INSERT INTO `django_session` VALUES ('lo7pzlulh14qz3q4w023dvedwj0zomdr', '.eJxVjEEOwiAQRe_C2hCYUqZ16d4zNMMMSNVAUtqV8e7apAvd_vfef6mJtjVPW4vLNIs6K6tOv1sgfsSyA7lTuVXNtazLHPSu6IM2fa0Sn5fD_TvI1PK3JuKUvCTqoyFgDi50iCkYlCGaATyNLM4jEDvX8cjWWwCggL43iKLeHyBPOII:1uU1qI:WqMirkVAFS1VF7SeeOPuqNz_5TDFk-Yka6XXlia7V-s', '2025-07-08 11:29:34.022659');
INSERT INTO `django_session` VALUES ('m0ishz4bf2wix7fez9wwbgscvkh8u325', '.eJxVjMEOwiAQRP-FsyGwC7T16L3fQIBdpGpoUtqT8d9tkx40c5v3Zt7Ch20tfmu8-InEVYC4_HYxpCfXA9Aj1Pss01zXZYryUORJmxxn4tftdP8OSmhlX8cuo4OoMjkmDcbq3HMPAKZjQ4OOCrXak6xzg7KE2SIDc9IYAFUWny_Oazcm:1uSd3H:Sm7-4PudTMWPS8B9LlxIiFnfgOJYM-bmroSW7OWYbAY', '2025-07-04 14:49:11.456933');
INSERT INTO `django_session` VALUES ('m3geovhll726b9z7gdkgd1yw1a20o0fe', '.eJxVjMEOwiAQRP-FsyGwC7T16L3fQIBdpGpoUtqT8d9tkx40c5v3Zt7Ch20tfmu8-InEVYC4_HYxpCfXA9Aj1Pss01zXZYryUORJmxxn4tftdP8OSmhlX8cuo4OoMjkmDcbq3HMPAKZjQ4OOCrXak6xzg7KE2SIDc9IYAFUWny_Oazcm:1uUM1R:ubJJPf9ETWkydMIfR9dqBWAcI3yl8cPz2Bz7NhYlWBM', '2025-07-09 09:02:25.997143');
INSERT INTO `django_session` VALUES ('m5wri8w24nmazhwibu3g1y47ag4u7t20', '.eJxVjMEOwiAQRP-FsyGwC7T16L3fQIBdpGpoUtqT8d9tkx40c5v3Zt7Ch20tfmu8-InEVYC4_HYxpCfXA9Aj1Pss01zXZYryUORJmxxn4tftdP8OSmhlX8cuo4OoMjkmDcbq3HMPAKZjQ4OOCrXak6xzg7KE2SIDc9IYAFUWny_Oazcm:1uSWdT:FAvYwv90cLfNMRSRfITMvnQTHMPrGk5QtuA7LYFUkmQ', '2025-07-04 07:58:07.569464');
INSERT INTO `django_session` VALUES ('n3rcvprn4m9l0c258lmvtb42f4odhm0t', '.eJxVjEEOwiAQRe_C2hCYUqZ16d4zNMMMSNVAUtqV8e7apAvd_vfef6mJtjVPW4vLNIs6K6tOv1sgfsSyA7lTuVXNtazLHPSu6IM2fa0Sn5fD_TvI1PK3JuKUvCTqoyFgDi50iCkYlCGaATyNLM4jEDvX8cjWWwCggL43iKLeHyBPOII:1uTxiP:iLdZ2pee127JLKrXbreaL0rvQcp1zAKHR7Z3ucCjuwQ', '2025-07-08 07:05:09.105924');
INSERT INTO `django_session` VALUES ('n6xl1j5s32j69ew90v4hiib9stip87lw', '.eJxVjMEOwiAQRP-FsyGwC7T16L3fQIBdpGpoUtqT8d9tkx40c5v3Zt7Ch20tfmu8-InEVYC4_HYxpCfXA9Aj1Pss01zXZYryUORJmxxn4tftdP8OSmhlX8cuo4OoMjkmDcbq3HMPAKZjQ4OOCrXak6xzg7KE2SIDc9IYAFUWny_Oazcm:1uULcr:GFcYhrjVRBLQEDLD8nzEL-IEwdX0gEVr6K-sStLJSWc', '2025-07-09 08:37:01.788117');
INSERT INTO `django_session` VALUES ('n8cckjg63qzsq76a7obdr3vxngyeggci', '.eJxVjMEOwiAQRP-FsyGwC7T16L3fQIBdpGpoUtqT8d9tkx40c5v3Zt7Ch20tfmu8-InEVYC4_HYxpCfXA9Aj1Pss01zXZYryUORJmxxn4tftdP8OSmhlX8cuo4OoMjkmDcbq3HMPAKZjQ4OOCrXak6xzg7KE2SIDc9IYAFUWny_Oazcm:1uSbmm:2nOxwcpwDLlxp_UlyuS4us7oJ3GlzLrg9AQlIgV4Cp0', '2025-07-04 13:28:04.552034');
INSERT INTO `django_session` VALUES ('nf1pwng8lnsk6hza0n937a22yu8p8d9x', '.eJxVjMEOwiAQRP-FsyGwC7T16L3fQIBdpGpoUtqT8d9tkx40c5v3Zt7Ch20tfmu8-InEVYC4_HYxpCfXA9Aj1Pss01zXZYryUORJmxxn4tftdP8OSmhlX8cuo4OoMjkmDcbq3HMPAKZjQ4OOCrXak6xzg7KE2SIDc9IYAFUWny_Oazcm:1uVNRf:bu-Qf88YkgRauTTz4gl0ZyQw42F532jNXvH3Te5-gak', '2025-07-12 04:45:43.059673');
INSERT INTO `django_session` VALUES ('nff2oxybavsnyyyiptaikbva7wlmgb50', '.eJxVjMsOgjAQRf-la9MUWobRpXu-gcyrghpIKKyM_64kLHR7zzn35Xra1qHfii39qO7ianf63ZjkYdMO9E7TbfYyT-syst8Vf9Diu1nteT3cv4OByvCtowlqJklGbRYGS7HSsxqEBghDrNjQcsXYYBLIhNgGYK05J0GI5t4fG-85Ag:1uVofR:5-g3HwAliuJYQ-ACRSNtoEmeIy4LLZImxssWuiZKRZk', '2025-07-13 09:49:45.024243');
INSERT INTO `django_session` VALUES ('nhaxwqemjz990l3g1lt99tm1nzbw65wf', '.eJxVjEEOwiAQRe_C2hCYUqZ16d4zNMMMSNVAUtqV8e7apAvd_vfef6mJtjVPW4vLNIs6K6tOv1sgfsSyA7lTuVXNtazLHPSu6IM2fa0Sn5fD_TvI1PK3JuKUvCTqoyFgDi50iCkYlCGaATyNLM4jEDvX8cjWWwCggL43iKLeHyBPOII:1uRBqe:f4O-e6sHH0bUUXPzmHgdZi8uRmzO9Xi4lMkTrBuI0gc', '2025-06-30 15:34:12.114368');
INSERT INTO `django_session` VALUES ('nhz2z7ck8v4qvrrj17v93fbs18wheihm', '.eJxVjEEOwiAQRe_C2hCYUqZ16d4zNMMMSNVAUtqV8e7apAvd_vfef6mJtjVPW4vLNIs6K6tOv1sgfsSyA7lTuVXNtazLHPSu6IM2fa0Sn5fD_TvI1PK3JuKUvCTqoyFgDi50iCkYlCGaATyNLM4jEDvX8cjWWwCggL43iKLeHyBPOII:1uUJgj:t1pvJKPgairyohVhJDEGhq6vU37QCYSWmp2-IhRM6Mc', '2025-07-09 06:32:53.414423');
INSERT INTO `django_session` VALUES ('nkac18z9sf2jglut9jjewhaeyp4fgqv0', '.eJwFwckRgCAMAMBeUgEIhGgzTM7hLfJy7N3dFwbvZ469_B6T14QLiitZsFbnHirotWQ7zTE1ZEoli5NHFmpUFYOJekKxQ6IqYXH4fsqwGqE:1uVVIR:5cqiXc_VdeX5ejwp-neJbFMBofGEeYvxFFoCohk2o3I', '2025-07-12 13:08:43.087367');
INSERT INTO `django_session` VALUES ('nm72aelloao4gbbudzqar0jcjow5vngj', '.eJxVjEEOwiAQRe_C2hCYUqZ16d4zNMMMSNVAUtqV8e7apAvd_vfef6mJtjVPW4vLNIs6K6tOv1sgfsSyA7lTuVXNtazLHPSu6IM2fa0Sn5fD_TvI1PK3JuKUvCTqoyFgDi50iCkYlCGaATyNLM4jEDvX8cjWWwCggL43iKLeHyBPOII:1uTyso:PCndyU8wUELSOCv9KE4sUExVf932YbzESU8Lb80Br_o', '2025-07-08 08:19:58.050270');
INSERT INTO `django_session` VALUES ('nmw8qugd7mfr47fedlimnv2akuje2wrk', 'e30:1uRqu3:hfyFew97CceU69YZ_OJ1hMrhGwpvHqFvZjATgbncHEQ', '2025-07-02 11:24:27.542689');
INSERT INTO `django_session` VALUES ('ntw5uobv653ri3h2nr4gm14p5bk0hyy4', '.eJxVjMEOwiAQRP-FsyGwC7T16L3fQIBdpGpoUtqT8d9tkx40c5v3Zt7Ch20tfmu8-InEVYC4_HYxpCfXA9Aj1Pss01zXZYryUORJmxxn4tftdP8OSmhlX8cuo4OoMjkmDcbq3HMPAKZjQ4OOCrXak6xzg7KE2SIDc9IYAFUWny_Oazcm:1uSwUH:-wQUnacUw5s3MRuUxUr6wtohiKxfIDy0EXWAUYA4YKg', '2025-07-05 11:34:21.781313');
INSERT INTO `django_session` VALUES ('nxpbs20v7jxm9rd393nvw81g4qpa92s7', '.eJxVjMEOwiAQRP-FsyGwC7T16L3fQIBdpGpoUtqT8d9tkx40c5v3Zt7Ch20tfmu8-InEVYC4_HYxpCfXA9Aj1Pss01zXZYryUORJmxxn4tftdP8OSmhlX8cuo4OoMjkmDcbq3HMPAKZjQ4OOCrXak6xzg7KE2SIDc9IYAFUWny_Oazcm:1uTyt6:-DXRrogdmVtpAKjn5i6_OBIdDLlFGfiPDs9kCjuYvzE', '2025-07-08 08:20:16.861985');
INSERT INTO `django_session` VALUES ('nz2orjonfrj6mgadu91g64dxuihrkrmd', '.eJxVjEEOwiAQRe_C2hCYUqZ16d4zNMMMSNVAUtqV8e7apAvd_vfef6mJtjVPW4vLNIs6K6tOv1sgfsSyA7lTuVXNtazLHPSu6IM2fa0Sn5fD_TvI1PK3JuKUvCTqoyFgDi50iCkYlCGaATyNLM4jEDvX8cjWWwCggL43iKLeHyBPOII:1uUJbB:kagOnnMzMDO9YOBY264RCcO674K5QJXpkR4Q3CciHmE', '2025-07-09 06:27:09.262894');
INSERT INTO `django_session` VALUES ('nzpjp06nqtxvpklwo8g8tenx3z757ac4', '.eJxVjMEOwiAQRP-FsyGwC7T16L3fQIBdpGpoUtqT8d9tkx40c5v3Zt7Ch20tfmu8-InEVYC4_HYxpCfXA9Aj1Pss01zXZYryUORJmxxn4tftdP8OSmhlX8cuo4OoMjkmDcbq3HMPAKZjQ4OOCrXak6xzg7KE2SIDc9IYAFUWny_Oazcm:1uVSYm:QKNoJc4QHenf23GaVlHnb7yVq70UdSn9C2vja9TJLWg', '2025-07-12 10:13:24.650675');
INSERT INTO `django_session` VALUES ('o4ygsg5l9rkf6hn7n8ssc5lt1x0riicg', '.eJxVjEEOwiAQRe_C2hCYUqZ16d4zNMMMSNVAUtqV8e7apAvd_vfef6mJtjVPW4vLNIs6K6tOv1sgfsSyA7lTuVXNtazLHPSu6IM2fa0Sn5fD_TvI1PK3JuKUvCTqoyFgDi50iCkYlCGaATyNLM4jEDvX8cjWWwCggL43iKLeHyBPOII:1uV9Q0:IsY3K5qIwhJgySPWu8WjW7MeXWZPZBnKd-6PptMVC4E', '2025-07-11 13:47:04.200372');
INSERT INTO `django_session` VALUES ('oa3uvtj59ohjqf292yxy0wboay4u6se3', '.eJxVjMEOwiAQRP-FsyGwC7T16L3fQIBdpGpoUtqT8d9tkx40c5v3Zt7Ch20tfmu8-InEVYC4_HYxpCfXA9Aj1Pss01zXZYryUORJmxxn4tftdP8OSmhlX8cuo4OoMjkmDcbq3HMPAKZjQ4OOCrXak6xzg7KE2SIDc9IYAFUWny_Oazcm:1uSSAQ:-8TpTZpj9v33h6da2h_LsNxJ_5NHZARs2vwea3ozzXA', '2025-07-04 03:11:50.560161');
INSERT INTO `django_session` VALUES ('oc95xpx3whuhb7cstr8o80ykygihhf3h', '.eJxVjMEOwiAQRP-FsyGwC7T16L3fQIBdpGpoUtqT8d9tkx40c5v3Zt7Ch20tfmu8-InEVYC4_HYxpCfXA9Aj1Pss01zXZYryUORJmxxn4tftdP8OSmhlX8cuo4OoMjkmDcbq3HMPAKZjQ4OOCrXak6xzg7KE2SIDc9IYAFUWny_Oazcm:1uSf5f:_f7pBSdHAdnIjSwnIfmdokqtrWrnXpP5GjwN4JozJVo', '2025-07-04 16:59:47.488386');
INSERT INTO `django_session` VALUES ('ohpw781q37yyuezisvtulo407f4djpom', '.eJxVjMEOwiAQRP-FsyGwC7T16L3fQIBdpGpoUtqT8d9tkx40c5v3Zt7Ch20tfmu8-InEVYC4_HYxpCfXA9Aj1Pss01zXZYryUORJmxxn4tftdP8OSmhlX8cuo4OoMjkmDcbq3HMPAKZjQ4OOCrXak6xzg7KE2SIDc9IYAFUWny_Oazcm:1uSXbi:G0mZ6YKMhsTOqBUkcbxnPs7KMGzzCyHQk9qqkNS5QNc', '2025-07-04 09:00:22.362432');
INSERT INTO `django_session` VALUES ('ojn5axrns21aqn6qeqtz3okj47lgan8j', '.eJxVjMEOwiAQRP-FsyGwC7T16L3fQIBdpGpoUtqT8d9tkx40c5v3Zt7Ch20tfmu8-InEVYC4_HYxpCfXA9Aj1Pss01zXZYryUORJmxxn4tftdP8OSmhlX8cuo4OoMjkmDcbq3HMPAKZjQ4OOCrXak6xzg7KE2SIDc9IYAFUWny_Oazcm:1uTzwk:qT6gBp-7DeK2JBwGJI-Xsi5Ic9E1VaguB7DgQ5wjJxs', '2025-07-08 09:28:06.027190');
INSERT INTO `django_session` VALUES ('oznohbelh270cwcsircnn6gp2mm0ponu', '.eJxVjMEOwiAQRP-FsyGwC7T16L3fQIBdpGpoUtqT8d9tkx40c5v3Zt7Ch20tfmu8-InEVYC4_HYxpCfXA9Aj1Pss01zXZYryUORJmxxn4tftdP8OSmhlX8cuo4OoMjkmDcbq3HMPAKZjQ4OOCrXak6xzg7KE2SIDc9IYAFUWny_Oazcm:1uTh9A:lbLrhx0C1XiE92eZhQiOSEll2C0aHooU0ivuwhLxJ0Y', '2025-07-07 13:23:40.362293');
INSERT INTO `django_session` VALUES ('pn91eunitm13tn8daqkmqy7avpqc0sd9', '.eJxVjMEOwiAQRP-FsyGwC7T16L3fQIBdpGpoUtqT8d9tkx40c5v3Zt7Ch20tfmu8-InEVYC4_HYxpCfXA9Aj1Pss01zXZYryUORJmxxn4tftdP8OSmhlX8cuo4OoMjkmDcbq3HMPAKZjQ4OOCrXak6xzg7KE2SIDc9IYAFUWny_Oazcm:1uSVhk:KwaFopGmz3SsgmkGNnMjT4uyXdwWtBtTv8VTmVtrXXc', '2025-07-04 06:58:28.872950');
INSERT INTO `django_session` VALUES ('ppl4f0wbqf0cxf481crg4ne637gkh3x2', '.eJxVjMEOwiAQRP-FsyGwC7T16L3fQIBdpGpoUtqT8d9tkx40c5v3Zt7Ch20tfmu8-InEVYC4_HYxpCfXA9Aj1Pss01zXZYryUORJmxxn4tftdP8OSmhlX8cuo4OoMjkmDcbq3HMPAKZjQ4OOCrXak6xzg7KE2SIDc9IYAFUWny_Oazcm:1uSVlc:2Ycx0knHSpmFR3F3wnIPVRt8A-Kbebcl_wGEzu133aU', '2025-07-04 07:02:28.889898');
INSERT INTO `django_session` VALUES ('puqogypj4nsj2y5jin8wdj5r2iqkf6ew', '.eJxVjEEOwiAQRe_C2hCYUqZ16d4zNMMMSNVAUtqV8e7apAvd_vfef6mJtjVPW4vLNIs6K6tOv1sgfsSyA7lTuVXNtazLHPSu6IM2fa0Sn5fD_TvI1PK3JuKUvCTqoyFgDi50iCkYlCGaATyNLM4jEDvX8cjWWwCggL43iKLeHyBPOII:1uTxx8:FqvWSiLOg9xl17vBT6Oi4C37AQ3faPJjtBcTwNSpLPQ', '2025-07-08 07:20:22.468494');
INSERT INTO `django_session` VALUES ('px9rjprnt26n5hni9kx6ozxo5gblkqfc', '.eJxVjMEOwiAQRP-FsyGwC7T16L3fQIBdpGpoUtqT8d9tkx40c5v3Zt7Ch20tfmu8-InEVYC4_HYxpCfXA9Aj1Pss01zXZYryUORJmxxn4tftdP8OSmhlX8cuo4OoMjkmDcbq3HMPAKZjQ4OOCrXak6xzg7KE2SIDc9IYAFUWny_Oazcm:1uThnH:lva5-Re6w4v8la52PbZRs-qSqkzNLdHXxK6RTNjuA10', '2025-07-07 14:05:07.379066');
INSERT INTO `django_session` VALUES ('q9qqpi2eqy72b1g8to19j56duu1ddhfb', '.eJxVjEEOwiAQRe_C2hCYUqZ16d4zNMMMSNVAUtqV8e7apAvd_vfef6mJtjVPW4vLNIs6K6tOv1sgfsSyA7lTuVXNtazLHPSu6IM2fa0Sn5fD_TvI1PK3JuKUvCTqoyFgDi50iCkYlCGaATyNLM4jEDvX8cjWWwCggL43iKLeHyBPOII:1uTxkJ:mercsjInyG8AnQzD7HYLcHv0DF95ptQ5w7-qo9KBQQE', '2025-07-08 07:07:07.173815');
INSERT INTO `django_session` VALUES ('qc90fy4gys4uglql54pg18rd4xd1pipu', '.eJxVjMEOwiAQRP-FsyGwC7T16L3fQIBdpGpoUtqT8d9tkx40c5v3Zt7Ch20tfmu8-InEVYC4_HYxpCfXA9Aj1Pss01zXZYryUORJmxxn4tftdP8OSmhlX8cuo4OoMjkmDcbq3HMPAKZjQ4OOCrXak6xzg7KE2SIDc9IYAFUWny_Oazcm:1uU06R:5c5YWTG-FerhulR2u8gU0UNTx_cf8iU2ABdb1g6lgqg', '2025-07-08 09:38:07.024775');
INSERT INTO `django_session` VALUES ('qcxoax6jlsy961ybgz1czhq3fqxq530x', '.eJxVjMEOwiAQRP-FsyGwC7T16L3fQIBdpGpoUtqT8d9tkx40c5v3Zt7Ch20tfmu8-InEVYC4_HYxpCfXA9Aj1Pss01zXZYryUORJmxxn4tftdP8OSmhlX8cuo4OoMjkmDcbq3HMPAKZjQ4OOCrXak6xzg7KE2SIDc9IYAFUWny_Oazcm:1uTHMQ:l8mmChjYCd_uF9YzdVUuEK6tH4L3BzQkPh1xRa2Kf1Y', '2025-07-06 09:51:38.558456');
INSERT INTO `django_session` VALUES ('qdidp045obwlt88xr0uzzuxml0gmoacj', '.eJxVjMEOwiAQRP-FsyGwC7T16L3fQIBdpGpoUtqT8d9tkx40c5v3Zt7Ch20tfmu8-InEVYC4_HYxpCfXA9Aj1Pss01zXZYryUORJmxxn4tftdP8OSmhlX8cuo4OoMjkmDcbq3HMPAKZjQ4OOCrXak6xzg7KE2SIDc9IYAFUWny_Oazcm:1uThF6:GopO7sHQZ410W9YNBCvOQSMPQUQ8MsgSVGr61G1eGgs', '2025-07-07 13:29:48.286712');
INSERT INTO `django_session` VALUES ('qggu2pp6paqdx3emm9kb7cgk9um3dqqb', '.eJxVjMEOwiAQRP-FsyGwC7T16L3fQIBdpGpoUtqT8d9tkx40c5v3Zt7Ch20tfmu8-InEVYC4_HYxpCfXA9Aj1Pss01zXZYryUORJmxxn4tftdP8OSmhlX8cuo4OoMjkmDcbq3HMPAKZjQ4OOCrXak6xzg7KE2SIDc9IYAFUWny_Oazcm:1uV9jI:hOn-rrvE51Ja5HnxUsic8T2nsmmiBOU2t-8dRYkbhr4', '2025-07-11 14:07:00.902377');
INSERT INTO `django_session` VALUES ('qkxj27x1ip27iitfj22p0ak4emk1mjdj', '.eJxVjEEOwiAQRe_C2hCYUqZ16d4zNMMMSNVAUtqV8e7apAvd_vfef6mJtjVPW4vLNIs6K6tOv1sgfsSyA7lTuVXNtazLHPSu6IM2fa0Sn5fD_TvI1PK3JuKUvCTqoyFgDi50iCkYlCGaATyNLM4jEDvX8cjWWwCggL43iKLeHyBPOII:1uU25t:B4QgWLz7LARVPywstsT7YzxDjMM0gQ8aM2IYPfZNmWU', '2025-07-08 11:45:41.317409');
INSERT INTO `django_session` VALUES ('qlj5y7erwyn8rsotymizwo5eejij7y3e', '.eJxVjEEOwiAQRe_C2hCYUqZ16d4zNMMMSNVAUtqV8e7apAvd_vfef6mJtjVPW4vLNIs6K6tOv1sgfsSyA7lTuVXNtazLHPSu6IM2fa0Sn5fD_TvI1PK3JuKUvCTqoyFgDi50iCkYlCGaATyNLM4jEDvX8cjWWwCggL43iKLeHyBPOII:1uUL8D:zw_eDjrsKQOn64ODLIJ_bpimGCWk9Sy_txlAIeCGEbs', '2025-07-09 08:05:21.704665');
INSERT INTO `django_session` VALUES ('qucw025q5jrlwnqylgtq27zil8ka2occ', '.eJxVjMEOwiAQRP-FsyGwC7T16L3fQIBdpGpoUtqT8d9tkx40c5v3Zt7Ch20tfmu8-InEVYC4_HYxpCfXA9Aj1Pss01zXZYryUORJmxxn4tftdP8OSmhlX8cuo4OoMjkmDcbq3HMPAKZjQ4OOCrXak6xzg7KE2SIDc9IYAFUWny_Oazcm:1uTF6N:N4Hf00v22b612_QIuy01OW566J5qLFZ58Lro8gx60rQ', '2025-07-06 07:26:55.514631');
INSERT INTO `django_session` VALUES ('qy0dgofvq0056squ7b26hn8nf6axz5k5', '.eJxVjMEOwiAQRP-FsyGwC7T16L3fQIBdpGpoUtqT8d9tkx40c5v3Zt7Ch20tfmu8-InEVYC4_HYxpCfXA9Aj1Pss01zXZYryUORJmxxn4tftdP8OSmhlX8cuo4OoMjkmDcbq3HMPAKZjQ4OOCrXak6xzg7KE2SIDc9IYAFUWny_Oazcm:1uSWhJ:IQGMCNINsRPKma0yxSouyWCpbvWrJLtmzhkmowaySNI', '2025-07-04 08:02:05.956511');
INSERT INTO `django_session` VALUES ('r5llq6i6j078of9jbr9hcthuph1xo9rf', '.eJxVjMEOwiAQRP-FsyGwC7T16L3fQIBdpGpoUtqT8d9tkx40c5v3Zt7Ch20tfmu8-InEVYC4_HYxpCfXA9Aj1Pss01zXZYryUORJmxxn4tftdP8OSmhlX8cuo4OoMjkmDcbq3HMPAKZjQ4OOCrXak6xzg7KE2SIDc9IYAFUWny_Oazcm:1uTxhm:OAiE3JXANlwxzI4WdNay_QSKb3Vgl828WRa9WWDXJ6Y', '2025-07-08 07:04:30.999461');
INSERT INTO `django_session` VALUES ('r64pm3o6im2jxulermuienz9mzuprymf', '.eJxVjMEOwiAQRP-FsyGwC7T16L3fQIBdpGpoUtqT8d9tkx40c5v3Zt7Ch20tfmu8-InEVYC4_HYxpCfXA9Aj1Pss01zXZYryUORJmxxn4tftdP8OSmhlX8cuo4OoMjkmDcbq3HMPAKZjQ4OOCrXak6xzg7KE2SIDc9IYAFUWny_Oazcm:1uVCZf:vCoac4lzYv9CW89KsyXy4jXjXbPgyh4zEsvE-ch70vA', '2025-07-11 17:09:15.304263');
INSERT INTO `django_session` VALUES ('r76awt869yew702j7bqojbw7jqhvrz6w', '.eJxVjMEOwiAQRP-FsyGwC7T16L3fQIBdpGpoUtqT8d9tkx40c5v3Zt7Ch20tfmu8-InEVYC4_HYxpCfXA9Aj1Pss01zXZYryUORJmxxn4tftdP8OSmhlX8cuo4OoMjkmDcbq3HMPAKZjQ4OOCrXak6xzg7KE2SIDc9IYAFUWny_Oazcm:1uVSRS:JPIuiiYotcipgrkSDyXz2rrmWUsZatPKsjWbmE2YxKc', '2025-07-12 10:05:50.224952');
INSERT INTO `django_session` VALUES ('rathsrpt2lsgoi93rpzpkcnmsgjuqejg', '.eJxVjMEOwiAQRP-FsyGwC7T16L3fQIBdpGpoUtqT8d9tkx40c5v3Zt7Ch20tfmu8-InEVYC4_HYxpCfXA9Aj1Pss01zXZYryUORJmxxn4tftdP8OSmhlX8cuo4OoMjkmDcbq3HMPAKZjQ4OOCrXak6xzg7KE2SIDc9IYAFUWny_Oazcm:1uVA8O:njlf_Lw12FwuwHUvd6jVA5DYnXEbo0uI4AGpdKtx4ac', '2025-07-11 14:32:56.288587');
INSERT INTO `django_session` VALUES ('roxlxxqvp2t72npd7but3k20gckcse8g', '.eJxVjMEOwiAQRP-FsyGwC7T16L3fQIBdpGpoUtqT8d9tkx40c5v3Zt7Ch20tfmu8-InEVYC4_HYxpCfXA9Aj1Pss01zXZYryUORJmxxn4tftdP8OSmhlX8cuo4OoMjkmDcbq3HMPAKZjQ4OOCrXak6xzg7KE2SIDc9IYAFUWny_Oazcm:1uSwXs:XII2sjjLPKF7oT4Y7_ENOf5ygz1u_1SMhrozZbjnd30', '2025-07-05 11:38:04.017357');
INSERT INTO `django_session` VALUES ('rpdds8wckav5w1ys99hh9479hi5sp207', '.eJxVjMEOwiAQRP-FsyGwC7T16L3fQIBdpGpoUtqT8d9tkx40c5v3Zt7Ch20tfmu8-InEVYC4_HYxpCfXA9Aj1Pss01zXZYryUORJmxxn4tftdP8OSmhlX8cuo4OoMjkmDcbq3HMPAKZjQ4OOCrXak6xzg7KE2SIDc9IYAFUWny_Oazcm:1uSWVZ:WX-j3yXQgIcpwwFe661Pu1S6mcJWTH9Dc4m5MWHP1WY', '2025-07-04 07:49:57.433326');
INSERT INTO `django_session` VALUES ('rv5v38sb456bgm16uurpzv7kn0s9c867', '.eJxVjMEOwiAQRP-FsyGwC7T16L3fQIBdpGpoUtqT8d9tkx40c5v3Zt7Ch20tfmu8-InEVYC4_HYxpCfXA9Aj1Pss01zXZYryUORJmxxn4tftdP8OSmhlX8cuo4OoMjkmDcbq3HMPAKZjQ4OOCrXak6xzg7KE2SIDc9IYAFUWny_Oazcm:1uSesW:9HGahl5s_K9z4Y-xOG9ZWKhyHEW0-EK6xghremTluUc', '2025-07-04 16:46:12.401553');
INSERT INTO `django_session` VALUES ('s0fz74q8f9m0jl7tyy26jcm2zbedonp5', '.eJxVjMEOwiAQRP-FsyGwC7T16L3fQIBdpGpoUtqT8d9tkx40c5v3Zt7Ch20tfmu8-InEVYC4_HYxpCfXA9Aj1Pss01zXZYryUORJmxxn4tftdP8OSmhlX8cuo4OoMjkmDcbq3HMPAKZjQ4OOCrXak6xzg7KE2SIDc9IYAFUWny_Oazcm:1uTG5u:ZJCWYLLHLfkbBb4AYtCX5_elw3uSVzSRLW8_JMXQico', '2025-07-06 08:30:30.929694');
INSERT INTO `django_session` VALUES ('s0mh3oq5gvczh8jaxmqa1s7nvpuvqtrl', '.eJxVjEEOwiAQRe_C2hCYUqZ16d4zNMMMSNVAUtqV8e7apAvd_vfef6mJtjVPW4vLNIs6K6tOv1sgfsSyA7lTuVXNtazLHPSu6IM2fa0Sn5fD_TvI1PK3JuKUvCTqoyFgDi50iCkYlCGaATyNLM4jEDvX8cjWWwCggL43iKLeHyBPOII:1uRBqX:e6VkPCziO-TmpGsWANEvCwDj1OStGtC4mX9_nekNWrY', '2025-06-30 15:34:05.235047');
INSERT INTO `django_session` VALUES ('s10up7q0yy4mmtsqpptp5d0minbhn11x', '.eJxVjEEOwiAQRe_C2hCYUqZ16d4zNMMMSNVAUtqV8e7apAvd_vfef6mJtjVPW4vLNIs6K6tOv1sgfsSyA7lTuVXNtazLHPSu6IM2fa0Sn5fD_TvI1PK3JuKUvCTqoyFgDi50iCkYlCGaATyNLM4jEDvX8cjWWwCggL43iKLeHyBPOII:1uUNY6:6T-Wpq8ZTPPQMNoGTnt0a2bhsLsrD-QA7jOc8JjF0OA', '2025-07-09 10:40:14.132684');
INSERT INTO `django_session` VALUES ('s20pjbrkkde0hd94pw9jynstcteogqna', '.eJxVjMEOwiAQRP-FsyGwC7T16L3fQIBdpGpoUtqT8d9tkx40c5v3Zt7Ch20tfmu8-InEVYC4_HYxpCfXA9Aj1Pss01zXZYryUORJmxxn4tftdP8OSmhlX8cuo4OoMjkmDcbq3HMPAKZjQ4OOCrXak6xzg7KE2SIDc9IYAFUWny_Oazcm:1uTh2N:crMtiwRdf1lYAxZAw6oyIEU1H5le6sg954hmDLNU4nw', '2025-07-07 13:16:39.252439');
INSERT INTO `django_session` VALUES ('s592bo52oinydkmge3lq8fpiaeh91g41', '.eJxVjMEOwiAQRP-FsyGwC7T16L3fQIBdpGpoUtqT8d9tkx40c5v3Zt7Ch20tfmu8-InEVYC4_HYxpCfXA9Aj1Pss01zXZYryUORJmxxn4tftdP8OSmhlX8cuo4OoMjkmDcbq3HMPAKZjQ4OOCrXak6xzg7KE2SIDc9IYAFUWny_Oazcm:1uULqW:fS01K-vB4pfr2bTxEfIRKfbgfZweJYbmHLv8YuqSKCw', '2025-07-09 08:51:08.628101');
INSERT INTO `django_session` VALUES ('s5bvql6n133u9m3v7ims7nfuyaj1lcka', '.eJxVjMEOwiAQRP-FsyGwC7T16L3fQIBdpGpoUtqT8d9tkx40c5v3Zt7Ch20tfmu8-InEVYC4_HYxpCfXA9Aj1Pss01zXZYryUORJmxxn4tftdP8OSmhlX8cuo4OoMjkmDcbq3HMPAKZjQ4OOCrXak6xzg7KE2SIDc9IYAFUWny_Oazcm:1uSbeg:ErTwiZgjSIVgFf7Z20aieQqPurIfdhNBJsGoj7yB2ws', '2025-07-04 13:19:42.691608');
INSERT INTO `django_session` VALUES ('s899zd3fcfa4q8no97wf04p5gcigr66e', '.eJxVjMEOwiAQRP-FsyGwC7T16L3fQIBdpGpoUtqT8d9tkx40c5v3Zt7Ch20tfmu8-InEVYC4_HYxpCfXA9Aj1Pss01zXZYryUORJmxxn4tftdP8OSmhlX8cuo4OoMjkmDcbq3HMPAKZjQ4OOCrXak6xzg7KE2SIDc9IYAFUWny_Oazcm:1uScsy:TJHhebECO8Q5wsGDdxueRW8ZlxaRlzWB1ZU1vMEWfKA', '2025-07-04 14:38:32.760341');
INSERT INTO `django_session` VALUES ('sac3ruqvo3xdunxcvkc7dpa4674a92rp', '.eJxVjMEOwiAQRP-FsyGwC7T16L3fQIBdpGpoUtqT8d9tkx40c5v3Zt7Ch20tfmu8-InEVYC4_HYxpCfXA9Aj1Pss01zXZYryUORJmxxn4tftdP8OSmhlX8cuo4OoMjkmDcbq3HMPAKZjQ4OOCrXak6xzg7KE2SIDc9IYAFUWny_Oazcm:1uTznx:_0blIx0FURyIlAIGhsLZgWiCwqOI30yklK0ZQzCDxN0', '2025-07-08 09:19:01.680478');
INSERT INTO `django_session` VALUES ('sicjy8kx738podagqqkld5njz7xwnqiv', '.eJxVjMEOwiAQRP-FsyGwC7T16L3fQIBdpGpoUtqT8d9tkx40c5v3Zt7Ch20tfmu8-InEVYC4_HYxpCfXA9Aj1Pss01zXZYryUORJmxxn4tftdP8OSmhlX8cuo4OoMjkmDcbq3HMPAKZjQ4OOCrXak6xzg7KE2SIDc9IYAFUWny_Oazcm:1uTgHN:zgr00c9_Q66i6XgONodOJAhJjg1WCqt_HHJa2VRNsH8', '2025-07-07 12:28:05.495056');
INSERT INTO `django_session` VALUES ('sl6tibutuxbht4daahsp2ait1lcbjbgz', '.eJxVjMEOwiAQRP-FsyGwC7T16L3fQIBdpGpoUtqT8d9tkx40c5v3Zt7Ch20tfmu8-InEVYC4_HYxpCfXA9Aj1Pss01zXZYryUORJmxxn4tftdP8OSmhlX8cuo4OoMjkmDcbq3HMPAKZjQ4OOCrXak6xzg7KE2SIDc9IYAFUWny_Oazcm:1uUjWz:sW9vaPf_LQnYiR8iYum5CYepjOFdc_ReB7J3BnmN17I', '2025-07-10 10:08:33.529150');
INSERT INTO `django_session` VALUES ('smjczytbgx9ylt7475baxusmkgij611w', '.eJxVjMEOwiAQRP-FsyGwC7T16L3fQIBdpGpoUtqT8d9tkx40c5v3Zt7Ch20tfmu8-InEVYC4_HYxpCfXA9Aj1Pss01zXZYryUORJmxxn4tftdP8OSmhlX8cuo4OoMjkmDcbq3HMPAKZjQ4OOCrXak6xzg7KE2SIDc9IYAFUWny_Oazcm:1uVOik:VfWX5jE1eQ3L_F0YDY76gKvVyEptZ_aCTl7oh1DwFRM', '2025-07-12 06:07:26.368509');
INSERT INTO `django_session` VALUES ('svops09tnx1de1t32g8bju8cufccy2lt', '.eJxVjMEOwiAQRP-FsyGwC7T16L3fQIBdpGpoUtqT8d9tkx40c5v3Zt7Ch20tfmu8-InEVYC4_HYxpCfXA9Aj1Pss01zXZYryUORJmxxn4tftdP8OSmhlX8cuo4OoMjkmDcbq3HMPAKZjQ4OOCrXak6xzg7KE2SIDc9IYAFUWny_Oazcm:1uSdOK:ckVBU9y7FKL7hdTK-eHIAqPhmIDaVpoXUPhw7GEBWRs', '2025-07-04 15:10:56.606585');
INSERT INTO `django_session` VALUES ('swsbel5yj55ayyekyugjbmv0ffq6ehp9', '.eJxVjMEOwiAQRP-FsyGwC7T16L3fQIBdpGpoUtqT8d9tkx40c5v3Zt7Ch20tfmu8-InEVYC4_HYxpCfXA9Aj1Pss01zXZYryUORJmxxn4tftdP8OSmhlX8cuo4OoMjkmDcbq3HMPAKZjQ4OOCrXak6xzg7KE2SIDc9IYAFUWny_Oazcm:1uULl6:yx_G2YNjiQ5ZdfckQo3Zpu-xIxMst-0ajBgkPiiAmzI', '2025-07-09 08:45:32.251878');
INSERT INTO `django_session` VALUES ('tc4c8k97ihjz7zcx8g84npbspvxlk957', '.eJxVjMEOwiAQRP-FsyGwC7T16L3fQIBdpGpoUtqT8d9tkx40c5v3Zt7Ch20tfmu8-InEVYC4_HYxpCfXA9Aj1Pss01zXZYryUORJmxxn4tftdP8OSmhlX8cuo4OoMjkmDcbq3HMPAKZjQ4OOCrXak6xzg7KE2SIDc9IYAFUWny_Oazcm:1uSWSX:O65enIt3UUBRTgErCq7V6tgj_L7os-RPRLwek--P_3Q', '2025-07-04 07:46:49.991865');
INSERT INTO `django_session` VALUES ('td271h7t8juvlefume3b88tavgfgyx4l', '.eJxVjMEOwiAQRP-FsyGwC7T16L3fQIBdpGpoUtqT8d9tkx40c5v3Zt7Ch20tfmu8-InEVYC4_HYxpCfXA9Aj1Pss01zXZYryUORJmxxn4tftdP8OSmhlX8cuo4OoMjkmDcbq3HMPAKZjQ4OOCrXak6xzg7KE2SIDc9IYAFUWny_Oazcm:1uScau:NRqL_HUXVHqZn7qCNzofTgoXnfNS0lxudYyzvG149io', '2025-07-04 14:19:52.483321');
INSERT INTO `django_session` VALUES ('tfkakme3zgqk049umfjgpj8aarbs2esx', '.eJxVjMsOgjAQRf-la9MUWobRpXu-gcyrghpIKKyM_64kLHR7zzn35Xra1qHfii39qO7ianf63ZjkYdMO9E7TbfYyT-syst8Vf9Diu1nteT3cv4OByvCtowlqJklGbRYGS7HSsxqEBghDrNjQcsXYYBLIhNgGYK05J0GI5t4fG-85Ag:1uVVRu:scg-KnNFjA8oU1Z8wUyfD6r-AqX3wOsv0mZ5i_owTyE', '2025-07-12 13:18:30.592339');
INSERT INTO `django_session` VALUES ('tiddut0bjxv8arzr56ypq8nzhq36morz', '.eJxVjMEOwiAQRP-FsyGwC7T16L3fQIBdpGpoUtqT8d9tkx40c5v3Zt7Ch20tfmu8-InEVYC4_HYxpCfXA9Aj1Pss01zXZYryUORJmxxn4tftdP8OSmhlX8cuo4OoMjkmDcbq3HMPAKZjQ4OOCrXak6xzg7KE2SIDc9IYAFUWny_Oazcm:1uThKf:7Oph99rAtkISpdHvSHQE5voKCmMr3D4N3fU7xdxupuA', '2025-07-07 13:35:33.218975');
INSERT INTO `django_session` VALUES ('tktxnfgqkcfbzqnjib8p4tm6tah7idqe', '.eJxVjMEOwiAQRP-FsyGwC7T16L3fQIBdpGpoUtqT8d9tkx40c5v3Zt7Ch20tfmu8-InEVYC4_HYxpCfXA9Aj1Pss01zXZYryUORJmxxn4tftdP8OSmhlX8cuo4OoMjkmDcbq3HMPAKZjQ4OOCrXak6xzg7KE2SIDc9IYAFUWny_Oazcm:1uTzgo:0kWCpFTpp6b9wfQvopQ1ITh2LcD_KKQ-29TxDnyT6Rk', '2025-07-08 09:11:38.418253');
INSERT INTO `django_session` VALUES ('tnv90qk0412jtpy7tun1op2s4ewg1xwx', '.eJxVjMEOwiAQRP-FsyGwC7T16L3fQIBdpGpoUtqT8d9tkx40c5v3Zt7Ch20tfmu8-InEVYC4_HYxpCfXA9Aj1Pss01zXZYryUORJmxxn4tftdP8OSmhlX8cuo4OoMjkmDcbq3HMPAKZjQ4OOCrXak6xzg7KE2SIDc9IYAFUWny_Oazcm:1uU1q5:b32x3fbquZ1iPCWsZWLXcE30jnEIH8gIF2kw7vC5fiY', '2025-07-08 11:29:21.512888');
INSERT INTO `django_session` VALUES ('tw1wy2gx0a9dzc1onpy03p0vdtd2zht1', '.eJxVjMEOwiAQRP-FsyGwC7T16L3fQIBdpGpoUtqT8d9tkx40c5v3Zt7Ch20tfmu8-InEVYC4_HYxpCfXA9Aj1Pss01zXZYryUORJmxxn4tftdP8OSmhlX8cuo4OoMjkmDcbq3HMPAKZjQ4OOCrXak6xzg7KE2SIDc9IYAFUWny_Oazcm:1uV9l7:1GEnC6-MODSPHrNgpXlWdyC34CNzzaLWLUArL3MuZmQ', '2025-07-11 14:08:53.663876');
INSERT INTO `django_session` VALUES ('u10zuazr1hz32wsl9v2cjg8t8e8njr8i', '.eJxVjMEOwiAQRP-FsyGwC7T16L3fQIBdpGpoUtqT8d9tkx40c5v3Zt7Ch20tfmu8-InEVYC4_HYxpCfXA9Aj1Pss01zXZYryUORJmxxn4tftdP8OSmhlX8cuo4OoMjkmDcbq3HMPAKZjQ4OOCrXak6xzg7KE2SIDc9IYAFUWny_Oazcm:1uTgLQ:agoQsNAHBgSn0w01kqEeG-ct72VkH2Z2cVFOME13n4o', '2025-07-07 12:32:16.686401');
INSERT INTO `django_session` VALUES ('ursjo4eh5swfr5sydxf4g77h80lkxa7a', '.eJxVjMEOwiAQRP-FsyGwC7T16L3fQIBdpGpoUtqT8d9tkx40c5v3Zt7Ch20tfmu8-InEVYC4_HYxpCfXA9Aj1Pss01zXZYryUORJmxxn4tftdP8OSmhlX8cuo4OoMjkmDcbq3HMPAKZjQ4OOCrXak6xzg7KE2SIDc9IYAFUWny_Oazcm:1uRqxS:0DlOFrFAtDnJY0-4tnx-NeoK45PMfUjFVjWAmU3fAmU', '2025-07-02 11:27:58.598369');
INSERT INTO `django_session` VALUES ('ux317rd6bynqsox26zcaawt8vjkra3dv', '.eJxVjEEOwiAQRe_C2hCYUqZ16d4zNMMMSNVAUtqV8e7apAvd_vfef6mJtjVPW4vLNIs6K6tOv1sgfsSyA7lTuVXNtazLHPSu6IM2fa0Sn5fD_TvI1PK3JuKUvCTqoyFgDi50iCkYlCGaATyNLM4jEDvX8cjWWwCggL43iKLeHyBPOII:1uV2ah:NZ53Rw4kUmdDSBeZEVt2OyQHOX4dyRHodbOjuuUEWdU', '2025-07-11 06:29:39.675853');
INSERT INTO `django_session` VALUES ('uyw011kepgxojbalwc1vdann3nx9d9dn', '.eJxVjEEOwiAQRe_C2hCYUqZ16d4zNMMMSNVAUtqV8e7apAvd_vfef6mJtjVPW4vLNIs6K6tOv1sgfsSyA7lTuVXNtazLHPSu6IM2fa0Sn5fD_TvI1PK3JuKUvCTqoyFgDi50iCkYlCGaATyNLM4jEDvX8cjWWwCggL43iKLeHyBPOII:1uUL7g:vDYppq3o9LopvXU78iCLjsMLxHlbhL5cbzwhhCeax0A', '2025-07-09 08:04:48.449487');
INSERT INTO `django_session` VALUES ('v1ptacxq84p8wlpfilgeemnaan8nvaf3', '.eJxVjMEOwiAQRP-FsyGwC7T16L3fQIBdpGpoUtqT8d9tkx40c5v3Zt7Ch20tfmu8-InEVYC4_HYxpCfXA9Aj1Pss01zXZYryUORJmxxn4tftdP8OSmhlX8cuo4OoMjkmDcbq3HMPAKZjQ4OOCrXak6xzg7KE2SIDc9IYAFUWny_Oazcm:1uScWI:RYHjsYKdh8tQnq7VmldW-ugbiZX9cHOmvx73AofMMss', '2025-07-04 14:15:06.156578');
INSERT INTO `django_session` VALUES ('v3qfdljfjii5r7jt9w8prkpc0ew9gcye', '.eJxVjMsOgjAQRf-la9MUWobRpXu-gcyrghpIKKyM_64kLHR7zzn35Xra1qHfii39qO7ianf63ZjkYdMO9E7TbfYyT-syst8Vf9Diu1nteT3cv4OByvCtowlqJklGbRYGS7HSsxqEBghDrNjQcsXYYBLIhNgGYK05J0GI5t4fG-85Ag:1uVWcp:0p26Mak4lb03R7E-zvJlUs8GeQM6s3tLqje1aBvmU2Q', '2025-07-12 14:33:51.866097');
INSERT INTO `django_session` VALUES ('vkgltbaq0p7u34pg4mvvqko1jvz5mk44', '.eJxVjMEOwiAQRP-FsyGwC7T16L3fQIBdpGpoUtqT8d9tkx40c5v3Zt7Ch20tfmu8-InEVYC4_HYxpCfXA9Aj1Pss01zXZYryUORJmxxn4tftdP8OSmhlX8cuo4OoMjkmDcbq3HMPAKZjQ4OOCrXak6xzg7KE2SIDc9IYAFUWny_Oazcm:1uSYtn:H6HUlk58h7V7sdnwT4tny4K8nX4qX3IP4rlJcFNiqz8', '2025-07-04 10:23:07.448598');
INSERT INTO `django_session` VALUES ('vld78oo1xnat0syhvulfzzzr69e4x68b', '.eJxVjMEOwiAQRP-FsyGwC7T16L3fQIBdpGpoUtqT8d9tkx40c5v3Zt7Ch20tfmu8-InEVYC4_HYxpCfXA9Aj1Pss01zXZYryUORJmxxn4tftdP8OSmhlX8cuo4OoMjkmDcbq3HMPAKZjQ4OOCrXak6xzg7KE2SIDc9IYAFUWny_Oazcm:1uRrO1:KKj8vF1X0ToS-askfGNSGDI3no22Eka6nbXuIc4bbLE', '2025-07-02 11:55:25.782176');
INSERT INTO `django_session` VALUES ('vsb3zuzvsfalobfohp4srkxzmsckoand', '.eJxVjMEOwiAQRP-FsyGwC7T16L3fQIBdpGpoUtqT8d9tkx40c5v3Zt7Ch20tfmu8-InEVYC4_HYxpCfXA9Aj1Pss01zXZYryUORJmxxn4tftdP8OSmhlX8cuo4OoMjkmDcbq3HMPAKZjQ4OOCrXak6xzg7KE2SIDc9IYAFUWny_Oazcm:1uTxxs:1nKYeg6qNd1x4VUOv8dIBa3RpzoW9nnb7uLzE6CG_U8', '2025-07-08 07:21:08.828696');
INSERT INTO `django_session` VALUES ('vtcvgrv5qrzro8gnu4bd8ubs0kr2xmf9', '.eJxVjMEOwiAQRP-FsyGwC7T16L3fQIBdpGpoUtqT8d9tkx40c5v3Zt7Ch20tfmu8-InEVYC4_HYxpCfXA9Aj1Pss01zXZYryUORJmxxn4tftdP8OSmhlX8cuo4OoMjkmDcbq3HMPAKZjQ4OOCrXak6xzg7KE2SIDc9IYAFUWny_Oazcm:1uSeJi:sIv8kNkpXDVXcnWHeETiSNpPwt58wTeZZSubL45Fddk', '2025-07-04 16:10:14.957356');
INSERT INTO `django_session` VALUES ('vu3xdgls1vw1vyn2trwm4vhfg05j7l6v', '.eJxVjMsOgjAQRf-la9MUWobRpXu-gcyrghpIKKyM_64kLHR7zzn35Xra1qHfii39qO7ianf63ZjkYdMO9E7TbfYyT-syst8Vf9Diu1nteT3cv4OByvCtowlqJklGbRYGS7HSsxqEBghDrNjQcsXYYBLIhNgGYK05J0GI5t4fG-85Ag:1uVVaN:GTvXzQn2Gtqwo3P4cdqWSwFvwYzaQeMx3hwOQ0rVI20', '2025-07-12 13:27:15.470010');
INSERT INTO `django_session` VALUES ('vucfm3cfcshkcw62xjkoaoijpraf4lvf', '.eJxVjEEOwiAQRe_C2hCYUqZ16d4zNMMMSNVAUtqV8e7apAvd_vfef6mJtjVPW4vLNIs6K6tOv1sgfsSyA7lTuVXNtazLHPSu6IM2fa0Sn5fD_TvI1PK3JuKUvCTqoyFgDi50iCkYlCGaATyNLM4jEDvX8cjWWwCggL43iKLeHyBPOII:1uV9Ku:ZKoW3qQx4It7INMIuALVNUyQ9waBoNCnHhYtZ1HmuJM', '2025-07-11 13:41:48.971798');
INSERT INTO `django_session` VALUES ('w5gigztx9a4rc22z7ym80ieh3ju04cz9', '.eJxVjMEOwiAQRP-FsyGwC7T16L3fQIBdpGpoUtqT8d9tkx40c5v3Zt7Ch20tfmu8-InEVYC4_HYxpCfXA9Aj1Pss01zXZYryUORJmxxn4tftdP8OSmhlX8cuo4OoMjkmDcbq3HMPAKZjQ4OOCrXak6xzg7KE2SIDc9IYAFUWny_Oazcm:1uRrKD:Eox29BsyG9c7zv53BYsKIhLlRvB5ldsSf9nP3saOVhc', '2025-07-02 11:51:29.722753');
INSERT INTO `django_session` VALUES ('wlm0szlwsjnro016i04xub63h8e0fo7o', '.eJxVjMEOwiAQRP-FsyGwC7T16L3fQIBdpGpoUtqT8d9tkx40c5v3Zt7Ch20tfmu8-InEVYC4_HYxpCfXA9Aj1Pss01zXZYryUORJmxxn4tftdP8OSmhlX8cuo4OoMjkmDcbq3HMPAKZjQ4OOCrXak6xzg7KE2SIDc9IYAFUWny_Oazcm:1uSxm2:mtZ6wzFTi3zR6xSO7tpLROjjkvOaKb5DN3l4hExwuME', '2025-07-05 12:56:46.705862');
INSERT INTO `django_session` VALUES ('wnxks92n2aykrrmukx6ahlfghd9npiij', '.eJxVjMEOwiAQRP-FsyGwC7T16L3fQIBdpGpoUtqT8d9tkx40c5v3Zt7Ch20tfmu8-InEVYC4_HYxpCfXA9Aj1Pss01zXZYryUORJmxxn4tftdP8OSmhlX8cuo4OoMjkmDcbq3HMPAKZjQ4OOCrXak6xzg7KE2SIDc9IYAFUWny_Oazcm:1uVNwm:o4bxNEiavZ1_SU11CiFLMTqweMTvvJ_ZadMp6sUr7tU', '2025-07-12 05:17:52.441399');
INSERT INTO `django_session` VALUES ('wus0igw9ur3lrt7w9h77p5kwjyavpnyc', '.eJxVjMEOwiAQRP-FsyGwC7T16L3fQIBdpGpoUtqT8d9tkx40c5v3Zt7Ch20tfmu8-InEVYC4_HYxpCfXA9Aj1Pss01zXZYryUORJmxxn4tftdP8OSmhlX8cuo4OoMjkmDcbq3HMPAKZjQ4OOCrXak6xzg7KE2SIDc9IYAFUWny_Oazcm:1uULdB:hCd96NELlbKbtLoFiJD2m7l1ciYWBRvDqR7xukOvoT8', '2025-07-09 08:37:21.715817');
INSERT INTO `django_session` VALUES ('wwrhystcrpoulwhx7ztr0dbyp9ow4gjp', '.eJxVjMEOwiAQRP-FsyGwC7T16L3fQIBdpGpoUtqT8d9tkx40c5v3Zt7Ch20tfmu8-InEVYC4_HYxpCfXA9Aj1Pss01zXZYryUORJmxxn4tftdP8OSmhlX8cuo4OoMjkmDcbq3HMPAKZjQ4OOCrXak6xzg7KE2SIDc9IYAFUWny_Oazcm:1uSxma:jxFTLm7fQcJo250y7C1fXa8_5MW3tm2vxHEargnDi5E', '2025-07-05 12:57:20.831334');
INSERT INTO `django_session` VALUES ('x08eltkcuvupfh7f49qv9n9pk4ueivr3', '.eJxVjMEOwiAQRP-FsyGwC7T16L3fQIBdpGpoUtqT8d9tkx40c5v3Zt7Ch20tfmu8-InEVYC4_HYxpCfXA9Aj1Pss01zXZYryUORJmxxn4tftdP8OSmhlX8cuo4OoMjkmDcbq3HMPAKZjQ4OOCrXak6xzg7KE2SIDc9IYAFUWny_Oazcm:1uTErb:dl_OSLFPXxY-PddKHi1JQKi7fp61vUX-o5SYNThROYI', '2025-07-06 07:11:39.475363');
INSERT INTO `django_session` VALUES ('x47ij8whrc2riym4a15x7i6y9u7895sx', '.eJxVjMEOwiAQRP-FsyGwC7T16L3fQIBdpGpoUtqT8d9tkx40c5v3Zt7Ch20tfmu8-InEVYC4_HYxpCfXA9Aj1Pss01zXZYryUORJmxxn4tftdP8OSmhlX8cuo4OoMjkmDcbq3HMPAKZjQ4OOCrXak6xzg7KE2SIDc9IYAFUWny_Oazcm:1uVSLc:T7i3AOvw1eBY5tNjVN9RFnTH_Mk921gwg1UY7jxbZb4', '2025-07-12 09:59:48.765537');
INSERT INTO `django_session` VALUES ('x90v4z5zsx4nk36jmqdqj0u1sicpktci', '.eJxVjMEOwiAQRP-FsyGwC7T16L3fQIBdpGpoUtqT8d9tkx40c5v3Zt7Ch20tfmu8-InEVYC4_HYxpCfXA9Aj1Pss01zXZYryUORJmxxn4tftdP8OSmhlX8cuo4OoMjkmDcbq3HMPAKZjQ4OOCrXak6xzg7KE2SIDc9IYAFUWny_Oazcm:1uULpo:okjBmCniPh5hca84yjxs9KrDEik1KJ4PcBU3c7Y6Pws', '2025-07-09 08:50:24.633492');
INSERT INTO `django_session` VALUES ('x96mnzx0qgzawpqnr43pj82wbn1tfgee', '.eJxVjEEOwiAQRe_C2hCYUqZ16d4zNMMMSNVAUtqV8e7apAvd_vfef6mJtjVPW4vLNIs6K6tOv1sgfsSyA7lTuVXNtazLHPSu6IM2fa0Sn5fD_TvI1PK3JuKUvCTqoyFgDi50iCkYlCGaATyNLM4jEDvX8cjWWwCggL43iKLeHyBPOII:1uU2VG:NKMycay_jLlRg9j5_6CzmodLw6gqBp3-5uW8PTuWHq8', '2025-07-08 12:11:54.872537');
INSERT INTO `django_session` VALUES ('x9x0t4uhcg6b6rbgeqvv7r5habmvaq1s', '.eJxVjMEOwiAQRP-FsyGwC7T16L3fQIBdpGpoUtqT8d9tkx40c5v3Zt7Ch20tfmu8-InEVYC4_HYxpCfXA9Aj1Pss01zXZYryUORJmxxn4tftdP8OSmhlX8cuo4OoMjkmDcbq3HMPAKZjQ4OOCrXak6xzg7KE2SIDc9IYAFUWny_Oazcm:1uTgrQ:CqeTMw14jw3jp-fKDkZM3D4yucP9PUq8IZjk4CgB_l8', '2025-07-07 13:05:20.742157');
INSERT INTO `django_session` VALUES ('xad3wv9n51bi12cpcnfcw47yoq33qmp8', '.eJxVjMEOwiAQRP-FsyGwC7T16L3fQIBdpGpoUtqT8d9tkx40c5v3Zt7Ch20tfmu8-InEVYC4_HYxpCfXA9Aj1Pss01zXZYryUORJmxxn4tftdP8OSmhlX8cuo4OoMjkmDcbq3HMPAKZjQ4OOCrXak6xzg7KE2SIDc9IYAFUWny_Oazcm:1uVT6s:vnWyv-KxAxw5ZGIX2lIxTZTEQvy7YAukapvSpgZWXQE', '2025-07-12 10:48:38.933396');
INSERT INTO `django_session` VALUES ('xmdll6ubtweiiklyy5d0zl2ljjfprccl', '.eJxVjEEOwiAQRe_C2hCYUqZ16d4zNMMMSNVAUtqV8e7apAvd_vfef6mJtjVPW4vLNIs6K6tOv1sgfsSyA7lTuVXNtazLHPSu6IM2fa0Sn5fD_TvI1PK3JuKUvCTqoyFgDi50iCkYlCGaATyNLM4jEDvX8cjWWwCggL43iKLeHyBPOII:1uTxuB:APhyyQiGCvTmLS4pm9bKBAZRpuNHw_5x1yqrwLGVqiw', '2025-07-08 07:17:19.181650');
INSERT INTO `django_session` VALUES ('xs5emnnuvzb96kqirw4nxoztxzl98awp', '.eJxVjMEOwiAQRP-FsyGwC7T16L3fQIBdpGpoUtqT8d9tkx40c5v3Zt7Ch20tfmu8-InEVYC4_HYxpCfXA9Aj1Pss01zXZYryUORJmxxn4tftdP8OSmhlX8cuo4OoMjkmDcbq3HMPAKZjQ4OOCrXak6xzg7KE2SIDc9IYAFUWny_Oazcm:1uU0LX:YMR0OlznjP4zdfHzWX1R_GRzSSaXwrY0A1uDuyB_tHs', '2025-07-08 09:53:43.365073');
INSERT INTO `django_session` VALUES ('xxgstla30cfaxay17kesdbm4oqe5hec0', '.eJxVjMEOwiAQRP-FsyGwC7T16L3fQIBdpGpoUtqT8d9tkx40c5v3Zt7Ch20tfmu8-InEVYC4_HYxpCfXA9Aj1Pss01zXZYryUORJmxxn4tftdP8OSmhlX8cuo4OoMjkmDcbq3HMPAKZjQ4OOCrXak6xzg7KE2SIDc9IYAFUWny_Oazcm:1uRrM9:BxXm_KEhxNqXvE1aki7MCKgtMPhri-XnTCqls4WSDqk', '2025-07-02 11:53:29.077664');
INSERT INTO `django_session` VALUES ('y1xnp23jomswd0x0x2lwkf9gtl01ybu1', '.eJxVjMEOwiAQRP-FsyGwC7T16L3fQIBdpGpoUtqT8d9tkx40c5v3Zt7Ch20tfmu8-InEVYC4_HYxpCfXA9Aj1Pss01zXZYryUORJmxxn4tftdP8OSmhlX8cuo4OoMjkmDcbq3HMPAKZjQ4OOCrXak6xzg7KE2SIDc9IYAFUWny_Oazcm:1uUhXf:UCJzchl86F_yTcK-EwuUQvktDBaiGsMvDD4X9NdX2H8', '2025-07-10 08:01:07.061147');
INSERT INTO `django_session` VALUES ('y50rzqwi5ose8k3qqz75liepwtb7bvaf', '.eJxVjEEOwiAQRe_C2hCYUqZ16d4zNMMMSNVAUtqV8e7apAvd_vfef6mJtjVPW4vLNIs6K6tOv1sgfsSyA7lTuVXNtazLHPSu6IM2fa0Sn5fD_TvI1PK3JuKUvCTqoyFgDi50iCkYlCGaATyNLM4jEDvX8cjWWwCggL43iKLeHyBPOII:1uUgY6:PkeESJe3WjMT5rGOrbnoSDMDaX-hsleI_1S2D7QznwA', '2025-07-10 06:57:30.479533');
INSERT INTO `django_session` VALUES ('y7cgvfmupc6v0buavpfwrbrujtutyw1y', '.eJxVjMEOwiAQRP-FsyGwC7T16L3fQIBdpGpoUtqT8d9tkx40c5v3Zt7Ch20tfmu8-InEVYC4_HYxpCfXA9Aj1Pss01zXZYryUORJmxxn4tftdP8OSmhlX8cuo4OoMjkmDcbq3HMPAKZjQ4OOCrXak6xzg7KE2SIDc9IYAFUWny_Oazcm:1uTgDp:5QWp8QBREirG9u-1QhHngz-5moa-XdMngnXSc7iqy9g', '2025-07-07 12:24:25.805502');
INSERT INTO `django_session` VALUES ('y9gqq7zynvl4ruiwwjgmez5urr1in98n', '.eJxVjMEOwiAQRP-FsyGwC7T16L3fQIBdpGpoUtqT8d9tkx40c5v3Zt7Ch20tfmu8-InEVYC4_HYxpCfXA9Aj1Pss01zXZYryUORJmxxn4tftdP8OSmhlX8cuo4OoMjkmDcbq3HMPAKZjQ4OOCrXak6xzg7KE2SIDc9IYAFUWny_Oazcm:1uT06u:oH7_zvMhzN2ywU_xzCpR7rAOaNmGcSRWxLtvucWbheA', '2025-07-05 15:26:28.829197');
INSERT INTO `django_session` VALUES ('ya8f7lrxzzj9nnkb6adhvrh3brl3g3ei', '.eJxVjMEOwiAQRP-FsyGwC7T16L3fQIBdpGpoUtqT8d9tkx40c5v3Zt7Ch20tfmu8-InEVYC4_HYxpCfXA9Aj1Pss01zXZYryUORJmxxn4tftdP8OSmhlX8cuo4OoMjkmDcbq3HMPAKZjQ4OOCrXak6xzg7KE2SIDc9IYAFUWny_Oazcm:1uVOq8:Lt8lOkcxbauI_W9W9DLT6oCNq60djzU8LEmQTWYT6no', '2025-07-12 06:15:04.660250');
INSERT INTO `django_session` VALUES ('ylbjp0x5u8tbnro7fvctzp0pkxkaq0zl', '.eJxVjMEOwiAQRP-FsyGwC7T16L3fQIBdpGpoUtqT8d9tkx40c5v3Zt7Ch20tfmu8-InEVYC4_HYxpCfXA9Aj1Pss01zXZYryUORJmxxn4tftdP8OSmhlX8cuo4OoMjkmDcbq3HMPAKZjQ4OOCrXak6xzg7KE2SIDc9IYAFUWny_Oazcm:1uTzRI:rymTzU7L-pHIac9jMIgWrkMLQ_jzrqtboWowtP1He_g', '2025-07-08 08:55:36.086083');
INSERT INTO `django_session` VALUES ('ys0p4jybtjg9js3kuzzpomakr63lkke8', '.eJxVjMEOwiAQRP-FsyGwC7T16L3fQIBdpGpoUtqT8d9tkx40c5v3Zt7Ch20tfmu8-InEVYC4_HYxpCfXA9Aj1Pss01zXZYryUORJmxxn4tftdP8OSmhlX8cuo4OoMjkmDcbq3HMPAKZjQ4OOCrXak6xzg7KE2SIDc9IYAFUWny_Oazcm:1uScDM:57Ct70wwQ1JRARbkm9cSpiAPFsvKU5XkMJTPhX1g-KM', '2025-07-04 13:55:32.335571');
INSERT INTO `django_session` VALUES ('z25qidn0ovprxmyj9h3o9idaw8m8i2q2', '.eJxVjMEOwiAQRP-FsyGwC7T16L3fQIBdpGpoUtqT8d9tkx40c5v3Zt7Ch20tfmu8-InEVYC4_HYxpCfXA9Aj1Pss01zXZYryUORJmxxn4tftdP8OSmhlX8cuo4OoMjkmDcbq3HMPAKZjQ4OOCrXak6xzg7KE2SIDc9IYAFUWny_Oazcm:1uTh3u:SyNCk88XLcFjXI1RV0M1AX_5ts-4djoS9kRQBD60yGE', '2025-07-07 13:18:14.203855');
INSERT INTO `django_session` VALUES ('z2bdh3mc2bfpqqay4qem0kywsqoif5z7', '.eJxVjMEOwiAQRP-FsyGwC7T16L3fQIBdpGpoUtqT8d9tkx40c5v3Zt7Ch20tfmu8-InEVYC4_HYxpCfXA9Aj1Pss01zXZYryUORJmxxn4tftdP8OSmhlX8cuo4OoMjkmDcbq3HMPAKZjQ4OOCrXak6xzg7KE2SIDc9IYAFUWny_Oazcm:1uSDHW:--eETP3zv4xoYK2Wanzn5zpB1gEFOKkpU6kH_VwrCKg', '2025-07-03 11:18:10.726193');
INSERT INTO `django_session` VALUES ('z3o4h2bsat2rz2rmfgm8hoz17orld39q', '.eJxVjMsOgjAQRf-la9MUWobRpXu-gcyrghpIKKyM_64kLHR7zzn35Xra1qHfii39qO7ianf63ZjkYdMO9E7TbfYyT-syst8Vf9Diu1nteT3cv4OByvCtowlqJklGbRYGS7HSsxqEBghDrNjQcsXYYBLIhNgGYK05J0GI5t4fG-85Ag:1uVpaF:Vv9OyvLKMYJJJuuW-G3VV5ifKYxWwvUIedZyuYj5vbs', '2025-07-13 10:48:27.526900');
INSERT INTO `django_session` VALUES ('zbgu66srp0uj9u3j7lq31kudb2uk0k9i', '.eJxVjMEOwiAQRP-FsyGwC7T16L3fQIBdpGpoUtqT8d9tkx40c5v3Zt7Ch20tfmu8-InEVYC4_HYxpCfXA9Aj1Pss01zXZYryUORJmxxn4tftdP8OSmhlX8cuo4OoMjkmDcbq3HMPAKZjQ4OOCrXak6xzg7KE2SIDc9IYAFUWny_Oazcm:1uUk36:ilz8AGUXjKjzI7RtbDd9gPvPxvGMhFViNVc_8ljLs4g', '2025-07-10 10:41:44.040642');
INSERT INTO `django_session` VALUES ('zh38kvbmhh4z7qkm3o0klyg6os33gx87', '.eJxVjMEOwiAQRP-FsyGwC7T16L3fQIBdpGpoUtqT8d9tkx40c5v3Zt7Ch20tfmu8-InEVYC4_HYxpCfXA9Aj1Pss01zXZYryUORJmxxn4tftdP8OSmhlX8cuo4OoMjkmDcbq3HMPAKZjQ4OOCrXak6xzg7KE2SIDc9IYAFUWny_Oazcm:1uVT6d:cAAIQVNEcpM-zs3Qpx-3lXB0HauKH1uvgdxKJRAGZo0', '2025-07-12 10:48:23.027629');
INSERT INTO `django_session` VALUES ('ziom3ktkjm6tp9inqdzw4vuqr9da5ukr', '.eJxVjEEOwiAQRe_C2hCYUqZ16d4zNMMMSNVAUtqV8e7apAvd_vfef6mJtjVPW4vLNIs6K6tOv1sgfsSyA7lTuVXNtazLHPSu6IM2fa0Sn5fD_TvI1PK3JuKUvCTqoyFgDi50iCkYlCGaATyNLM4jEDvX8cjWWwCggL43iKLeHyBPOII:1uULAi:PvhZkxyB3z-rFAflML3cXRlfOlpUzoUWY-AX9RBDusY', '2025-07-09 08:07:56.141521');
INSERT INTO `django_session` VALUES ('znqcjdkyc5captd6emm796jl4dxe502f', '.eJxVjEEOwiAQRe_C2hCYUqZ16d4zNMMMSNVAUtqV8e7apAvd_vfef6mJtjVPW4vLNIs6K6tOv1sgfsSyA7lTuVXNtazLHPSu6IM2fa0Sn5fD_TvI1PK3JuKUvCTqoyFgDi50iCkYlCGaATyNLM4jEDvX8cjWWwCggL43iKLeHyBPOII:1uTytK:pSPoyuoxB2zXNbzlBXXqvAU5oWAgd9tB0LvfiDeo92g', '2025-07-08 08:20:30.870374');
INSERT INTO `django_session` VALUES ('zt0qgpjbk88wz1gbt0s8aaqjazwphxfj', '.eJxVjMEOwiAQRP-FsyGwC7T16L3fQIBdpGpoUtqT8d9tkx40c5v3Zt7Ch20tfmu8-InEVYC4_HYxpCfXA9Aj1Pss01zXZYryUORJmxxn4tftdP8OSmhlX8cuo4OoMjkmDcbq3HMPAKZjQ4OOCrXak6xzg7KE2SIDc9IYAFUWny_Oazcm:1uT1gw:LHfWxw-ItcXScvlMcU0mGXI3RtBqW8P_-aIQd9u1rJM', '2025-07-05 17:07:46.117601');
INSERT INTO `django_session` VALUES ('zusbteososm8i0dhkm2yswg6xgrcouuk', '.eJxVjMEOwiAQRP-FsyGwC7T16L3fQIBdpGpoUtqT8d9tkx40c5v3Zt7Ch20tfmu8-InEVYC4_HYxpCfXA9Aj1Pss01zXZYryUORJmxxn4tftdP8OSmhlX8cuo4OoMjkmDcbq3HMPAKZjQ4OOCrXak6xzg7KE2SIDc9IYAFUWny_Oazcm:1uVOSl:1XWN_xogsiG1wHcOYmFrZN_t-reJABndiB6FIYbMs3Y', '2025-07-12 05:50:55.327966');
INSERT INTO `django_session` VALUES ('zvlu9xnlbb1co9zdqp5m0j9imutb112r', '.eJxVjMEOwiAQRP-FsyGwC7T16L3fQIBdpGpoUtqT8d9tkx40c5v3Zt7Ch20tfmu8-InEVYC4_HYxpCfXA9Aj1Pss01zXZYryUORJmxxn4tftdP8OSmhlX8cuo4OoMjkmDcbq3HMPAKZjQ4OOCrXak6xzg7KE2SIDc9IYAFUWny_Oazcm:1uU0Mv:zeJzE9TaMByOjApPaCZ4J8N9MvH1YLyKgza7TtoNCnA', '2025-07-08 09:55:09.223041');

-- ----------------------------
-- Table structure for login_user
-- ----------------------------
DROP TABLE IF EXISTS `login_user`;
CREATE TABLE `login_user`  (
  `id` int NOT NULL AUTO_INCREMENT,
  `password` varchar(128) CHARACTER SET utf8mb4 COLLATE utf8mb4_0900_ai_ci NOT NULL,
  `last_login` datetime(6) NULL DEFAULT NULL,
  `is_superuser` tinyint(1) NOT NULL,
  `username` varchar(150) CHARACTER SET utf8mb4 COLLATE utf8mb4_0900_ai_ci NOT NULL,
  `first_name` varchar(150) CHARACTER SET utf8mb4 COLLATE utf8mb4_0900_ai_ci NOT NULL,
  `last_name` varchar(150) CHARACTER SET utf8mb4 COLLATE utf8mb4_0900_ai_ci NOT NULL,
  `email` varchar(254) CHARACTER SET utf8mb4 COLLATE utf8mb4_0900_ai_ci NOT NULL,
  `is_staff` tinyint(1) NOT NULL,
  `is_active` tinyint(1) NOT NULL,
  `date_joined` datetime(6) NOT NULL,
  `phone` varchar(20) CHARACTER SET utf8mb4 COLLATE utf8mb4_0900_ai_ci NULL DEFAULT NULL,
  `phone_prefix` varchar(5) CHARACTER SET utf8mb4 COLLATE utf8mb4_0900_ai_ci NOT NULL,
  PRIMARY KEY (`id`) USING BTREE,
  UNIQUE INDEX `username`(`username` ASC) USING BTREE
) ENGINE = InnoDB AUTO_INCREMENT = 3 CHARACTER SET = utf8mb4 COLLATE = utf8mb4_0900_ai_ci ROW_FORMAT = Dynamic;

-- ----------------------------
-- Records of login_user
-- ----------------------------
INSERT INTO `login_user` VALUES (1, 'pbkdf2_sha256$1000000$fsNpxd9thEAiYItwenJ6Bq$m0Yc5d6QVvrVr9H6HymmrNIM3jP/xwDoRSdyuqw/aho=', '2025-06-29 10:48:40.555663', 0, '11111', '', '', '734277097@qq.com', 0, 1, '2025-06-16 13:25:51.392674', '13728346982', '+86');
INSERT INTO `login_user` VALUES (2, 'pbkdf2_sha256$1000000$zfkYCuUaHivwL9vWJywLhM$9a3TxeZlq9EfJNAdhcmS4ZDha0PMP2X5qVuCTtFS/KM=', '2025-06-29 10:48:27.526900', 0, 'DaiBi', '', '', '734277097@qq.com', 0, 1, '2025-06-16 13:42:37.806680', '13728346982', '+86');

-- ----------------------------
-- Table structure for login_user_groups
-- ----------------------------
DROP TABLE IF EXISTS `login_user_groups`;
CREATE TABLE `login_user_groups`  (
  `id` bigint NOT NULL AUTO_INCREMENT,
  `user_id` int NOT NULL,
  `group_id` int NOT NULL,
  PRIMARY KEY (`id`) USING BTREE,
  UNIQUE INDEX `login_user_groups_user_id_group_id_e039d177_uniq`(`user_id` ASC, `group_id` ASC) USING BTREE,
  INDEX `login_user_groups_group_id_a8810f0d_fk_auth_group_id`(`group_id` ASC) USING BTREE,
  CONSTRAINT `login_user_groups_group_id_a8810f0d_fk_auth_group_id` FOREIGN KEY (`group_id`) REFERENCES `auth_group` (`id`) ON DELETE RESTRICT ON UPDATE RESTRICT,
  CONSTRAINT `login_user_groups_user_id_f6fabf84_fk` FOREIGN KEY (`user_id`) REFERENCES `login_user` (`id`) ON DELETE RESTRICT ON UPDATE RESTRICT
) ENGINE = InnoDB AUTO_INCREMENT = 1 CHARACTER SET = utf8mb4 COLLATE = utf8mb4_0900_ai_ci ROW_FORMAT = Dynamic;

-- ----------------------------
-- Records of login_user_groups
-- ----------------------------

-- ----------------------------
-- Table structure for login_user_user_permissions
-- ----------------------------
DROP TABLE IF EXISTS `login_user_user_permissions`;
CREATE TABLE `login_user_user_permissions`  (
  `id` bigint NOT NULL AUTO_INCREMENT,
  `user_id` int NOT NULL,
  `permission_id` int NOT NULL,
  PRIMARY KEY (`id`) USING BTREE,
  UNIQUE INDEX `login_user_user_permissions_user_id_permission_id_a985464b_uniq`(`user_id` ASC, `permission_id` ASC) USING BTREE,
  INDEX `login_user_user_perm_permission_id_08d04f9c_fk_auth_perm`(`permission_id` ASC) USING BTREE,
  CONSTRAINT `login_user_user_perm_permission_id_08d04f9c_fk_auth_perm` FOREIGN KEY (`permission_id`) REFERENCES `auth_permission` (`id`) ON DELETE RESTRICT ON UPDATE RESTRICT,
  CONSTRAINT `login_user_user_permissions_user_id_2a4ce843_fk` FOREIGN KEY (`user_id`) REFERENCES `login_user` (`id`) ON DELETE RESTRICT ON UPDATE RESTRICT
) ENGINE = InnoDB AUTO_INCREMENT = 1 CHARACTER SET = utf8mb4 COLLATE = utf8mb4_0900_ai_ci ROW_FORMAT = Dynamic;

-- ----------------------------
-- Records of login_user_user_permissions
-- ----------------------------

-- ----------------------------
-- Table structure for token_blacklist_blacklistedtoken
-- ----------------------------
DROP TABLE IF EXISTS `token_blacklist_blacklistedtoken`;
CREATE TABLE `token_blacklist_blacklistedtoken`  (
  `id` bigint NOT NULL AUTO_INCREMENT,
  `blacklisted_at` datetime(6) NOT NULL,
  `token_id` bigint NOT NULL,
  PRIMARY KEY (`id`) USING BTREE,
  UNIQUE INDEX `token_id`(`token_id` ASC) USING BTREE,
  CONSTRAINT `token_blacklist_blacklistedtoken_token_id_3cc7fe56_fk` FOREIGN KEY (`token_id`) REFERENCES `token_blacklist_outstandingtoken` (`id`) ON DELETE RESTRICT ON UPDATE RESTRICT
) ENGINE = InnoDB AUTO_INCREMENT = 111 CHARACTER SET = utf8mb4 COLLATE = utf8mb4_0900_ai_ci ROW_FORMAT = Dynamic;

-- ----------------------------
-- Records of token_blacklist_blacklistedtoken
-- ----------------------------
INSERT INTO `token_blacklist_blacklistedtoken` VALUES (1, '2025-06-25 06:03:49.115495', 2);
INSERT INTO `token_blacklist_blacklistedtoken` VALUES (2, '2025-06-25 06:32:49.675685', 6);
INSERT INTO `token_blacklist_blacklistedtoken` VALUES (3, '2025-06-25 07:28:40.772003', 7);
INSERT INTO `token_blacklist_blacklistedtoken` VALUES (4, '2025-06-25 07:29:18.796144', 9);
INSERT INTO `token_blacklist_blacklistedtoken` VALUES (5, '2025-06-25 07:59:26.543633', 10);
INSERT INTO `token_blacklist_blacklistedtoken` VALUES (6, '2025-06-25 08:05:16.737456', 13);
INSERT INTO `token_blacklist_blacklistedtoken` VALUES (7, '2025-06-25 08:07:21.940421', 15);
INSERT INTO `token_blacklist_blacklistedtoken` VALUES (8, '2025-06-25 08:07:52.780095', 17);
INSERT INTO `token_blacklist_blacklistedtoken` VALUES (9, '2025-06-25 08:37:19.450453', 21);
INSERT INTO `token_blacklist_blacklistedtoken` VALUES (10, '2025-06-25 08:38:04.606368', 23);
INSERT INTO `token_blacklist_blacklistedtoken` VALUES (11, '2025-06-25 08:45:26.608557', 25);
INSERT INTO `token_blacklist_blacklistedtoken` VALUES (12, '2025-06-25 08:51:11.870351', 29);
INSERT INTO `token_blacklist_blacklistedtoken` VALUES (13, '2025-06-25 09:01:53.396425', 31);
INSERT INTO `token_blacklist_blacklistedtoken` VALUES (14, '2025-06-25 09:02:20.903671', 33);
INSERT INTO `token_blacklist_blacklistedtoken` VALUES (15, '2025-06-25 09:06:13.713504', 35);
INSERT INTO `token_blacklist_blacklistedtoken` VALUES (16, '2025-06-25 09:11:04.527214', 37);
INSERT INTO `token_blacklist_blacklistedtoken` VALUES (17, '2025-06-25 09:17:41.478194', 39);
INSERT INTO `token_blacklist_blacklistedtoken` VALUES (18, '2025-06-25 10:17:48.722624', 42);
INSERT INTO `token_blacklist_blacklistedtoken` VALUES (19, '2025-06-25 10:40:08.860708', 45);
INSERT INTO `token_blacklist_blacklistedtoken` VALUES (20, '2025-06-25 11:33:00.125702', 47);
INSERT INTO `token_blacklist_blacklistedtoken` VALUES (21, '2025-06-25 12:06:51.752957', 48);
INSERT INTO `token_blacklist_blacklistedtoken` VALUES (22, '2025-06-25 12:41:05.840228', 49);
INSERT INTO `token_blacklist_blacklistedtoken` VALUES (23, '2025-06-26 05:37:46.131621', 50);
INSERT INTO `token_blacklist_blacklistedtoken` VALUES (24, '2025-06-26 05:39:11.655583', 53);
INSERT INTO `token_blacklist_blacklistedtoken` VALUES (25, '2025-06-26 06:12:53.817661', 54);
INSERT INTO `token_blacklist_blacklistedtoken` VALUES (26, '2025-06-26 06:47:03.989060', 55);
INSERT INTO `token_blacklist_blacklistedtoken` VALUES (27, '2025-06-26 06:57:25.602924', 57);
INSERT INTO `token_blacklist_blacklistedtoken` VALUES (28, '2025-06-26 06:58:06.996765', 59);
INSERT INTO `token_blacklist_blacklistedtoken` VALUES (29, '2025-06-26 07:34:06.166210', 60);
INSERT INTO `token_blacklist_blacklistedtoken` VALUES (30, '2025-06-26 08:00:14.049718', 62);
INSERT INTO `token_blacklist_blacklistedtoken` VALUES (31, '2025-06-26 08:01:01.274024', 64);
INSERT INTO `token_blacklist_blacklistedtoken` VALUES (32, '2025-06-26 08:32:23.978315', 65);
INSERT INTO `token_blacklist_blacklistedtoken` VALUES (34, '2025-06-26 08:40:58.759860', 68);
INSERT INTO `token_blacklist_blacklistedtoken` VALUES (35, '2025-06-26 08:44:25.901895', 70);
INSERT INTO `token_blacklist_blacklistedtoken` VALUES (36, '2025-06-26 10:08:25.184636', 71);
INSERT INTO `token_blacklist_blacklistedtoken` VALUES (38, '2025-06-26 10:08:28.302083', 74);
INSERT INTO `token_blacklist_blacklistedtoken` VALUES (39, '2025-06-26 10:08:42.962523', 76);
INSERT INTO `token_blacklist_blacklistedtoken` VALUES (40, '2025-06-26 11:26:09.576253', 77);
INSERT INTO `token_blacklist_blacklistedtoken` VALUES (41, '2025-06-26 11:27:30.842014', 79);
INSERT INTO `token_blacklist_blacklistedtoken` VALUES (42, '2025-06-26 11:28:24.632876', 81);
INSERT INTO `token_blacklist_blacklistedtoken` VALUES (43, '2025-06-26 12:15:51.010932', 82);
INSERT INTO `token_blacklist_blacklistedtoken` VALUES (45, '2025-06-26 12:47:16.408532', 84);
INSERT INTO `token_blacklist_blacklistedtoken` VALUES (46, '2025-06-26 13:18:43.785128', 85);
INSERT INTO `token_blacklist_blacklistedtoken` VALUES (47, '2025-06-27 07:00:16.350261', 87);
INSERT INTO `token_blacklist_blacklistedtoken` VALUES (48, '2025-06-27 07:34:58.656172', 88);
INSERT INTO `token_blacklist_blacklistedtoken` VALUES (50, '2025-06-27 09:53:02.985957', 90);
INSERT INTO `token_blacklist_blacklistedtoken` VALUES (52, '2025-06-27 11:46:03.889036', 92);
INSERT INTO `token_blacklist_blacklistedtoken` VALUES (53, '2025-06-27 11:46:22.709180', 94);
INSERT INTO `token_blacklist_blacklistedtoken` VALUES (54, '2025-06-27 12:28:48.960095', 96);
INSERT INTO `token_blacklist_blacklistedtoken` VALUES (55, '2025-06-27 12:49:41.352201', 98);
INSERT INTO `token_blacklist_blacklistedtoken` VALUES (56, '2025-06-27 13:45:37.668673', 101);
INSERT INTO `token_blacklist_blacklistedtoken` VALUES (57, '2025-06-27 13:46:55.573992', 103);
INSERT INTO `token_blacklist_blacklistedtoken` VALUES (58, '2025-06-27 14:08:29.526240', 107);
INSERT INTO `token_blacklist_blacklistedtoken` VALUES (59, '2025-06-27 14:08:46.143227', 109);
INSERT INTO `token_blacklist_blacklistedtoken` VALUES (60, '2025-06-27 14:16:43.979870', 111);
INSERT INTO `token_blacklist_blacklistedtoken` VALUES (61, '2025-06-27 14:26:41.869792', 114);
INSERT INTO `token_blacklist_blacklistedtoken` VALUES (62, '2025-06-27 14:27:30.601757', 116);
INSERT INTO `token_blacklist_blacklistedtoken` VALUES (63, '2025-06-27 14:29:00.278722', 118);
INSERT INTO `token_blacklist_blacklistedtoken` VALUES (64, '2025-06-27 14:33:03.747933', 120);
INSERT INTO `token_blacklist_blacklistedtoken` VALUES (65, '2025-06-27 14:34:20.965617', 122);
INSERT INTO `token_blacklist_blacklistedtoken` VALUES (66, '2025-06-27 14:34:41.863453', 124);
INSERT INTO `token_blacklist_blacklistedtoken` VALUES (67, '2025-06-27 14:35:11.635710', 126);
INSERT INTO `token_blacklist_blacklistedtoken` VALUES (68, '2025-06-27 17:08:56.606764', 127);
INSERT INTO `token_blacklist_blacklistedtoken` VALUES (69, '2025-06-27 17:08:56.628101', 129);
INSERT INTO `token_blacklist_blacklistedtoken` VALUES (70, '2025-06-28 03:31:03.738593', 130);
INSERT INTO `token_blacklist_blacklistedtoken` VALUES (71, '2025-06-28 04:43:14.932735', 132);
INSERT INTO `token_blacklist_blacklistedtoken` VALUES (72, '2025-06-28 04:45:32.781277', 134);
INSERT INTO `token_blacklist_blacklistedtoken` VALUES (73, '2025-06-28 05:12:58.192009', 135);
INSERT INTO `token_blacklist_blacklistedtoken` VALUES (74, '2025-06-28 05:50:47.207647', 137);
INSERT INTO `token_blacklist_blacklistedtoken` VALUES (75, '2025-06-28 05:50:47.255349', 139);
INSERT INTO `token_blacklist_blacklistedtoken` VALUES (76, '2025-06-28 06:07:12.531903', 141);
INSERT INTO `token_blacklist_blacklistedtoken` VALUES (77, '2025-06-28 06:15:20.166688', 144);
INSERT INTO `token_blacklist_blacklistedtoken` VALUES (78, '2025-06-28 06:46:27.221508', 145);
INSERT INTO `token_blacklist_blacklistedtoken` VALUES (79, '2025-06-28 06:46:27.252001', 147);
INSERT INTO `token_blacklist_blacklistedtoken` VALUES (80, '2025-06-28 07:16:46.073175', 148);
INSERT INTO `token_blacklist_blacklistedtoken` VALUES (81, '2025-06-28 07:16:46.105016', 150);
INSERT INTO `token_blacklist_blacklistedtoken` VALUES (82, '2025-06-28 07:55:49.404007', 155);
INSERT INTO `token_blacklist_blacklistedtoken` VALUES (83, '2025-06-28 08:28:47.677431', 156);
INSERT INTO `token_blacklist_blacklistedtoken` VALUES (84, '2025-06-28 08:30:30.914741', 158);
INSERT INTO `token_blacklist_blacklistedtoken` VALUES (85, '2025-06-28 09:03:54.416090', 159);
INSERT INTO `token_blacklist_blacklistedtoken` VALUES (86, '2025-06-28 09:46:18.685426', 160);
INSERT INTO `token_blacklist_blacklistedtoken` VALUES (87, '2025-06-28 09:59:39.684105', 163);
INSERT INTO `token_blacklist_blacklistedtoken` VALUES (88, '2025-06-28 10:04:47.145513', 165);
INSERT INTO `token_blacklist_blacklistedtoken` VALUES (89, '2025-06-28 10:10:01.650052', 168);
INSERT INTO `token_blacklist_blacklistedtoken` VALUES (90, '2025-06-28 10:13:26.436187', 170);
INSERT INTO `token_blacklist_blacklistedtoken` VALUES (91, '2025-06-28 10:13:26.437355', 171);
INSERT INTO `token_blacklist_blacklistedtoken` VALUES (92, '2025-06-28 10:49:51.068962', 176);
INSERT INTO `token_blacklist_blacklistedtoken` VALUES (93, '2025-06-28 10:50:05.924623', 178);
INSERT INTO `token_blacklist_blacklistedtoken` VALUES (94, '2025-06-28 11:31:52.159576', 179);
INSERT INTO `token_blacklist_blacklistedtoken` VALUES (95, '2025-06-28 11:31:52.188437', 181);
INSERT INTO `token_blacklist_blacklistedtoken` VALUES (96, '2025-06-28 12:03:23.541826', 182);
INSERT INTO `token_blacklist_blacklistedtoken` VALUES (97, '2025-06-28 12:33:45.728218', 183);
INSERT INTO `token_blacklist_blacklistedtoken` VALUES (98, '2025-06-28 13:04:20.494082', 184);
INSERT INTO `token_blacklist_blacklistedtoken` VALUES (99, '2025-06-28 13:06:07.605406', 186);
INSERT INTO `token_blacklist_blacklistedtoken` VALUES (100, '2025-06-28 13:08:50.951408', 188);
INSERT INTO `token_blacklist_blacklistedtoken` VALUES (101, '2025-06-28 13:18:15.143024', 190);
INSERT INTO `token_blacklist_blacklistedtoken` VALUES (102, '2025-06-28 13:26:58.382642', 192);
INSERT INTO `token_blacklist_blacklistedtoken` VALUES (103, '2025-06-28 13:37:38.801184', 195);
INSERT INTO `token_blacklist_blacklistedtoken` VALUES (104, '2025-06-28 14:08:08.261400', 196);
INSERT INTO `token_blacklist_blacklistedtoken` VALUES (105, '2025-06-28 14:26:58.287376', 198);
INSERT INTO `token_blacklist_blacklistedtoken` VALUES (106, '2025-06-28 14:40:11.475729', 200);
INSERT INTO `token_blacklist_blacklistedtoken` VALUES (107, '2025-06-29 08:17:13.707561', 205);
INSERT INTO `token_blacklist_blacklistedtoken` VALUES (108, '2025-06-29 08:55:24.766856', 209);
INSERT INTO `token_blacklist_blacklistedtoken` VALUES (109, '2025-06-29 10:29:38.429046', 212);
INSERT INTO `token_blacklist_blacklistedtoken` VALUES (110, '2025-06-29 10:48:30.918839', 215);

-- ----------------------------
-- Table structure for token_blacklist_outstandingtoken
-- ----------------------------
DROP TABLE IF EXISTS `token_blacklist_outstandingtoken`;
CREATE TABLE `token_blacklist_outstandingtoken`  (
  `id` bigint NOT NULL AUTO_INCREMENT,
  `token` longtext CHARACTER SET utf8mb4 COLLATE utf8mb4_0900_ai_ci NOT NULL,
  `created_at` datetime(6) NULL DEFAULT NULL,
  `expires_at` datetime(6) NOT NULL,
  `user_id` int NULL DEFAULT NULL,
  `jti` varchar(255) CHARACTER SET utf8mb4 COLLATE utf8mb4_0900_ai_ci NOT NULL,
  PRIMARY KEY (`id`) USING BTREE,
  UNIQUE INDEX `token_blacklist_outstandingtoken_jti_hex_d9bdf6f7_uniq`(`jti` ASC) USING BTREE,
  INDEX `token_blacklist_outs_user_id_83bc629a_fk_login_use`(`user_id` ASC) USING BTREE,
  CONSTRAINT `token_blacklist_outs_user_id_83bc629a_fk_login_use` FOREIGN KEY (`user_id`) REFERENCES `login_user` (`id`) ON DELETE RESTRICT ON UPDATE RESTRICT
) ENGINE = InnoDB AUTO_INCREMENT = 217 CHARACTER SET = utf8mb4 COLLATE = utf8mb4_0900_ai_ci ROW_FORMAT = Dynamic;

-- ----------------------------
-- Records of token_blacklist_outstandingtoken
-- ----------------------------
INSERT INTO `token_blacklist_outstandingtoken` VALUES (1, 'eyJhbGciOiJIUzI1NiIsInR5cCI6IkpXVCJ9.eyJ0b2tlbl90eXBlIjoicmVmcmVzaCIsImV4cCI6MTc1MTQzNTI5OCwiaWF0IjoxNzUwODMwNDk4LCJqdGkiOiJmNThmYWIzZmY3NGY0YTdjYTc5YmMxYTQ3YzVhOWU1NSIsInVzZXJfaWQiOjF9.x-O6IppxO9lbUtoVwdHnP2fQsDPgH5OHFXdja0CRizQ', '2025-06-25 05:48:18.440844', '2025-07-02 05:48:18.000000', 1, 'f58fab3ff74f4a7ca79bc1a47c5a9e55');
INSERT INTO `token_blacklist_outstandingtoken` VALUES (2, 'eyJhbGciOiJIUzI1NiIsInR5cCI6IkpXVCJ9.eyJ0b2tlbl90eXBlIjoicmVmcmVzaCIsImV4cCI6MTc1MTQzNjIyOSwiaWF0IjoxNzUwODMxNDI5LCJqdGkiOiI1N2I1ZTQ3NWJhN2M0OWFmYTU2NDliNTYxZWJhNWEwZCJ9.9eC2l_bQBtKjuGitLHj-KB8kNeTyNjWzy4r7-qv_zbM', '2025-06-25 06:03:49.100387', '2025-07-02 06:03:49.000000', NULL, '57b5e475ba7c49afa5649b561eba5a0d');
INSERT INTO `token_blacklist_outstandingtoken` VALUES (3, 'eyJhbGciOiJIUzI1NiIsInR5cCI6IkpXVCJ9.eyJ0b2tlbl90eXBlIjoicmVmcmVzaCIsImV4cCI6MTc1MTQzNjIzMSwiaWF0IjoxNzUwODMxNDMxLCJqdGkiOiI1OGE5ODVlNmE3ODU0OWMyYjAzOTlhMWExZDgyNWY5NyIsInVzZXJfaWQiOjF9.bIU3qjlXzIW0XYEU7nGdZXCxdBAXj2T5yUajBTXtTNo', '2025-06-25 06:03:51.807738', '2025-07-02 06:03:51.000000', 1, '58a985e6a78549c2b0399a1a1d825f97');
INSERT INTO `token_blacklist_outstandingtoken` VALUES (4, 'eyJhbGciOiJIUzI1NiIsInR5cCI6IkpXVCJ9.eyJ0b2tlbl90eXBlIjoicmVmcmVzaCIsImV4cCI6MTc1MTQzNjg4NSwiaWF0IjoxNzUwODMyMDg1LCJqdGkiOiIwZjE2NDA2OGQ4OWU0ZjY2ODllYzcxOTEzMWMwODBkNSIsInVzZXJfaWQiOjF9.Qifu17toWXBSCaWFH194T_M0yx5aEv_hK2eSFUNHM8w', '2025-06-25 06:14:45.062210', '2025-07-02 06:14:45.000000', 1, '0f164068d89e4f6689ec719131c080d5');
INSERT INTO `token_blacklist_outstandingtoken` VALUES (5, 'eyJhbGciOiJIUzI1NiIsInR5cCI6IkpXVCJ9.eyJ0b2tlbl90eXBlIjoicmVmcmVzaCIsImV4cCI6MTc1MTQzNzYyOSwiaWF0IjoxNzUwODMyODI5LCJqdGkiOiIyOTA5ZmQ4Y2EwMjk0YmI0YTFjMDVjZTYwOThiNGJiMyIsInVzZXJfaWQiOjF9.VOQJKXJ6gB45d9EvEYx4NT392Fky1Ax2I6E8mAQaZqU', '2025-06-25 06:27:09.262329', '2025-07-02 06:27:09.000000', 1, '2909fd8ca0294bb4a1c05ce6098b4bb3');
INSERT INTO `token_blacklist_outstandingtoken` VALUES (6, 'eyJhbGciOiJIUzI1NiIsInR5cCI6IkpXVCJ9.eyJ0b2tlbl90eXBlIjoicmVmcmVzaCIsImV4cCI6MTc1MTQzNzk2OSwiaWF0IjoxNzUwODMzMTY5LCJqdGkiOiI0ZGJjYzQ2N2U0NGI0ZjgzOGQ1Y2I1NTU4Mzk5ZDg0NSJ9.2xyDy4d1z9lwmMWD9gwAvfve4Ha5VJdrKHZorJMKmXA', '2025-06-25 06:32:49.663690', '2025-07-02 06:32:49.000000', NULL, '4dbcc467e44b4f838d5cb5558399d845');
INSERT INTO `token_blacklist_outstandingtoken` VALUES (7, 'eyJhbGciOiJIUzI1NiIsInR5cCI6IkpXVCJ9.eyJ0b2tlbl90eXBlIjoicmVmcmVzaCIsImV4cCI6MTc1MTQzNzk3MywiaWF0IjoxNzUwODMzMTczLCJqdGkiOiI1ZmU4OThjYWIxYzA0NTBlOTJkMGNjYmI4ZDZlMTkwMiIsInVzZXJfaWQiOjF9.F_rxJL0DxNRaelhNU8rwtHIhTkro61xGfkv9mEt5_og', '2025-06-25 06:32:53.409421', '2025-07-02 06:32:53.000000', 1, '5fe898cab1c0450e92d0ccbb8d6e1902');
INSERT INTO `token_blacklist_outstandingtoken` VALUES (8, 'eyJhbGciOiJIUzI1NiIsInR5cCI6IkpXVCJ9.eyJ0b2tlbl90eXBlIjoicmVmcmVzaCIsImV4cCI6MTc1MTQ0MTMyMCwiaWF0IjoxNzUwODM2NTIwLCJqdGkiOiJlZjcyMmY0NTk5ZjI0OTIzYmNkZTg3MzFhYTY3NmExOSIsInVzZXJfaWQiOjF9.7U6X1N7A5lp086MLbXtJ_EebFMbSPcw0lG1gRvWMWW0', '2025-06-25 07:28:40.749479', '2025-07-02 07:28:40.000000', 1, 'ef722f4599f24923bcde8731aa676a19');
INSERT INTO `token_blacklist_outstandingtoken` VALUES (9, 'eyJhbGciOiJIUzI1NiIsInR5cCI6IkpXVCJ9.eyJ0b2tlbl90eXBlIjoicmVmcmVzaCIsImV4cCI6MTc1MTQ0MTM1OCwiaWF0IjoxNzUwODM2NTU4LCJqdGkiOiI0MjVhZjRjNGMxOWM0ZTc4ODg2ZjM2NWE0NDZlZjA1OSJ9.3wn_sTUqiQgc0e7VyGZU8Ero5TmXdKBakHTfN7theqc', '2025-06-25 07:29:18.781695', '2025-07-02 07:29:18.000000', NULL, '425af4c4c19c4e78886f365a446ef059');
INSERT INTO `token_blacklist_outstandingtoken` VALUES (10, 'eyJhbGciOiJIUzI1NiIsInR5cCI6IkpXVCJ9.eyJ0b2tlbl90eXBlIjoicmVmcmVzaCIsImV4cCI6MTc1MTQ0MTM2MSwiaWF0IjoxNzUwODM2NTYxLCJqdGkiOiJlNTllNWNkNGM5NjM0Yzc1YTIxMGU3NWZmMDU0Y2E2OCIsInVzZXJfaWQiOjF9.tbLJp5zsWxDM_JoektbWFm_zwmlSv4fdnMhrN8zFo2A', '2025-06-25 07:29:21.272973', '2025-07-02 07:29:21.000000', 1, 'e59e5cd4c9634c75a210e75ff054ca68');
INSERT INTO `token_blacklist_outstandingtoken` VALUES (11, 'eyJhbGciOiJIUzI1NiIsInR5cCI6IkpXVCJ9.eyJ0b2tlbl90eXBlIjoicmVmcmVzaCIsImV4cCI6MTc1MTQ0MzE2NiwiaWF0IjoxNzUwODM4MzY2LCJqdGkiOiJkY2ZkZjQ0N2EzNmE0ODRkOTUwNDE1MGYxZWRhYWZlMiIsInVzZXJfaWQiOjF9.9IAwQhQgtd1PQ_yDzkK-8vc2IvpwEMmFaSk6Lltnk6s', '2025-06-25 07:59:26.540228', '2025-07-02 07:59:26.000000', 1, 'dcfdf447a36a484d9504150f1edaafe2');
INSERT INTO `token_blacklist_outstandingtoken` VALUES (12, 'eyJhbGciOiJIUzI1NiIsInR5cCI6IkpXVCJ9.eyJ0b2tlbl90eXBlIjoicmVmcmVzaCIsImV4cCI6MTc1MTQ0MzQ4OCwiaWF0IjoxNzUwODM4Njg4LCJqdGkiOiIzYTJmZWZmYjdiODE0NzYxOTMzOGRlYjBlNzIxMzk4MSIsInVzZXJfaWQiOjF9.kDhFNkyMYMK_ni6F8kNnx7ApxkPtgT-hjjpr8-NA2zI', '2025-06-25 08:04:48.444979', '2025-07-02 08:04:48.000000', 1, '3a2feffb7b8147619338deb0e7213981');
INSERT INTO `token_blacklist_outstandingtoken` VALUES (13, 'eyJhbGciOiJIUzI1NiIsInR5cCI6IkpXVCJ9.eyJ0b2tlbl90eXBlIjoicmVmcmVzaCIsImV4cCI6MTc1MTQ0MzUxNiwiaWF0IjoxNzUwODM4NzE2LCJqdGkiOiJhOWI3Yjc2YjgxYTY0NjI2YWM4YzNlZTgzNWNjOTQyZiJ9.vRbn_Vsrd0p_buOjWApQw00h6zgWyBL9IDXMtzKMVw4', '2025-06-25 08:05:16.724166', '2025-07-02 08:05:16.000000', NULL, 'a9b7b76b81a64626ac8c3ee835cc942f');
INSERT INTO `token_blacklist_outstandingtoken` VALUES (14, 'eyJhbGciOiJIUzI1NiIsInR5cCI6IkpXVCJ9.eyJ0b2tlbl90eXBlIjoicmVmcmVzaCIsImV4cCI6MTc1MTQ0MzUyMSwiaWF0IjoxNzUwODM4NzIxLCJqdGkiOiJhYjEzMDU5MmYxNGY0YzQ3ODUyNWRkOWUyYTU1MDA1YiIsInVzZXJfaWQiOjF9.Kez353KHa1WDjATiIgHO6KSW5O_01Ss8y2gvylRzaiE', '2025-06-25 08:05:21.690653', '2025-07-02 08:05:21.000000', 1, 'ab130592f14f4c478525dd9e2a55005b');
INSERT INTO `token_blacklist_outstandingtoken` VALUES (15, 'eyJhbGciOiJIUzI1NiIsInR5cCI6IkpXVCJ9.eyJ0b2tlbl90eXBlIjoicmVmcmVzaCIsImV4cCI6MTc1MTQ0MzY0MSwiaWF0IjoxNzUwODM4ODQxLCJqdGkiOiIzNTU0ZGVmOTE0NmY0NGM2ODNlMjllZGNmM2M5Y2JjMiJ9.7YrbJMboYhQtnemFNSluQ7swlns1tysirJtUjzxGRB4', '2025-06-25 08:07:21.923342', '2025-07-02 08:07:21.000000', NULL, '3554def9146f44c683e29edcf3c9cbc2');
INSERT INTO `token_blacklist_outstandingtoken` VALUES (16, 'eyJhbGciOiJIUzI1NiIsInR5cCI6IkpXVCJ9.eyJ0b2tlbl90eXBlIjoicmVmcmVzaCIsImV4cCI6MTc1MTQ0MzY0NywiaWF0IjoxNzUwODM4ODQ3LCJqdGkiOiIyMDhiNTA1NTc4ZmU0Y2Q0OWMxZDAzOTQyY2U1MGQ3NiIsInVzZXJfaWQiOjF9.-ms6DBjAGcPVFGYjype2BwBjueFakf6vWyXLyenB6pA', '2025-06-25 08:07:27.311259', '2025-07-02 08:07:27.000000', 1, '208b505578fe4cd49c1d03942ce50d76');
INSERT INTO `token_blacklist_outstandingtoken` VALUES (17, 'eyJhbGciOiJIUzI1NiIsInR5cCI6IkpXVCJ9.eyJ0b2tlbl90eXBlIjoicmVmcmVzaCIsImV4cCI6MTc1MTQ0MzY3MiwiaWF0IjoxNzUwODM4ODcyLCJqdGkiOiIyYmI5ZGEyZTBkZTc0YWJmYWNlMDE5YTMzNTEwZjRhYyJ9.E30hHAJbssWegWGxBfechmEiNjkz8RbMBCcm02aBTn0', '2025-06-25 08:07:52.768096', '2025-07-02 08:07:52.000000', NULL, '2bb9da2e0de74abface019a33510f4ac');
INSERT INTO `token_blacklist_outstandingtoken` VALUES (18, 'eyJhbGciOiJIUzI1NiIsInR5cCI6IkpXVCJ9.eyJ0b2tlbl90eXBlIjoicmVmcmVzaCIsImV4cCI6MTc1MTQ0MzY3NiwiaWF0IjoxNzUwODM4ODc2LCJqdGkiOiJiM2M2ZmU1ZjM4Zjc0NWE5OGQ1M2QwODNlZTAzZmFmMyIsInVzZXJfaWQiOjF9.RtwHAQgNgEHH9l4vSsyvo6swVhDnPsLJQy9zqmHxExU', '2025-06-25 08:07:56.136564', '2025-07-02 08:07:56.000000', 1, 'b3c6fe5f38f745a98d53d083ee03faf3');
INSERT INTO `token_blacklist_outstandingtoken` VALUES (19, 'eyJhbGciOiJIUzI1NiIsInR5cCI6IkpXVCJ9.eyJ0b2tlbl90eXBlIjoicmVmcmVzaCIsImV4cCI6MTc1MTQ0NDIyOSwiaWF0IjoxNzUwODM5NDI5LCJqdGkiOiIwNjc0YmY2YjcxZTU0YjM3YTRmOTY3N2U1NzA3NTNjMSIsInVzZXJfaWQiOjF9.dY40flGvVfFHrBgaY7y2WAWIYWboOrVadQlfysBIcIc', '2025-06-25 08:17:09.388372', '2025-07-02 08:17:09.000000', 1, '0674bf6b71e54b37a4f9677e570753c1');
INSERT INTO `token_blacklist_outstandingtoken` VALUES (20, 'eyJhbGciOiJIUzI1NiIsInR5cCI6IkpXVCJ9.eyJ0b2tlbl90eXBlIjoicmVmcmVzaCIsImV4cCI6MTc1MTQ0NTQyMSwiaWF0IjoxNzUwODQwNjIxLCJqdGkiOiJjMjY3NjVhZDU4MWM0ZjA1OGEwZTBkMDFiNDA3YTNkNiIsInVzZXJfaWQiOjJ9.vS8xfZD23HIEAg0_ybDyCJ-w-jVyo6-jF4C5kvbWkY0', '2025-06-25 08:37:01.788117', '2025-07-02 08:37:01.000000', 2, 'c26765ad581c4f058a0e0d01b407a3d6');
INSERT INTO `token_blacklist_outstandingtoken` VALUES (21, 'eyJhbGciOiJIUzI1NiIsInR5cCI6IkpXVCJ9.eyJ0b2tlbl90eXBlIjoicmVmcmVzaCIsImV4cCI6MTc1MTQ0NTQzOSwiaWF0IjoxNzUwODQwNjM5LCJqdGkiOiI2NGJkNDNmYjFhM2I0NGQzOTAwNGFkZDlkNTQ5MmQyYSJ9.449Yq91JiaSydunN3YIOYGTLroYjNvksFUdV5aPNaIc', '2025-06-25 08:37:19.436422', '2025-07-02 08:37:19.000000', NULL, '64bd43fb1a3b44d39004add9d5492d2a');
INSERT INTO `token_blacklist_outstandingtoken` VALUES (22, 'eyJhbGciOiJIUzI1NiIsInR5cCI6IkpXVCJ9.eyJ0b2tlbl90eXBlIjoicmVmcmVzaCIsImV4cCI6MTc1MTQ0NTQ0MSwiaWF0IjoxNzUwODQwNjQxLCJqdGkiOiJmZjUxNmYwZDRmMGE0ODI5YmRlY2VkZGQ2YjgyOTI4MyIsInVzZXJfaWQiOjJ9.9Amqp_L2nzXfqc1uV_shJrHtbIgzXJ-P8XoYhpyCdPQ', '2025-06-25 08:37:21.712210', '2025-07-02 08:37:21.000000', 2, 'ff516f0d4f0a4829bdeceddd6b829283');
INSERT INTO `token_blacklist_outstandingtoken` VALUES (23, 'eyJhbGciOiJIUzI1NiIsInR5cCI6IkpXVCJ9.eyJ0b2tlbl90eXBlIjoicmVmcmVzaCIsImV4cCI6MTc1MTQ0NTQ4NCwiaWF0IjoxNzUwODQwNjg0LCJqdGkiOiJlMTAxOWQzNDExNjA0ODc2YjVhNGY3M2I2ZTY3MTY0NiJ9.up4gXX5FB89bWJrLCEWpeDkKDKx-F1Dnm2YDBlhm_nY', '2025-06-25 08:38:04.582024', '2025-07-02 08:38:04.000000', NULL, 'e1019d3411604876b5a4f73b6e671646');
INSERT INTO `token_blacklist_outstandingtoken` VALUES (24, 'eyJhbGciOiJIUzI1NiIsInR5cCI6IkpXVCJ9.eyJ0b2tlbl90eXBlIjoicmVmcmVzaCIsImV4cCI6MTc1MTQ0NTQ5MSwiaWF0IjoxNzUwODQwNjkxLCJqdGkiOiJkNjI4YTc3ZWYzNzI0ODQ4YWM1OTQ5M2NlMmE1NDgzMCIsInVzZXJfaWQiOjF9.IVjMHXtoVm3AUMsYMR1Q2233QcNrfuRYAIGP9EEmnzM', '2025-06-25 08:38:11.418352', '2025-07-02 08:38:11.000000', 1, 'd628a77ef3724848ac59493ce2a54830');
INSERT INTO `token_blacklist_outstandingtoken` VALUES (25, 'eyJhbGciOiJIUzI1NiIsInR5cCI6IkpXVCJ9.eyJ0b2tlbl90eXBlIjoicmVmcmVzaCIsImV4cCI6MTc1MTQ0NTkyNiwiaWF0IjoxNzUwODQxMTI2LCJqdGkiOiI2NmQ3YjY2M2MwZDA0MDk0YjE0MGI2OTYzNDczMzI5NSJ9.TWrb5tLttLceqRqw8ya0f6Fa8siZO9zeANANB1tFA2o', '2025-06-25 08:45:26.594455', '2025-07-02 08:45:26.000000', NULL, '66d7b663c0d04094b140b69634733295');
INSERT INTO `token_blacklist_outstandingtoken` VALUES (26, 'eyJhbGciOiJIUzI1NiIsInR5cCI6IkpXVCJ9.eyJ0b2tlbl90eXBlIjoicmVmcmVzaCIsImV4cCI6MTc1MTQ0NTkzMiwiaWF0IjoxNzUwODQxMTMyLCJqdGkiOiIyMTFkNjVhNzY5ZGE0ODRjYWU4Zjk2OTkwN2VjMjMzMiIsInVzZXJfaWQiOjJ9.mwBel8L6jf9j7IyRUYOyzms5ULi938mRrMcwDgOmp7w', '2025-06-25 08:45:32.236213', '2025-07-02 08:45:32.000000', 2, '211d65a769da484cae8f969907ec2332');
INSERT INTO `token_blacklist_outstandingtoken` VALUES (27, 'eyJhbGciOiJIUzI1NiIsInR5cCI6IkpXVCJ9.eyJ0b2tlbl90eXBlIjoicmVmcmVzaCIsImV4cCI6MTc1MTQ0NjIyNCwiaWF0IjoxNzUwODQxNDI0LCJqdGkiOiI0YjI1ZmYyMzdjMTk0NGIyOTczMTc5ZWRjOGM1MjUzZCIsInVzZXJfaWQiOjJ9.JNljPGVhMgD3jyEnlJt6yiM08FRS5T8y1pWQwDodFhU', '2025-06-25 08:50:24.628770', '2025-07-02 08:50:24.000000', 2, '4b25ff237c1944b2973179edc8c5253d');
INSERT INTO `token_blacklist_outstandingtoken` VALUES (28, 'eyJhbGciOiJIUzI1NiIsInR5cCI6IkpXVCJ9.eyJ0b2tlbl90eXBlIjoicmVmcmVzaCIsImV4cCI6MTc1MTQ0NjI2OCwiaWF0IjoxNzUwODQxNDY4LCJqdGkiOiJiMzNkZjU0MGNmY2U0OGE4ODcwNTgzMzZhMTJhMjFjYiIsInVzZXJfaWQiOjJ9.zwSgXHM42rmvk1UvRckUnHhv-St2SHe-mC6AMMG7TtU', '2025-06-25 08:51:08.619050', '2025-07-02 08:51:08.000000', 2, 'b33df540cfce48a887058336a12a21cb');
INSERT INTO `token_blacklist_outstandingtoken` VALUES (29, 'eyJhbGciOiJIUzI1NiIsInR5cCI6IkpXVCJ9.eyJ0b2tlbl90eXBlIjoicmVmcmVzaCIsImV4cCI6MTc1MTQ0NjI3MSwiaWF0IjoxNzUwODQxNDcxLCJqdGkiOiI2OTZlYTFhZmVjMWY0YTU5YmE3YTQxMzJjOGE3M2I3NyJ9.KVSgm1jRQ4Lp_QzTcl603TZqdoPK5rbBNN42DmXBSXE', '2025-06-25 08:51:11.847944', '2025-07-02 08:51:11.000000', NULL, '696ea1afec1f4a59ba7a4132c8a73b77');
INSERT INTO `token_blacklist_outstandingtoken` VALUES (30, 'eyJhbGciOiJIUzI1NiIsInR5cCI6IkpXVCJ9.eyJ0b2tlbl90eXBlIjoicmVmcmVzaCIsImV4cCI6MTc1MTQ0NjI3NSwiaWF0IjoxNzUwODQxNDc1LCJqdGkiOiI5MDk1ZWUyMDZmZWQ0NmVhYTY0ZTI1MjliYzhhYTAzMSIsInVzZXJfaWQiOjJ9.va0Pp9pnKW8l-aJQ7xan1bRfCLnp9p48cbumfMNs0xI', '2025-06-25 08:51:15.481098', '2025-07-02 08:51:15.000000', 2, '9095ee206fed46eaa64e2529bc8aa031');
INSERT INTO `token_blacklist_outstandingtoken` VALUES (31, 'eyJhbGciOiJIUzI1NiIsInR5cCI6IkpXVCJ9.eyJ0b2tlbl90eXBlIjoicmVmcmVzaCIsImV4cCI6MTc1MTQ0NjkxMywiaWF0IjoxNzUwODQyMTEzLCJqdGkiOiI1MDFiNmFjN2ZiNWQ0M2E2OWU2ZTJlMDc5NGUxZWM5YyJ9.-uD6wRsHWtVl1cgVC-1xlQx71WXA4D8bVgFyetE9ZpQ', '2025-06-25 09:01:53.380434', '2025-07-02 09:01:53.000000', NULL, '501b6ac7fb5d43a69e6e2e0794e1ec9c');
INSERT INTO `token_blacklist_outstandingtoken` VALUES (32, 'eyJhbGciOiJIUzI1NiIsInR5cCI6IkpXVCJ9.eyJ0b2tlbl90eXBlIjoicmVmcmVzaCIsImV4cCI6MTc1MTQ0NjkxOCwiaWF0IjoxNzUwODQyMTE4LCJqdGkiOiI2N2RmNGMyZjc5MjA0YjhhOTE5NmVjMTQxOGQ2NzUzOCIsInVzZXJfaWQiOjF9._2g0wiI6Kucarc55wJddo7tlPOiHoO2IC6wFSMhHQ-s', '2025-06-25 09:01:58.965157', '2025-07-02 09:01:58.000000', 1, '67df4c2f79204b8a9196ec1418d67538');
INSERT INTO `token_blacklist_outstandingtoken` VALUES (33, 'eyJhbGciOiJIUzI1NiIsInR5cCI6IkpXVCJ9.eyJ0b2tlbl90eXBlIjoicmVmcmVzaCIsImV4cCI6MTc1MTQ0Njk0MCwiaWF0IjoxNzUwODQyMTQwLCJqdGkiOiI3MTc0MjUwZDMyNGQ0NDhiOGYyZjFhMmY3NDI4NjA3YiJ9.4KBhmsuFLwIKxoC5wdiWHdg8Xazz0bRV7rtEJ13Y5OU', '2025-06-25 09:02:20.892858', '2025-07-02 09:02:20.000000', NULL, '7174250d324d448b8f2f1a2f7428607b');
INSERT INTO `token_blacklist_outstandingtoken` VALUES (34, 'eyJhbGciOiJIUzI1NiIsInR5cCI6IkpXVCJ9.eyJ0b2tlbl90eXBlIjoicmVmcmVzaCIsImV4cCI6MTc1MTQ0Njk0NSwiaWF0IjoxNzUwODQyMTQ1LCJqdGkiOiIwMDNjZTE0MGMyZGM0YmJmYTAwYTIyMTBhYjcxNTQxZSIsInVzZXJfaWQiOjJ9.OLynQ0vmTH7fYRcQAtMUcBzN9JY3-UTFTQqb6IjObhU', '2025-06-25 09:02:25.997143', '2025-07-02 09:02:25.000000', 2, '003ce140c2dc4bbfa00a2210ab71541e');
INSERT INTO `token_blacklist_outstandingtoken` VALUES (35, 'eyJhbGciOiJIUzI1NiIsInR5cCI6IkpXVCJ9.eyJ0b2tlbl90eXBlIjoicmVmcmVzaCIsImV4cCI6MTc1MTQ0NzE3MywiaWF0IjoxNzUwODQyMzczLCJqdGkiOiIyYjY4YjE4YmQ4MDk0YTJmYmFiNjAwNzI3YThlMjYwOSJ9.y-BEW4HjcCgT06PFJojfuu6VccMetDzUFpJ5zD6yNDU', '2025-06-25 09:06:13.687702', '2025-07-02 09:06:13.000000', NULL, '2b68b18bd8094a2fbab600727a8e2609');
INSERT INTO `token_blacklist_outstandingtoken` VALUES (36, 'eyJhbGciOiJIUzI1NiIsInR5cCI6IkpXVCJ9.eyJ0b2tlbl90eXBlIjoicmVmcmVzaCIsImV4cCI6MTc1MTQ0NzE3OSwiaWF0IjoxNzUwODQyMzc5LCJqdGkiOiI1MGY3MDViYTE1ZGE0ZDFlODlkMWMyMTljN2RhMjFmOSIsInVzZXJfaWQiOjF9.v-J2YQEAMhhTS9BP15Us2lvAyPJo7P-FwyKjpeu6tYo', '2025-06-25 09:06:19.394085', '2025-07-02 09:06:19.000000', 1, '50f705ba15da4d1e89d1c219c7da21f9');
INSERT INTO `token_blacklist_outstandingtoken` VALUES (37, 'eyJhbGciOiJIUzI1NiIsInR5cCI6IkpXVCJ9.eyJ0b2tlbl90eXBlIjoicmVmcmVzaCIsImV4cCI6MTc1MTQ0NzQ2NCwiaWF0IjoxNzUwODQyNjY0LCJqdGkiOiJkZGE5MmNjNzRhMWI0NzFhYmY5MzViM2I0MDdiYWQ4MSJ9.RaRw0xBOMlYldrbXzoVaz5K35F-H22qt082IjlN1LZ4', '2025-06-25 09:11:04.509931', '2025-07-02 09:11:04.000000', NULL, 'dda92cc74a1b471abf935b3b407bad81');
INSERT INTO `token_blacklist_outstandingtoken` VALUES (38, 'eyJhbGciOiJIUzI1NiIsInR5cCI6IkpXVCJ9.eyJ0b2tlbl90eXBlIjoicmVmcmVzaCIsImV4cCI6MTc1MTQ0NzQ3NCwiaWF0IjoxNzUwODQyNjc0LCJqdGkiOiI4ZmVkMTlkM2VlZTE0ZmVlOTI5NTVhYWU3YTU1MDJiMiIsInVzZXJfaWQiOjF9.MZwTq0sJL5E0Jta3aDFWIylAyRHPsxTvYM3oNyYYaWI', '2025-06-25 09:11:14.006932', '2025-07-02 09:11:14.000000', 1, '8fed19d3eee14fee92955aae7a5502b2');
INSERT INTO `token_blacklist_outstandingtoken` VALUES (39, 'eyJhbGciOiJIUzI1NiIsInR5cCI6IkpXVCJ9.eyJ0b2tlbl90eXBlIjoicmVmcmVzaCIsImV4cCI6MTc1MTQ0Nzg2MSwiaWF0IjoxNzUwODQzMDYxLCJqdGkiOiI2MDJmMTNlZTYyZDE0Yjc4YjExNGI1N2Q1MjVmYTg2MyJ9.rxpa_fwuRrLdU7zWIBfOYqxXzLh0qWpGiRNCVfC0euQ', '2025-06-25 09:17:41.460644', '2025-07-02 09:17:41.000000', NULL, '602f13ee62d14b78b114b57d525fa863');
INSERT INTO `token_blacklist_outstandingtoken` VALUES (40, 'eyJhbGciOiJIUzI1NiIsInR5cCI6IkpXVCJ9.eyJ0b2tlbl90eXBlIjoicmVmcmVzaCIsImV4cCI6MTc1MTQ0Nzg3MSwiaWF0IjoxNzUwODQzMDcxLCJqdGkiOiI5ZmFjMWQ5ZTU2Njk0ZjFhYmI2ZTEyZWZkNGFiMzdjZiIsInVzZXJfaWQiOjJ9.Zl1PB99xFVRsaeaAT6RzrmHE5pXpzHYvnOF4FINcPLQ', '2025-06-25 09:17:51.157720', '2025-07-02 09:17:51.000000', 2, '9fac1d9e56694f1abb6e12efd4ab37cf');
INSERT INTO `token_blacklist_outstandingtoken` VALUES (41, 'eyJhbGciOiJIUzI1NiIsInR5cCI6IkpXVCJ9.eyJ0b2tlbl90eXBlIjoicmVmcmVzaCIsImV4cCI6MTc1MTQ0OTAxNywiaWF0IjoxNzUwODQ0MjE3LCJqdGkiOiIzNDY4OWYzZWM1Mjg0ODIxYmNjNTczZDdmYzQzOTE0ZSIsInVzZXJfaWQiOjJ9.xIey6LwFZ6wYpGSoj8ZmzuGZIFhuYGQjhneQlE-i-kI', '2025-06-25 09:36:57.869732', '2025-07-02 09:36:57.000000', 2, '34689f3ec5284821bcc573d7fc43914e');
INSERT INTO `token_blacklist_outstandingtoken` VALUES (42, 'eyJhbGciOiJIUzI1NiIsInR5cCI6IkpXVCJ9.eyJ0b2tlbl90eXBlIjoicmVmcmVzaCIsImV4cCI6MTc1MTQ0OTIyNSwiaWF0IjoxNzUwODQ0NDI1LCJqdGkiOiIxNDYyMGQ2OWY2NmM0YjhiYjUzM2UyMjc5MGQ5YzRhYSIsInVzZXJfaWQiOjJ9.Lh0EHrHASiVlPdf12_K3SC1ZezGT4vMmWq46Xh4iQJE', '2025-06-25 09:40:25.930019', '2025-07-02 09:40:25.000000', 2, '14620d69f66c4b8bb533e22790d9c4aa');
INSERT INTO `token_blacklist_outstandingtoken` VALUES (43, 'eyJhbGciOiJIUzI1NiIsInR5cCI6IkpXVCJ9.eyJ0b2tlbl90eXBlIjoicmVmcmVzaCIsImV4cCI6MTc1MTQ1MTQ2OCwiaWF0IjoxNzUwODQ2NjY4LCJqdGkiOiI5ZWY5YTg5N2M2Y2Q0N2QxOTY1ZTQxZmRjMzhjYzU2OCIsInVzZXJfaWQiOjJ9.FlHYmNZaZGWHVJ5-MFg5gfs6l-OBO-p6O7lfwhIcxUQ', '2025-06-25 10:17:48.719601', '2025-07-02 10:17:48.000000', 2, '9ef9a897c6cd47d1965e41fdc38cc568');
INSERT INTO `token_blacklist_outstandingtoken` VALUES (44, 'eyJhbGciOiJIUzI1NiIsInR5cCI6IkpXVCJ9.eyJ0b2tlbl90eXBlIjoicmVmcmVzaCIsImV4cCI6MTc1MTQ1MjgwMSwiaWF0IjoxNzUwODQ4MDAxLCJqdGkiOiI2NmQ0NGY2MjdlM2E0ZTFhOWI3YjAyNDBkNmNjZTU5ZCIsInVzZXJfaWQiOjJ9.130u_WS8S6e7v4wbNXAGANNq6SChfuz7Qcz2P1dZP-s', '2025-06-25 10:40:01.290462', '2025-07-02 10:40:01.000000', 2, '66d44f627e3a4e1a9b7b0240d6cce59d');
INSERT INTO `token_blacklist_outstandingtoken` VALUES (45, 'eyJhbGciOiJIUzI1NiIsInR5cCI6IkpXVCJ9.eyJ0b2tlbl90eXBlIjoicmVmcmVzaCIsImV4cCI6MTc1MTQ1MjgwOCwiaWF0IjoxNzUwODQ4MDA4LCJqdGkiOiJlN2MwM2Q4NjQwYTc0MDQ5YmY5NzljYTQ4NzllODA5YyJ9.Fh-KKeh8x1u_0CTVBoPXFT8sJyAnG8l5T4q54xWQ86k', '2025-06-25 10:40:08.846241', '2025-07-02 10:40:08.000000', NULL, 'e7c03d8640a74049bf979ca4879e809c');
INSERT INTO `token_blacklist_outstandingtoken` VALUES (46, 'eyJhbGciOiJIUzI1NiIsInR5cCI6IkpXVCJ9.eyJ0b2tlbl90eXBlIjoicmVmcmVzaCIsImV4cCI6MTc1MTQ1MjgxNCwiaWF0IjoxNzUwODQ4MDE0LCJqdGkiOiI2M2QwNTA1YjFkYTk0ZTI5OWViYzZhZWNhNTA2MDQzNiIsInVzZXJfaWQiOjF9._Oig_02-3LAKukgOUpeEWLnqrr634ehh5Q-2y5O5eBg', '2025-06-25 10:40:14.126635', '2025-07-02 10:40:14.000000', 1, '63d0505b1da94e299ebc6aeca5060436');
INSERT INTO `token_blacklist_outstandingtoken` VALUES (47, 'eyJhbGciOiJIUzI1NiIsInR5cCI6IkpXVCJ9.eyJ0b2tlbl90eXBlIjoicmVmcmVzaCIsImV4cCI6MTc1MTQ1MzEyNiwiaWF0IjoxNzUwODQ4MzI2LCJqdGkiOiIwMWFjYTlkNGEyMzg0MTkzOWQ0NjlhODg1ZjBmNTdiYiIsInVzZXJfaWQiOjF9.KMD8RV_Sov5Ejocv5NXCLDnwMvkLKoP_87vs-b0R2Sg', '2025-06-25 10:45:26.870483', '2025-07-02 10:45:26.000000', 1, '01aca9d4a23841939d469a885f0f57bb');
INSERT INTO `token_blacklist_outstandingtoken` VALUES (48, 'eyJhbGciOiJIUzI1NiIsInR5cCI6IkpXVCJ9.eyJ0b2tlbl90eXBlIjoicmVmcmVzaCIsImV4cCI6MTc1MTQ1NTk4MCwiaWF0IjoxNzUwODUxMTgwLCJqdGkiOiJkYjdkMTk3ODU4OWI0ODZlOTRkNTY2NWI5MTg1NTA2YiIsInVzZXJfaWQiOjF9.yGjjxAeyP3M8i4m0zMC9OGZ-6kzWDe3CByOglwFUjyA', '2025-06-25 11:33:00.115751', '2025-07-02 11:33:00.000000', 1, 'db7d1978589b486e94d5665b9185506b');
INSERT INTO `token_blacklist_outstandingtoken` VALUES (49, 'eyJhbGciOiJIUzI1NiIsInR5cCI6IkpXVCJ9.eyJ0b2tlbl90eXBlIjoicmVmcmVzaCIsImV4cCI6MTc1MTQ1ODAxMSwiaWF0IjoxNzUwODUzMjExLCJqdGkiOiJmMWJmODg3NjA4OTQ0NzI1OWY2ZDYxNzYxMGNmZDQ2ZSIsInVzZXJfaWQiOjF9.2dy3xxoZrNT-CMdg_kEr7qsikdmMWFy_zjysboT-_6s', '2025-06-25 12:06:51.743267', '2025-07-02 12:06:51.000000', 1, 'f1bf8876089447259f6d617610cfd46e');
INSERT INTO `token_blacklist_outstandingtoken` VALUES (50, 'eyJhbGciOiJIUzI1NiIsInR5cCI6IkpXVCJ9.eyJ0b2tlbl90eXBlIjoicmVmcmVzaCIsImV4cCI6MTc1MTQ2MDA2NSwiaWF0IjoxNzUwODU1MjY1LCJqdGkiOiI0MDIwNzM4MjI5ODU0Mzk2ODY1N2E0MTNhMTMzM2MyYSIsInVzZXJfaWQiOjF9.u9bFnudhlD_-pqqO-mLe7c68tO9w3l-Yzn2b4CPaROw', '2025-06-25 12:41:05.826852', '2025-07-02 12:41:05.000000', 1, '40207382298543968657a413a1333c2a');
INSERT INTO `token_blacklist_outstandingtoken` VALUES (51, 'eyJhbGciOiJIUzI1NiIsInR5cCI6IkpXVCJ9.eyJ0b2tlbl90eXBlIjoicmVmcmVzaCIsImV4cCI6MTc1MTUyMTA2NiwiaWF0IjoxNzUwOTE2MjY2LCJqdGkiOiJhM2YwYTNiZTFmNzY0YmU3YjMxYzdhYzk0ZjFkMjg0ZiIsInVzZXJfaWQiOjF9.HKJX-UXk8bRXUtHH-c2v9ZbASEVkZAsTg6E_gLU2NCI', '2025-06-26 05:37:46.115656', '2025-07-03 05:37:46.000000', 1, 'a3f0a3be1f764be7b31c7ac94f1d284f');
INSERT INTO `token_blacklist_outstandingtoken` VALUES (52, 'eyJhbGciOiJIUzI1NiIsInR5cCI6IkpXVCJ9.eyJ0b2tlbl90eXBlIjoicmVmcmVzaCIsImV4cCI6MTc1MTUyMTE0NSwiaWF0IjoxNzUwOTE2MzQ1LCJqdGkiOiJlOWMxOWFkNzUzZTc0NTYwOTAwM2IxY2ExMjBkN2Q1YyIsInVzZXJfaWQiOjJ9.UuIFnA1ZuZlEG0o3jc-pEgOEFOU9RNgPdoceCA97iL0', '2025-06-26 05:39:05.059767', '2025-07-03 05:39:05.000000', 2, 'e9c19ad753e745609003b1ca120d7d5c');
INSERT INTO `token_blacklist_outstandingtoken` VALUES (53, 'eyJhbGciOiJIUzI1NiIsInR5cCI6IkpXVCJ9.eyJ0b2tlbl90eXBlIjoicmVmcmVzaCIsImV4cCI6MTc1MTUyMTE1MSwiaWF0IjoxNzUwOTE2MzUxLCJqdGkiOiJhYjIyMTEzMThhMTg0YjQ3OWFjNjdiMjZiNzc2OGU3NSJ9.Yeyuj-y9TIYGJX7jvH0jiLpk0PFzbXwlXimSSyojEy4', '2025-06-26 05:39:11.645982', '2025-07-03 05:39:11.000000', NULL, 'ab2211318a184b479ac67b26b7768e75');
INSERT INTO `token_blacklist_outstandingtoken` VALUES (54, 'eyJhbGciOiJIUzI1NiIsInR5cCI6IkpXVCJ9.eyJ0b2tlbl90eXBlIjoicmVmcmVzaCIsImV4cCI6MTc1MTUyMTE5MCwiaWF0IjoxNzUwOTE2MzkwLCJqdGkiOiIxNzE5MGNmMjY0NGQ0Nzc0YWY4MGMxYjE3OWM4MTJlNCIsInVzZXJfaWQiOjJ9.oK9RoQ9QD47Hxr7UPleYIcpNuHFX3HwA5fx_RA7GRUk', '2025-06-26 05:39:50.196427', '2025-07-03 05:39:50.000000', 2, '17190cf2644d4774af80c1b179c812e4');
INSERT INTO `token_blacklist_outstandingtoken` VALUES (55, 'eyJhbGciOiJIUzI1NiIsInR5cCI6IkpXVCJ9.eyJ0b2tlbl90eXBlIjoicmVmcmVzaCIsImV4cCI6MTc1MTUyMzE3MywiaWF0IjoxNzUwOTE4MzczLCJqdGkiOiJlNDY1MWI4MWZhNzU0NzAxOTc3NTczOTIzZmRiODA5ZiIsInVzZXJfaWQiOjJ9._3TRG1_-tYElRBRVbJiQW-tomZuXeAAG5JEWUi6APvs', '2025-06-26 06:12:53.800478', '2025-07-03 06:12:53.000000', 2, 'e4651b81fa754701977573923fdb809f');
INSERT INTO `token_blacklist_outstandingtoken` VALUES (56, 'eyJhbGciOiJIUzI1NiIsInR5cCI6IkpXVCJ9.eyJ0b2tlbl90eXBlIjoicmVmcmVzaCIsImV4cCI6MTc1MTUyNTIyMywiaWF0IjoxNzUwOTIwNDIzLCJqdGkiOiJmZGRiY2E1YzRiNGM0ODhkOGQ1YjYyNTA3Mzc1MTkxMiIsInVzZXJfaWQiOjJ9.d4UV1NKsKfflWmBvqR3osKasKDseY6UkVe7020_Ywns', '2025-06-26 06:47:03.982207', '2025-07-03 06:47:03.000000', 2, 'fddbca5c4b4c488d8d5b625073751912');
INSERT INTO `token_blacklist_outstandingtoken` VALUES (57, 'eyJhbGciOiJIUzI1NiIsInR5cCI6IkpXVCJ9.eyJ0b2tlbl90eXBlIjoicmVmcmVzaCIsImV4cCI6MTc1MTUyNTg0NSwiaWF0IjoxNzUwOTIxMDQ1LCJqdGkiOiI4MWRmZTEwNjQ5Y2Q0OGQ0ODk5NTNiYmYzNjU4YTYwNyJ9.H5m1zjmNce0YjYQVZqSmwfNnmK9jb2Z_KMDl1OxRJAY', '2025-06-26 06:57:25.588540', '2025-07-03 06:57:25.000000', NULL, '81dfe10649cd48d489953bbf3658a607');
INSERT INTO `token_blacklist_outstandingtoken` VALUES (58, 'eyJhbGciOiJIUzI1NiIsInR5cCI6IkpXVCJ9.eyJ0b2tlbl90eXBlIjoicmVmcmVzaCIsImV4cCI6MTc1MTUyNTg1MCwiaWF0IjoxNzUwOTIxMDUwLCJqdGkiOiIyNTNkZWJjMGMxZWI0Mzk1OWQ3MzZjZDFkZmYxMjY0ZiIsInVzZXJfaWQiOjF9.1fMY9MUqXTpQSYLnkbWCFIFMIJBRM-DiDPY1AwwzX00', '2025-06-26 06:57:30.462380', '2025-07-03 06:57:30.000000', 1, '253debc0c1eb43959d736cd1dff1264f');
INSERT INTO `token_blacklist_outstandingtoken` VALUES (59, 'eyJhbGciOiJIUzI1NiIsInR5cCI6IkpXVCJ9.eyJ0b2tlbl90eXBlIjoicmVmcmVzaCIsImV4cCI6MTc1MTUyNTg4NiwiaWF0IjoxNzUwOTIxMDg2LCJqdGkiOiI4MDljNTI4YWM1NWU0ZTQ1YTViZDZiMTFmMTAyMWRhMyJ9.2Vuio2i7H-b5oKzGbZ6smy_L6RzKvAFPlvQQxFDYxtw', '2025-06-26 06:58:06.984520', '2025-07-03 06:58:06.000000', NULL, '809c528ac55e4e45a5bd6b11f1021da3');
INSERT INTO `token_blacklist_outstandingtoken` VALUES (60, 'eyJhbGciOiJIUzI1NiIsInR5cCI6IkpXVCJ9.eyJ0b2tlbl90eXBlIjoicmVmcmVzaCIsImV4cCI6MTc1MTUyNTg5MiwiaWF0IjoxNzUwOTIxMDkyLCJqdGkiOiIxNjJkODFhZjUwYmQ0NTY4ODg4MGYyNzQzMmU5MjNlOSIsInVzZXJfaWQiOjJ9.IbO4Bhckn9kQyAGbMmmIZlAaJpQi6603TUBEA6EY2nU', '2025-06-26 06:58:12.189607', '2025-07-03 06:58:12.000000', 2, '162d81af50bd45688880f27432e923e9');
INSERT INTO `token_blacklist_outstandingtoken` VALUES (61, 'eyJhbGciOiJIUzI1NiIsInR5cCI6IkpXVCJ9.eyJ0b2tlbl90eXBlIjoicmVmcmVzaCIsImV4cCI6MTc1MTUyODA0NiwiaWF0IjoxNzUwOTIzMjQ2LCJqdGkiOiJlZjgxOGE4OTI1NTc0MjA0YmRiZDllM2E2Y2E1OTBmNyIsInVzZXJfaWQiOjJ9.QZmm52I7oonV73VIWPDtkYuFv_y6IdTnxPj12JsSVYI', '2025-06-26 07:34:06.160906', '2025-07-03 07:34:06.000000', 2, 'ef818a8925574204bdbd9e3a6ca590f7');
INSERT INTO `token_blacklist_outstandingtoken` VALUES (62, 'eyJhbGciOiJIUzI1NiIsInR5cCI6IkpXVCJ9.eyJ0b2tlbl90eXBlIjoicmVmcmVzaCIsImV4cCI6MTc1MTUyOTYxNCwiaWF0IjoxNzUwOTI0ODE0LCJqdGkiOiIyMTc3MzM3ODYzN2M0ZDc4ODliNDk3NTc4NjgzZTRmMyJ9.vuMxvEec_11kbFQ6CmLNviRmYcAkcXEIqrWR7eNtTpw', '2025-06-26 08:00:14.043089', '2025-07-03 08:00:14.000000', NULL, '21773378637c4d7889b497578683e4f3');
INSERT INTO `token_blacklist_outstandingtoken` VALUES (63, 'eyJhbGciOiJIUzI1NiIsInR5cCI6IkpXVCJ9.eyJ0b2tlbl90eXBlIjoicmVmcmVzaCIsImV4cCI6MTc1MTUyOTYxOSwiaWF0IjoxNzUwOTI0ODE5LCJqdGkiOiI2YTU4ODgyYWExMWQ0NjNlOTUwMDMxMjA0OTRkMmQyNSIsInVzZXJfaWQiOjJ9.MhcpSyl3ZMupvqkg_83hETovRisOzhKrS04zhHeESl8', '2025-06-26 08:00:19.672454', '2025-07-03 08:00:19.000000', 2, '6a58882aa11d463e95003120494d2d25');
INSERT INTO `token_blacklist_outstandingtoken` VALUES (64, 'eyJhbGciOiJIUzI1NiIsInR5cCI6IkpXVCJ9.eyJ0b2tlbl90eXBlIjoicmVmcmVzaCIsImV4cCI6MTc1MTUyOTY2MSwiaWF0IjoxNzUwOTI0ODYxLCJqdGkiOiI0NDRkMTRjYjk4NzQ0MzI1ODllMzI3MTg4ZmU4OTA5MSJ9.yJzv4dsen97IDRgi-chcAbGF02HyTKhY3g1X_9ap6LY', '2025-06-26 08:01:01.257752', '2025-07-03 08:01:01.000000', NULL, '444d14cb9874432589e327188fe89091');
INSERT INTO `token_blacklist_outstandingtoken` VALUES (65, 'eyJhbGciOiJIUzI1NiIsInR5cCI6IkpXVCJ9.eyJ0b2tlbl90eXBlIjoicmVmcmVzaCIsImV4cCI6MTc1MTUyOTY2NywiaWF0IjoxNzUwOTI0ODY3LCJqdGkiOiJkZjE3MzNjMGY2Mzc0OTU3YTJhMzViYTUzYTQ5MDMyNyIsInVzZXJfaWQiOjJ9.aYurb_jQyh6EsMewPQh-COtEw_vikAP9Dtsu7_3Rtuc', '2025-06-26 08:01:07.044662', '2025-07-03 08:01:07.000000', 2, 'df1733c0f6374957a2a35ba53a490327');
INSERT INTO `token_blacklist_outstandingtoken` VALUES (66, 'eyJhbGciOiJIUzI1NiIsInR5cCI6IkpXVCJ9.eyJ0b2tlbl90eXBlIjoicmVmcmVzaCIsImV4cCI6MTc1MTUzMTU0MywiaWF0IjoxNzUwOTI2NzQzLCJqdGkiOiIyNzczN2FkZjVjMDk0MjBhYWU4NWU4MDU1NGIxY2U2YSIsInVzZXJfaWQiOjJ9.HIumtjkhpBc5ddkBnaB4hUfGDyYBi2kww8r3rPImeZY', '2025-06-26 08:32:23.963518', '2025-07-03 08:32:23.000000', 2, '27737adf5c09420aae85e80554b1ce6a');
INSERT INTO `token_blacklist_outstandingtoken` VALUES (67, 'eyJhbGciOiJIUzI1NiIsInR5cCI6IkpXVCJ9.eyJ0b2tlbl90eXBlIjoicmVmcmVzaCIsImV4cCI6MTc1MTUzMTU0MywiaWF0IjoxNzUwOTI2NzQzLCJqdGkiOiIxMWRiYTRiZTUxZjc0MWRhYjY4ODQ4MzAzNDk2ZmNhNyIsInVzZXJfaWQiOjJ9.EP-zf5fw1ckxh1D54egtiVuDvUXoMRpD8RiADahMdZY', '2025-06-26 08:32:23.966289', '2025-07-03 08:32:23.000000', 2, '11dba4be51f741dab68848303496fca7');
INSERT INTO `token_blacklist_outstandingtoken` VALUES (68, 'eyJhbGciOiJIUzI1NiIsInR5cCI6IkpXVCJ9.eyJ0b2tlbl90eXBlIjoicmVmcmVzaCIsImV4cCI6MTc1MTUzMjA1OCwiaWF0IjoxNzUwOTI3MjU4LCJqdGkiOiI3YTEyODIzN2VjZWU0YTI5OGI3OTY5ZDZkNzY3NjU1NSJ9.XmpbFbYKdeEnkUcOT1Zu581YpJsS11wfnN0DMjAjLSc', '2025-06-26 08:40:58.742586', '2025-07-03 08:40:58.000000', NULL, '7a128237ecee4a298b7969d6d7676555');
INSERT INTO `token_blacklist_outstandingtoken` VALUES (69, 'eyJhbGciOiJIUzI1NiIsInR5cCI6IkpXVCJ9.eyJ0b2tlbl90eXBlIjoicmVmcmVzaCIsImV4cCI6MTc1MTUzMjA2MywiaWF0IjoxNzUwOTI3MjYzLCJqdGkiOiI2MjIzNWVkODJmZDU0NWRlYWZkZTBhOGMxODY4MGZkZCIsInVzZXJfaWQiOjJ9.hOUwEboL7TbYQrqcUMVbXmsBvPPQOCmkEXzEL9kfcCc', '2025-06-26 08:41:03.825409', '2025-07-03 08:41:03.000000', 2, '62235ed82fd545deafde0a8c18680fdd');
INSERT INTO `token_blacklist_outstandingtoken` VALUES (70, 'eyJhbGciOiJIUzI1NiIsInR5cCI6IkpXVCJ9.eyJ0b2tlbl90eXBlIjoicmVmcmVzaCIsImV4cCI6MTc1MTUzMjI2NSwiaWF0IjoxNzUwOTI3NDY1LCJqdGkiOiI2OTJjZGI2Njk0ZmU0YjU2OTJhNjhmMTM2MDY2NjZiNCJ9.rFPW9jGAfY4ZNcWq1xMHkmk6mM_uaJQLhEI0iNssxis', '2025-06-26 08:44:25.890543', '2025-07-03 08:44:25.000000', NULL, '692cdb6694fe4b5692a68f13606666b4');
INSERT INTO `token_blacklist_outstandingtoken` VALUES (71, 'eyJhbGciOiJIUzI1NiIsInR5cCI6IkpXVCJ9.eyJ0b2tlbl90eXBlIjoicmVmcmVzaCIsImV4cCI6MTc1MTUzMjI3NywiaWF0IjoxNzUwOTI3NDc3LCJqdGkiOiJjOTI0NjEzNWI0MmY0MjIyOTc1MjQ0NWY0YWZhZTJmYyIsInVzZXJfaWQiOjJ9.vgOoyheXUjVxoDe0n7wvh6tzBryCZ3XT8-x3iZxrdYw', '2025-06-26 08:44:37.419521', '2025-07-03 08:44:37.000000', 2, 'c9246135b42f42229752445f4afae2fc');
INSERT INTO `token_blacklist_outstandingtoken` VALUES (72, 'eyJhbGciOiJIUzI1NiIsInR5cCI6IkpXVCJ9.eyJ0b2tlbl90eXBlIjoicmVmcmVzaCIsImV4cCI6MTc1MTUzNzMwNSwiaWF0IjoxNzUwOTMyNTA1LCJqdGkiOiI4YWZiY2U2ODM4NzQ0MDRmYjg1ZTU3ZmNiMjBhYmM2OCIsInVzZXJfaWQiOjJ9.YuwJkdYQCauzTkTOyvNIlRfTlb-jFP7s2fYpHADriBE', '2025-06-26 10:08:25.168198', '2025-07-03 10:08:25.000000', 2, '8afbce683874404fb85e57fcb20abc68');
INSERT INTO `token_blacklist_outstandingtoken` VALUES (73, 'eyJhbGciOiJIUzI1NiIsInR5cCI6IkpXVCJ9.eyJ0b2tlbl90eXBlIjoicmVmcmVzaCIsImV4cCI6MTc1MTUzNzMwNSwiaWF0IjoxNzUwOTMyNTA1LCJqdGkiOiIyNDQ4ZTEyMWRiY2I0ZDUzYTFlMWNmOTc4MDQ2ZThhMyIsInVzZXJfaWQiOjJ9.cskAHFdSLLORFZqinvO1OHnnsHQ1RZGWwfU2O0OFQ94', '2025-06-26 10:08:25.180471', '2025-07-03 10:08:25.000000', 2, '2448e121dbcb4d53a1e1cf978046e8a3');
INSERT INTO `token_blacklist_outstandingtoken` VALUES (74, 'eyJhbGciOiJIUzI1NiIsInR5cCI6IkpXVCJ9.eyJ0b2tlbl90eXBlIjoicmVmcmVzaCIsImV4cCI6MTc1MTUzNzMwOCwiaWF0IjoxNzUwOTMyNTA4LCJqdGkiOiJjNGYyMWJiMGIyY2U0Mjc3YTA1ODA4NWZmNTc3ODVkNyJ9.Zz1Eq8EwY7Ot9L5JS9b44Bx8cZ54l8Lbviq87pZRKhY', '2025-06-26 10:08:28.292320', '2025-07-03 10:08:28.000000', NULL, 'c4f21bb0b2ce4277a058085ff57785d7');
INSERT INTO `token_blacklist_outstandingtoken` VALUES (75, 'eyJhbGciOiJIUzI1NiIsInR5cCI6IkpXVCJ9.eyJ0b2tlbl90eXBlIjoicmVmcmVzaCIsImV4cCI6MTc1MTUzNzMxMywiaWF0IjoxNzUwOTMyNTEzLCJqdGkiOiI2N2M2YmY3MzQzZmM0YWEzYWFjOTQ1Yjc3OWRkMTk1ZCIsInVzZXJfaWQiOjJ9.R9ouzAAU0CQxVVtzj14JguuO3VZD6PrS_JnUyPtBTm8', '2025-06-26 10:08:33.521638', '2025-07-03 10:08:33.000000', 2, '67c6bf7343fc4aa3aac945b779dd195d');
INSERT INTO `token_blacklist_outstandingtoken` VALUES (76, 'eyJhbGciOiJIUzI1NiIsInR5cCI6IkpXVCJ9.eyJ0b2tlbl90eXBlIjoicmVmcmVzaCIsImV4cCI6MTc1MTUzNzMyMiwiaWF0IjoxNzUwOTMyNTIyLCJqdGkiOiJiOTQxMDk0ZWU5MDc0ZjlhOTNkNzdkOTA1MmYzNmI0MCJ9._8sbpL-MDQWbS33-oGtuxa6tASJw6GQWQkD7HuEPq7c', '2025-06-26 10:08:42.947092', '2025-07-03 10:08:42.000000', NULL, 'b941094ee9074f9a93d77d9052f36b40');
INSERT INTO `token_blacklist_outstandingtoken` VALUES (77, 'eyJhbGciOiJIUzI1NiIsInR5cCI6IkpXVCJ9.eyJ0b2tlbl90eXBlIjoicmVmcmVzaCIsImV4cCI6MTc1MTUzOTMwNCwiaWF0IjoxNzUwOTM0NTA0LCJqdGkiOiI2MTJkYjkwMmE5YTM0NWM0ODcwMmUxNjhiOTVmMTI3MyIsInVzZXJfaWQiOjJ9.sMPi8ZJPDTW9ns-lql0RReRmi5CMIfn0MQ_zhnQgbhQ', '2025-06-26 10:41:44.040642', '2025-07-03 10:41:44.000000', 2, '612db902a9a345c48702e168b95f1273');
INSERT INTO `token_blacklist_outstandingtoken` VALUES (78, 'eyJhbGciOiJIUzI1NiIsInR5cCI6IkpXVCJ9.eyJ0b2tlbl90eXBlIjoicmVmcmVzaCIsImV4cCI6MTc1MTU0MTk2OSwiaWF0IjoxNzUwOTM3MTY5LCJqdGkiOiJmZDEyNGUwMTJlNzQ0ODc4YTY1MDhhOGU5OGZjMjkyNiIsInVzZXJfaWQiOjJ9.nDYft7tcT_dNZ39duO-gvFD-KEZcV3FFQxaTr6Bgfcs', '2025-06-26 11:26:09.560904', '2025-07-03 11:26:09.000000', 2, 'fd124e012e744878a6508a8e98fc2926');
INSERT INTO `token_blacklist_outstandingtoken` VALUES (79, 'eyJhbGciOiJIUzI1NiIsInR5cCI6IkpXVCJ9.eyJ0b2tlbl90eXBlIjoicmVmcmVzaCIsImV4cCI6MTc1MTU0MjA1MCwiaWF0IjoxNzUwOTM3MjUwLCJqdGkiOiJmYWVkNzVmNDcxY2U0M2QzOWQ1M2Y0MTQxMzRhOTNjNCJ9.S6O_8tQbTn3oKBqs_0apuaiCxkTnqRpJMESecFUVEX4', '2025-06-26 11:27:30.828329', '2025-07-03 11:27:30.000000', NULL, 'faed75f471ce43d39d53f414134a93c4');
INSERT INTO `token_blacklist_outstandingtoken` VALUES (80, 'eyJhbGciOiJIUzI1NiIsInR5cCI6IkpXVCJ9.eyJ0b2tlbl90eXBlIjoicmVmcmVzaCIsImV4cCI6MTc1MTU0MjA1NSwiaWF0IjoxNzUwOTM3MjU1LCJqdGkiOiJkYWUwYTA4NGE3YTc0ODY5OTYwMzVhNTkyNTM5OTExOSIsInVzZXJfaWQiOjF9.suZnN2RLyDYopb4PvavT95WGzkH35HAYu-hmNRJ8sYI', '2025-06-26 11:27:35.319010', '2025-07-03 11:27:35.000000', 1, 'dae0a084a7a7486996035a5925399119');
INSERT INTO `token_blacklist_outstandingtoken` VALUES (81, 'eyJhbGciOiJIUzI1NiIsInR5cCI6IkpXVCJ9.eyJ0b2tlbl90eXBlIjoicmVmcmVzaCIsImV4cCI6MTc1MTU0MjEwNCwiaWF0IjoxNzUwOTM3MzA0LCJqdGkiOiI5MTQ1YjJiMzNiZjM0NTgyYmUzZWEyNjk3MmM4ODNjYyJ9.PJ5Ls5I0K3K2ZWkJ13NW7V8K2T6xMVuTwzYOpo1mJ10', '2025-06-26 11:28:24.618140', '2025-07-03 11:28:24.000000', NULL, '9145b2b33bf34582be3ea26972c883cc');
INSERT INTO `token_blacklist_outstandingtoken` VALUES (82, 'eyJhbGciOiJIUzI1NiIsInR5cCI6IkpXVCJ9.eyJ0b2tlbl90eXBlIjoicmVmcmVzaCIsImV4cCI6MTc1MTU0MjEwOCwiaWF0IjoxNzUwOTM3MzA4LCJqdGkiOiI1NjdmZDBhNjE3MTk0NDYwOTk1ZWIyN2MwZTgwNjZhMSIsInVzZXJfaWQiOjJ9.3nZOkeYcYV1O9YY4dbc6DxyRw_p0MzKZcKiQyauivBY', '2025-06-26 11:28:28.385868', '2025-07-03 11:28:28.000000', 2, '567fd0a617194460995eb27c0e8066a1');
INSERT INTO `token_blacklist_outstandingtoken` VALUES (83, 'eyJhbGciOiJIUzI1NiIsInR5cCI6IkpXVCJ9.eyJ0b2tlbl90eXBlIjoicmVmcmVzaCIsImV4cCI6MTc1MTU0NDk1MCwiaWF0IjoxNzUwOTQwMTUwLCJqdGkiOiJjN2RhNWM3OGU3MmY0MDc4YWI0OTdjY2ZjOGYxMDUwYSIsInVzZXJfaWQiOjJ9.j-YmEN3bQc9d038esN3JDzx9TSpQ4cxCho6pwvxtD8U', '2025-06-26 12:15:50.999244', '2025-07-03 12:15:50.000000', 2, 'c7da5c78e72f4078ab497ccfc8f1050a');
INSERT INTO `token_blacklist_outstandingtoken` VALUES (84, 'eyJhbGciOiJIUzI1NiIsInR5cCI6IkpXVCJ9.eyJ0b2tlbl90eXBlIjoicmVmcmVzaCIsImV4cCI6MTc1MTU0NDk1MSwiaWF0IjoxNzUwOTQwMTUxLCJqdGkiOiIxZWZhMGYwZTI4NzY0MDViYWM3MTdlZGNkNDAyMjViNyIsInVzZXJfaWQiOjJ9.y9jsf5XAKAsp2-51zVXR1I8WpTmrajdGsoE7fDHwO38', '2025-06-26 12:15:51.000757', '2025-07-03 12:15:51.000000', 2, '1efa0f0e2876405bac717edcd40225b7');
INSERT INTO `token_blacklist_outstandingtoken` VALUES (85, 'eyJhbGciOiJIUzI1NiIsInR5cCI6IkpXVCJ9.eyJ0b2tlbl90eXBlIjoicmVmcmVzaCIsImV4cCI6MTc1MTU0NjgzNiwiaWF0IjoxNzUwOTQyMDM2LCJqdGkiOiI0NzNlMzZiYTMyNTM0Njg5OTJhZWZmYmIyZDU2ZDlhMiIsInVzZXJfaWQiOjJ9.WprPRF_7EYMCqX_AdKPhhYZ5uw6ZuazisLXBZ1928Iw', '2025-06-26 12:47:16.387059', '2025-07-03 12:47:16.000000', 2, '473e36ba3253468992aeffbb2d56d9a2');
INSERT INTO `token_blacklist_outstandingtoken` VALUES (86, 'eyJhbGciOiJIUzI1NiIsInR5cCI6IkpXVCJ9.eyJ0b2tlbl90eXBlIjoicmVmcmVzaCIsImV4cCI6MTc1MTU0ODcyMywiaWF0IjoxNzUwOTQzOTIzLCJqdGkiOiJhNjVjNzUxZGE5ZjU0OTYzYmFhZGNlZjFlZWVhZjMyMCIsInVzZXJfaWQiOjJ9.hkmVt-KbsJ8eRiv6GImh-yMzWncK3so4YS6Mg5fJWZE', '2025-06-26 13:18:43.783486', '2025-07-03 13:18:43.000000', 2, 'a65c751da9f54963baadcef1eeeaf320');
INSERT INTO `token_blacklist_outstandingtoken` VALUES (87, 'eyJhbGciOiJIUzI1NiIsInR5cCI6IkpXVCJ9.eyJ0b2tlbl90eXBlIjoicmVmcmVzaCIsImV4cCI6MTc1MTYxMDU3OSwiaWF0IjoxNzUxMDA1Nzc5LCJqdGkiOiJlZjU4MDlhMmM3YWU0NjkxOWQyYzExYmI4Y2U0YTIxOSIsInVzZXJfaWQiOjF9.G4RGfzPVTYGsW3-_Iv6m1bfTszoV0jYa1Z6n4eXsN8Y', '2025-06-27 06:29:39.613143', '2025-07-04 06:29:39.000000', 1, 'ef5809a2c7ae46919d2c11bb8ce4a219');
INSERT INTO `token_blacklist_outstandingtoken` VALUES (88, 'eyJhbGciOiJIUzI1NiIsInR5cCI6IkpXVCJ9.eyJ0b2tlbl90eXBlIjoicmVmcmVzaCIsImV4cCI6MTc1MTYxMjQxNiwiaWF0IjoxNzUxMDA3NjE2LCJqdGkiOiJiMTI1NzY2MmE3N2U0Mjc2OGVjN2E5MWM3MTg5ZGIzZCIsInVzZXJfaWQiOjF9.V8VYpoVr0hzxD4zvPGs6nTcRLyoIZmMuXvTAhRpBpuI', '2025-06-27 07:00:16.338049', '2025-07-04 07:00:16.000000', 1, 'b1257662a77e42768ec7a91c7189db3d');
INSERT INTO `token_blacklist_outstandingtoken` VALUES (89, 'eyJhbGciOiJIUzI1NiIsInR5cCI6IkpXVCJ9.eyJ0b2tlbl90eXBlIjoicmVmcmVzaCIsImV4cCI6MTc1MTYxNDQ5OCwiaWF0IjoxNzUxMDA5Njk4LCJqdGkiOiJhYjIxYTJlMzU3MTk0YzgzYjQyNzQyMDhlMzlmZmQ4ZCIsInVzZXJfaWQiOjF9.25WoqTRjLqxWKw7FMe5_QGHcu6kw-Dx9_RxFe36AfPg', '2025-06-27 07:34:58.645689', '2025-07-04 07:34:58.000000', 1, 'ab21a2e357194c83b4274208e39ffd8d');
INSERT INTO `token_blacklist_outstandingtoken` VALUES (90, 'eyJhbGciOiJIUzI1NiIsInR5cCI6IkpXVCJ9.eyJ0b2tlbl90eXBlIjoicmVmcmVzaCIsImV4cCI6MTc1MTYxNDQ5OCwiaWF0IjoxNzUxMDA5Njk4LCJqdGkiOiJkOGRjNTc4ZWFmMjI0M2VmODY3YWQzNjg3NmJiOTM1NyIsInVzZXJfaWQiOjF9.L3h3QYuxsxuTfLKoIzYUObzoThjBQL9pkphakrvpgCs', '2025-06-27 07:34:58.646696', '2025-07-04 07:34:58.000000', 1, 'd8dc578eaf2243ef867ad36876bb9357');
INSERT INTO `token_blacklist_outstandingtoken` VALUES (91, 'eyJhbGciOiJIUzI1NiIsInR5cCI6IkpXVCJ9.eyJ0b2tlbl90eXBlIjoicmVmcmVzaCIsImV4cCI6MTc1MTYyMjc4MiwiaWF0IjoxNzUxMDE3OTgyLCJqdGkiOiI3ZDAzN2Q0ZTdiZDc0NDQ2YjZkMTMxMzczOWJjMTk4YyIsInVzZXJfaWQiOjF9.uW9gc543o5dhYsZ01oTrRy3M0h-G8So0RB8Rk1jCLe8', '2025-06-27 09:53:02.971435', '2025-07-04 09:53:02.000000', 1, '7d037d4e7bd74446b6d1313739bc198c');
INSERT INTO `token_blacklist_outstandingtoken` VALUES (92, 'eyJhbGciOiJIUzI1NiIsInR5cCI6IkpXVCJ9.eyJ0b2tlbl90eXBlIjoicmVmcmVzaCIsImV4cCI6MTc1MTYyMjc4MiwiaWF0IjoxNzUxMDE3OTgyLCJqdGkiOiJjMDJiOWIwYjYzNWY0ZGI2Yjc2ZTljZjczNmVkYzA3OSIsInVzZXJfaWQiOjF9.7Me504h9EfvVd4Fi4q5VLpxnOLlzVVQtalpyZ54N2pk', '2025-06-27 09:53:02.973440', '2025-07-04 09:53:02.000000', 1, 'c02b9b0b635f4db6b76e9cf736edc079');
INSERT INTO `token_blacklist_outstandingtoken` VALUES (93, 'eyJhbGciOiJIUzI1NiIsInR5cCI6IkpXVCJ9.eyJ0b2tlbl90eXBlIjoicmVmcmVzaCIsImV4cCI6MTc1MTYyOTU2MywiaWF0IjoxNzUxMDI0NzYzLCJqdGkiOiJlNzdhNzkzNmMwNWQ0NTA2ODk0MzhkZWQ4NjQ3OTU3YiIsInVzZXJfaWQiOjF9.iRY-D3rLqZIW1prFx8O4KHuBS_swvGEykz_jskmAuXk', '2025-06-27 11:46:03.867838', '2025-07-04 11:46:03.000000', 1, 'e77a7936c05d450689438ded8647957b');
INSERT INTO `token_blacklist_outstandingtoken` VALUES (94, 'eyJhbGciOiJIUzI1NiIsInR5cCI6IkpXVCJ9.eyJ0b2tlbl90eXBlIjoicmVmcmVzaCIsImV4cCI6MTc1MTYyOTU4MiwiaWF0IjoxNzUxMDI0NzgyLCJqdGkiOiI3YmUyYTU1MTMyMzc0NGFjYThlYTFjMzg4NzFiNDJhMSJ9.6PJfeJs9Oegxw4WkoC2CfHwyxrCEkWKUUT1jY3E_8VY', '2025-06-27 11:46:22.694138', '2025-07-04 11:46:22.000000', NULL, '7be2a551323744aca8ea1c38871b42a1');
INSERT INTO `token_blacklist_outstandingtoken` VALUES (95, 'eyJhbGciOiJIUzI1NiIsInR5cCI6IkpXVCJ9.eyJ0b2tlbl90eXBlIjoicmVmcmVzaCIsImV4cCI6MTc1MTYzMTU5MSwiaWF0IjoxNzUxMDI2NzkxLCJqdGkiOiIzNjNlODE3NmIwYTc0MTE3YjY2NTRhMDcxNmE1ZjJiMSIsInVzZXJfaWQiOjF9.7xsMs6gIwOYKSCudyFyvHxJ67WZA8MIojlVp_pac9NM', '2025-06-27 12:19:51.144820', '2025-07-04 12:19:51.000000', 1, '363e8176b0a74117b6654a0716a5f2b1');
INSERT INTO `token_blacklist_outstandingtoken` VALUES (96, 'eyJhbGciOiJIUzI1NiIsInR5cCI6IkpXVCJ9.eyJ0b2tlbl90eXBlIjoicmVmcmVzaCIsImV4cCI6MTc1MTYzMjEyOCwiaWF0IjoxNzUxMDI3MzI4LCJqdGkiOiIxMTUwNjJmNjcxNTE0YzVmYWE1NjBiOWNlNTBhNTYyNyJ9.pfRKcsF3qRKFCETK00-r1-W8xQ9bZIAaRVAG7VhBl_I', '2025-06-27 12:28:48.947059', '2025-07-04 12:28:48.000000', NULL, '115062f671514c5faa560b9ce50a5627');
INSERT INTO `token_blacklist_outstandingtoken` VALUES (97, 'eyJhbGciOiJIUzI1NiIsInR5cCI6IkpXVCJ9.eyJ0b2tlbl90eXBlIjoicmVmcmVzaCIsImV4cCI6MTc1MTYzMjEzNSwiaWF0IjoxNzUxMDI3MzM1LCJqdGkiOiIxZTViOWFhMDUwN2E0NjdmOTRkODk3ODZiM2U3M2Y4MSIsInVzZXJfaWQiOjJ9.K8cOIsUoRwbkomi_a2MRlQqZ2aTL7siK4Pmci6AARGs', '2025-06-27 12:28:55.713896', '2025-07-04 12:28:55.000000', 2, '1e5b9aa0507a467f94d89786b3e73f81');
INSERT INTO `token_blacklist_outstandingtoken` VALUES (98, 'eyJhbGciOiJIUzI1NiIsInR5cCI6IkpXVCJ9.eyJ0b2tlbl90eXBlIjoicmVmcmVzaCIsImV4cCI6MTc1MTYzMzM4MSwiaWF0IjoxNzUxMDI4NTgxLCJqdGkiOiI1M2ZmNGVkMjNkMWM0MDA2OTRjODgyNmMwZGY1ZjExYSJ9.2mMtEOlkqEBZiw4OLtog2BhCatThY7x06rBXMufZ86c', '2025-06-27 12:49:41.336821', '2025-07-04 12:49:41.000000', NULL, '53ff4ed23d1c400694c8826c0df5f11a');
INSERT INTO `token_blacklist_outstandingtoken` VALUES (99, 'eyJhbGciOiJIUzI1NiIsInR5cCI6IkpXVCJ9.eyJ0b2tlbl90eXBlIjoicmVmcmVzaCIsImV4cCI6MTc1MTYzNDQ4MiwiaWF0IjoxNzUxMDI5NjgyLCJqdGkiOiJiMjY2N2QxOGIyOGQ0ZTE4YTM1ZWFhNTA2NzhhYjczNiIsInVzZXJfaWQiOjF9.2iMs62wTr2KImUVlCv59-FRGhrTpS5-FIyU0gXGUTTQ', '2025-06-27 13:08:02.684536', '2025-07-04 13:08:02.000000', 1, 'b2667d18b28d4e18a35eaa50678ab736');
INSERT INTO `token_blacklist_outstandingtoken` VALUES (100, 'eyJhbGciOiJIUzI1NiIsInR5cCI6IkpXVCJ9.eyJ0b2tlbl90eXBlIjoicmVmcmVzaCIsImV4cCI6MTc1MTYzNjUwOCwiaWF0IjoxNzUxMDMxNzA4LCJqdGkiOiI3NzQyOGYwYWU5ZDQ0ZDYyYmM4NjZiMWNmMzg5YzhmZSIsInVzZXJfaWQiOjF9.9ZRHMHxxK0JjD90-CZilUa9L_x7qJ-d9G60WjkVH6es', '2025-06-27 13:41:48.941652', '2025-07-04 13:41:48.000000', 1, '77428f0ae9d44d62bc866b1cf389c8fe');
INSERT INTO `token_blacklist_outstandingtoken` VALUES (101, 'eyJhbGciOiJIUzI1NiIsInR5cCI6IkpXVCJ9.eyJ0b2tlbl90eXBlIjoicmVmcmVzaCIsImV4cCI6MTc1MTYzNjczNywiaWF0IjoxNzUxMDMxOTM3LCJqdGkiOiIyN2Q5Y2JjZmFlNzc0ZjMxOTRhZTc3M2M0Mzk2ZmJhYSJ9.CUUMPVGxmdEgkJcUibDQnfVO6MwSGj77N4hkuSaa9vg', '2025-06-27 13:45:37.653348', '2025-07-04 13:45:37.000000', NULL, '27d9cbcfae774f3194ae773c4396fbaa');
INSERT INTO `token_blacklist_outstandingtoken` VALUES (102, 'eyJhbGciOiJIUzI1NiIsInR5cCI6IkpXVCJ9.eyJ0b2tlbl90eXBlIjoicmVmcmVzaCIsImV4cCI6MTc1MTYzNjc0MywiaWF0IjoxNzUxMDMxOTQzLCJqdGkiOiJmMTM1ODA1NzI2ZDM0NjA1YWMwYjAyN2JjNzAwZGJlMSIsInVzZXJfaWQiOjJ9.r2AEm2rU_cAX7ugRcQIbRElO3WswA-FdGPvkbprkv90', '2025-06-27 13:45:43.140190', '2025-07-04 13:45:43.000000', 2, 'f135805726d34605ac0b027bc700dbe1');
INSERT INTO `token_blacklist_outstandingtoken` VALUES (103, 'eyJhbGciOiJIUzI1NiIsInR5cCI6IkpXVCJ9.eyJ0b2tlbl90eXBlIjoicmVmcmVzaCIsImV4cCI6MTc1MTYzNjgxNSwiaWF0IjoxNzUxMDMyMDE1LCJqdGkiOiIzYTlkYWI2N2EwNDc0MmM3YTZiODAzOWNiZjE4YjU3ZCJ9.UndGa06pGE2zJGVlg3PHW0Nb6KnCbAFYBaJx6tPZcf8', '2025-06-27 13:46:55.561578', '2025-07-04 13:46:55.000000', NULL, '3a9dab67a04742c7a6b8039cbf18b57d');
INSERT INTO `token_blacklist_outstandingtoken` VALUES (104, 'eyJhbGciOiJIUzI1NiIsInR5cCI6IkpXVCJ9.eyJ0b2tlbl90eXBlIjoicmVmcmVzaCIsImV4cCI6MTc1MTYzNjgyNCwiaWF0IjoxNzUxMDMyMDI0LCJqdGkiOiJlN2EyM2MzNzY3ZWU0ZmI1OWY5NzA2MzhmYmNlOGQzMSIsInVzZXJfaWQiOjF9.XmuujXcUGSsuPGvRLU1oxAbpUKDpjXd2F4zJpwhxsTs', '2025-06-27 13:47:04.195275', '2025-07-04 13:47:04.000000', 1, 'e7a23c3767ee4fb59f970638fbce8d31');
INSERT INTO `token_blacklist_outstandingtoken` VALUES (105, 'eyJhbGciOiJIUzI1NiIsInR5cCI6IkpXVCJ9.eyJ0b2tlbl90eXBlIjoicmVmcmVzaCIsImV4cCI6MTc1MTYzODAyMCwiaWF0IjoxNzUxMDMzMjIwLCJqdGkiOiJmNjczYzY3YWZmM2I0OTJjOTQ1MmVhNzg2MzQ5YjhmNyIsInVzZXJfaWQiOjJ9.-cQW6d73clzTdkZ_mQJAQVo1vm5MnA_xA0F5lHEFfWQ', '2025-06-27 14:07:00.896156', '2025-07-04 14:07:00.000000', 2, 'f673c67aff3b492c9452ea786349b8f7');
INSERT INTO `token_blacklist_outstandingtoken` VALUES (106, 'eyJhbGciOiJIUzI1NiIsInR5cCI6IkpXVCJ9.eyJ0b2tlbl90eXBlIjoicmVmcmVzaCIsImV4cCI6MTc1MTYzODEwNSwiaWF0IjoxNzUxMDMzMzA1LCJqdGkiOiJkZDZlNTIzZWNkZjY0MmExODAxMmVkYTU1NjUxMGU0MiIsInVzZXJfaWQiOjJ9.2TUa94BseURnl08qjjmFi55_3WTqlQf-G0a7JS1QdTw', '2025-06-27 14:08:25.969766', '2025-07-04 14:08:25.000000', 2, 'dd6e523ecdf642a18012eda556510e42');
INSERT INTO `token_blacklist_outstandingtoken` VALUES (107, 'eyJhbGciOiJIUzI1NiIsInR5cCI6IkpXVCJ9.eyJ0b2tlbl90eXBlIjoicmVmcmVzaCIsImV4cCI6MTc1MTYzODEwOSwiaWF0IjoxNzUxMDMzMzA5LCJqdGkiOiI1ZThmMmI4ZDFiODk0MzZmYTI5OTkxZmQyNTZkN2UxYyJ9.msqFZ7djFeRYbYZ6qO9ckideNebCdIPh9_-JWWRiGIk', '2025-06-27 14:08:29.516784', '2025-07-04 14:08:29.000000', NULL, '5e8f2b8d1b89436fa29991fd256d7e1c');
INSERT INTO `token_blacklist_outstandingtoken` VALUES (108, 'eyJhbGciOiJIUzI1NiIsInR5cCI6IkpXVCJ9.eyJ0b2tlbl90eXBlIjoicmVmcmVzaCIsImV4cCI6MTc1MTYzODExNCwiaWF0IjoxNzUxMDMzMzE0LCJqdGkiOiI0NjUzNDdmYzUzYjg0NDA3YWI0ODVlZDdlOGQ0ODEzMiIsInVzZXJfaWQiOjJ9.bOYXCwAz6toIaiE4mEwFh_0RkorN9QxO0bNfechrVR0', '2025-06-27 14:08:34.844708', '2025-07-04 14:08:34.000000', 2, '465347fc53b84407ab485ed7e8d48132');
INSERT INTO `token_blacklist_outstandingtoken` VALUES (109, 'eyJhbGciOiJIUzI1NiIsInR5cCI6IkpXVCJ9.eyJ0b2tlbl90eXBlIjoicmVmcmVzaCIsImV4cCI6MTc1MTYzODEyNiwiaWF0IjoxNzUxMDMzMzI2LCJqdGkiOiJmNmEyOTBjMGFmMjU0NzM5OThjMzNkNGFiZGZmMDI4ZSJ9.mkxdLAQs-jx0czJsdPUXJADA5JuixZqyfOAMbMiYsCc', '2025-06-27 14:08:46.128795', '2025-07-04 14:08:46.000000', NULL, 'f6a290c0af25473998c33d4abdff028e');
INSERT INTO `token_blacklist_outstandingtoken` VALUES (110, 'eyJhbGciOiJIUzI1NiIsInR5cCI6IkpXVCJ9.eyJ0b2tlbl90eXBlIjoicmVmcmVzaCIsImV4cCI6MTc1MTYzODEzMywiaWF0IjoxNzUxMDMzMzMzLCJqdGkiOiI4MzIzYTZlM2UzYzg0ODExOTFkMzM1ZmU4ZmNhZjlhMCIsInVzZXJfaWQiOjJ9.tO9tdzaHzJFcKXXuC53D7ra-L7Mxg-b8UkVlrhGwqJw', '2025-06-27 14:08:53.659059', '2025-07-04 14:08:53.000000', 2, '8323a6e3e3c8481191d335fe8fcaf9a0');
INSERT INTO `token_blacklist_outstandingtoken` VALUES (111, 'eyJhbGciOiJIUzI1NiIsInR5cCI6IkpXVCJ9.eyJ0b2tlbl90eXBlIjoicmVmcmVzaCIsImV4cCI6MTc1MTYzODYwMywiaWF0IjoxNzUxMDMzODAzLCJqdGkiOiI5OTM4MDRhYWM3ZGU0NzQ1YmJjYjYxODQ0YzIyMDJhYiJ9.INyZj29jLgewH1e7VrJ2bMMXuj2tN1BgLkZEekgdCPY', '2025-06-27 14:16:43.964299', '2025-07-04 14:16:43.000000', NULL, '993804aac7de4745bbcb61844c2202ab');
INSERT INTO `token_blacklist_outstandingtoken` VALUES (112, 'eyJhbGciOiJIUzI1NiIsInR5cCI6IkpXVCJ9.eyJ0b2tlbl90eXBlIjoicmVmcmVzaCIsImV4cCI6MTc1MTYzODYxMCwiaWF0IjoxNzUxMDMzODEwLCJqdGkiOiI2NmQ1NzVjNGYxM2Y0NDMyOWNlNmY1OTc1MDMyMTU1MiIsInVzZXJfaWQiOjF9._yInH766K-Z9vxLmwg4_oH-IO3f8Ya5FX7HfVFvcPo0', '2025-06-27 14:16:50.619897', '2025-07-04 14:16:50.000000', 1, '66d575c4f13f44329ce6f59750321552');
INSERT INTO `token_blacklist_outstandingtoken` VALUES (113, 'eyJhbGciOiJIUzI1NiIsInR5cCI6IkpXVCJ9.eyJ0b2tlbl90eXBlIjoicmVmcmVzaCIsImV4cCI6MTc1MTYzOTE5OCwiaWF0IjoxNzUxMDM0Mzk4LCJqdGkiOiIwMGExODZhMmM0NDA0ODFlOGNmMWQ1MGVlYzAyMDljZiIsInVzZXJfaWQiOjJ9.33lcPz0dfX8yHF8CAQnfhRt26ntJGbFBb8K1Lbwb32o', '2025-06-27 14:26:38.230897', '2025-07-04 14:26:38.000000', 2, '00a186a2c440481e8cf1d50eec0209cf');
INSERT INTO `token_blacklist_outstandingtoken` VALUES (114, 'eyJhbGciOiJIUzI1NiIsInR5cCI6IkpXVCJ9.eyJ0b2tlbl90eXBlIjoicmVmcmVzaCIsImV4cCI6MTc1MTYzOTIwMSwiaWF0IjoxNzUxMDM0NDAxLCJqdGkiOiJmOTkzOTIwMmRiYTI0MDBlYjQwMDFkZWUxZDhkMDM5MCJ9.ctTxx-kHjuGeDgUxatCu28unMqqa8lLj0QjaQL9Bxbw', '2025-06-27 14:26:41.849224', '2025-07-04 14:26:41.000000', NULL, 'f9939202dba2400eb4001dee1d8d0390');
INSERT INTO `token_blacklist_outstandingtoken` VALUES (115, 'eyJhbGciOiJIUzI1NiIsInR5cCI6IkpXVCJ9.eyJ0b2tlbl90eXBlIjoicmVmcmVzaCIsImV4cCI6MTc1MTYzOTI0NiwiaWF0IjoxNzUxMDM0NDQ2LCJqdGkiOiI1YzY5YjFkOTQ1OGM0M2RiOTZmMDljYzllOWUyOTJlMyIsInVzZXJfaWQiOjF9.4VN9bq6gQ1koD8m35h9eOvFTdxHk_PT6T6pRzOZCsVs', '2025-06-27 14:27:26.224723', '2025-07-04 14:27:26.000000', 1, '5c69b1d9458c43db96f09cc9e9e292e3');
INSERT INTO `token_blacklist_outstandingtoken` VALUES (116, 'eyJhbGciOiJIUzI1NiIsInR5cCI6IkpXVCJ9.eyJ0b2tlbl90eXBlIjoicmVmcmVzaCIsImV4cCI6MTc1MTYzOTI1MCwiaWF0IjoxNzUxMDM0NDUwLCJqdGkiOiJjOTk5ZGJlMzEyNDA0OGU3Yjg0NTI0ZmFiMjg5YjQyZCJ9.C5u0hBD0G40os1lp0fN2WjDbKjbmKgleY0KvwFY9INI', '2025-06-27 14:27:30.589696', '2025-07-04 14:27:30.000000', NULL, 'c999dbe3124048e7b84524fab289b42d');
INSERT INTO `token_blacklist_outstandingtoken` VALUES (117, 'eyJhbGciOiJIUzI1NiIsInR5cCI6IkpXVCJ9.eyJ0b2tlbl90eXBlIjoicmVmcmVzaCIsImV4cCI6MTc1MTYzOTMzNiwiaWF0IjoxNzUxMDM0NTM2LCJqdGkiOiI2MjY2MTkxZTkyNzE0MGQ2Yjc1MjhmNzJhNDc4YTE4OSIsInVzZXJfaWQiOjJ9.zCf4b6IVK37OYdft4i_9WyYhFulYV3aiXcQdPXTOGoQ', '2025-06-27 14:28:56.751303', '2025-07-04 14:28:56.000000', 2, '6266191e927140d6b7528f72a478a189');
INSERT INTO `token_blacklist_outstandingtoken` VALUES (118, 'eyJhbGciOiJIUzI1NiIsInR5cCI6IkpXVCJ9.eyJ0b2tlbl90eXBlIjoicmVmcmVzaCIsImV4cCI6MTc1MTYzOTM0MCwiaWF0IjoxNzUxMDM0NTQwLCJqdGkiOiI3NmQyNWI2MGJlOTA0ZWZhOWM0MjI5YWViZWEyYzkzZSJ9.5zwy9TB0qNJAAzNAH45GCkviuSiAjVyOOKGwRZaudAM', '2025-06-27 14:29:00.263735', '2025-07-04 14:29:00.000000', NULL, '76d25b60be904efa9c4229aebea2c93e');
INSERT INTO `token_blacklist_outstandingtoken` VALUES (119, 'eyJhbGciOiJIUzI1NiIsInR5cCI6IkpXVCJ9.eyJ0b2tlbl90eXBlIjoicmVmcmVzaCIsImV4cCI6MTc1MTYzOTU3NiwiaWF0IjoxNzUxMDM0Nzc2LCJqdGkiOiIxOTVmZDRhZDdkN2Q0MTI0YTk3ZjE0MzViNGVhNzc4MyIsInVzZXJfaWQiOjJ9.StcltxbdOs8CiukwbMn2D2efiPcMbngalaKLP6Wntl0', '2025-06-27 14:32:56.283431', '2025-07-04 14:32:56.000000', 2, '195fd4ad7d7d4124a97f1435b4ea7783');
INSERT INTO `token_blacklist_outstandingtoken` VALUES (120, 'eyJhbGciOiJIUzI1NiIsInR5cCI6IkpXVCJ9.eyJ0b2tlbl90eXBlIjoicmVmcmVzaCIsImV4cCI6MTc1MTYzOTU4MywiaWF0IjoxNzUxMDM0NzgzLCJqdGkiOiI1NDIxMDlhMWMwZmM0MDkyYWIwZGUwNmRjOGVhNmEyNyJ9.qqqVTkCnYom9MkE3Oc5hl05_LuEXwUzvtD6_LpIVCN0', '2025-06-27 14:33:03.734911', '2025-07-04 14:33:03.000000', NULL, '542109a1c0fc4092ab0de06dc8ea6a27');
INSERT INTO `token_blacklist_outstandingtoken` VALUES (121, 'eyJhbGciOiJIUzI1NiIsInR5cCI6IkpXVCJ9.eyJ0b2tlbl90eXBlIjoicmVmcmVzaCIsImV4cCI6MTc1MTYzOTYxNywiaWF0IjoxNzUxMDM0ODE3LCJqdGkiOiIxZmRkZmRhZGFiZmI0YzRkYjMwZWE5YmUyZmZjYjI0NSIsInVzZXJfaWQiOjF9.0Z9K2alVyHn1lFBkFFBUgPDhv48yvLe9-W7G7paV5DQ', '2025-06-27 14:33:37.473766', '2025-07-04 14:33:37.000000', 1, '1fddfdadabfb4c4db30ea9be2ffcb245');
INSERT INTO `token_blacklist_outstandingtoken` VALUES (122, 'eyJhbGciOiJIUzI1NiIsInR5cCI6IkpXVCJ9.eyJ0b2tlbl90eXBlIjoicmVmcmVzaCIsImV4cCI6MTc1MTYzOTY2MCwiaWF0IjoxNzUxMDM0ODYwLCJqdGkiOiIwNzUwZTVhMjU0NWU0YWY5Yjk4OGNjMzcxMmU4ODEzMSJ9.N0bkhXS5GPQaqWUBHLmj9mnJv1LIAbAh4bLwkJwFItU', '2025-06-27 14:34:20.951114', '2025-07-04 14:34:20.000000', NULL, '0750e5a2545e4af9b988cc3712e88131');
INSERT INTO `token_blacklist_outstandingtoken` VALUES (123, 'eyJhbGciOiJIUzI1NiIsInR5cCI6IkpXVCJ9.eyJ0b2tlbl90eXBlIjoicmVmcmVzaCIsImV4cCI6MTc1MTYzOTY3MSwiaWF0IjoxNzUxMDM0ODcxLCJqdGkiOiIxYWI5OTBkYjFjMjA0MzgyODIwYzNhOTk5MjNjZGE2YyIsInVzZXJfaWQiOjJ9.TydhCYr8YjepPSRAOAuGi9euyIfyOa_DAJRUsoR1X4g', '2025-06-27 14:34:31.868829', '2025-07-04 14:34:31.000000', 2, '1ab990db1c204382820c3a99923cda6c');
INSERT INTO `token_blacklist_outstandingtoken` VALUES (124, 'eyJhbGciOiJIUzI1NiIsInR5cCI6IkpXVCJ9.eyJ0b2tlbl90eXBlIjoicmVmcmVzaCIsImV4cCI6MTc1MTYzOTY4MSwiaWF0IjoxNzUxMDM0ODgxLCJqdGkiOiI2ZTM1ZGE3OTEzZWE0MTcyYmQxNzEwZjk5NTc4M2QyMiJ9.IjRwxrjmXKdAbC-thwQ2WPcqWpeGbcE02TCfySAyzlo', '2025-06-27 14:34:41.848783', '2025-07-04 14:34:41.000000', NULL, '6e35da7913ea4172bd1710f995783d22');
INSERT INTO `token_blacklist_outstandingtoken` VALUES (125, 'eyJhbGciOiJIUzI1NiIsInR5cCI6IkpXVCJ9.eyJ0b2tlbl90eXBlIjoicmVmcmVzaCIsImV4cCI6MTc1MTYzOTY5OSwiaWF0IjoxNzUxMDM0ODk5LCJqdGkiOiI5M2UzYjYwNTk2Yjk0Mzc0ODRiYTkxODBmNWM3ZjA4OCIsInVzZXJfaWQiOjF9.69GgrN5mwbUIEv8EMvRKzp7ayj2U1-VzG_GICO_wv1g', '2025-06-27 14:34:59.631218', '2025-07-04 14:34:59.000000', 1, '93e3b60596b9437484ba9180f5c7f088');
INSERT INTO `token_blacklist_outstandingtoken` VALUES (126, 'eyJhbGciOiJIUzI1NiIsInR5cCI6IkpXVCJ9.eyJ0b2tlbl90eXBlIjoicmVmcmVzaCIsImV4cCI6MTc1MTYzOTcxMSwiaWF0IjoxNzUxMDM0OTExLCJqdGkiOiJmYjg4NmJhYjJiY2Q0YzYyYjE0NzZhNDNmY2ZlYThjOSJ9.u2LLzLrXE3T46sAODqskV3NG8rz8c58SadBEXrajHQk', '2025-06-27 14:35:11.619344', '2025-07-04 14:35:11.000000', NULL, 'fb886bab2bcd4c62b1476a43fcfea8c9');
INSERT INTO `token_blacklist_outstandingtoken` VALUES (127, 'eyJhbGciOiJIUzI1NiIsInR5cCI6IkpXVCJ9.eyJ0b2tlbl90eXBlIjoicmVmcmVzaCIsImV4cCI6MTc1MTY0MTE4MCwiaWF0IjoxNzUxMDM2MzgwLCJqdGkiOiI4ZDQ4ZWU5NWJmODY0MmJlODQxZGYzYTBmZGQ2NGUxMiIsInVzZXJfaWQiOjJ9.TmoNUpOOOLQTpiNnc_owSi27Zf-XseSReHH2r8uClbM', '2025-06-27 14:59:40.454395', '2025-07-04 14:59:40.000000', 2, '8d48ee95bf8642be841df3a0fdd64e12');
INSERT INTO `token_blacklist_outstandingtoken` VALUES (128, 'eyJhbGciOiJIUzI1NiIsInR5cCI6IkpXVCJ9.eyJ0b2tlbl90eXBlIjoicmVmcmVzaCIsImV4cCI6MTc1MTY0ODkzNiwiaWF0IjoxNzUxMDQ0MTM2LCJqdGkiOiIwNDc2MTliOTgxOGE0YmFjOWRiMzllMDBiMTQzOTBhMiIsInVzZXJfaWQiOjJ9.MPGcytzwLDxcX97UvPVeFoMktQF5W5s0lQXpmtaZAY4', '2025-06-27 17:08:56.595803', '2025-07-04 17:08:56.000000', 2, '047619b9818a4bac9db39e00b14390a2');
INSERT INTO `token_blacklist_outstandingtoken` VALUES (129, 'eyJhbGciOiJIUzI1NiIsInR5cCI6IkpXVCJ9.eyJ0b2tlbl90eXBlIjoicmVmcmVzaCIsImV4cCI6MTc1MTY0ODkzNiwiaWF0IjoxNzUxMDQ0MTM2LCJqdGkiOiJiODcyOGFiN2ZjMDY0ODc4ODc3NzljYWNkZTJkOTZkOSJ9.Sk_fmv7sucq2Tj9D8IwUUOipD3onvmEae7Hy_iyk-RU', '2025-06-27 17:08:56.622288', '2025-07-04 17:08:56.000000', NULL, 'b8728ab7fc06487887779cacde2d96d9');
INSERT INTO `token_blacklist_outstandingtoken` VALUES (130, 'eyJhbGciOiJIUzI1NiIsInR5cCI6IkpXVCJ9.eyJ0b2tlbl90eXBlIjoicmVmcmVzaCIsImV4cCI6MTc1MTY0ODk1NSwiaWF0IjoxNzUxMDQ0MTU1LCJqdGkiOiIxMzk4NjIwYjJmOWM0MjBkOGJmNDA1OGI4ZTBlM2M4NCIsInVzZXJfaWQiOjJ9.RqxCZHcGhNu3vWhmSMpqvVcxZwfKzB0qUuSa0H-aPpI', '2025-06-27 17:09:15.283493', '2025-07-04 17:09:15.000000', 2, '1398620b2f9c420d8bf4058b8e0e3c84');
INSERT INTO `token_blacklist_outstandingtoken` VALUES (131, 'eyJhbGciOiJIUzI1NiIsInR5cCI6IkpXVCJ9.eyJ0b2tlbl90eXBlIjoicmVmcmVzaCIsImV4cCI6MTc1MTY4NjI2MywiaWF0IjoxNzUxMDgxNDYzLCJqdGkiOiIxY2M5YzBkZTVlZGQ0YmExYjgzMDg4MDJjMzUyMzcwNiIsInVzZXJfaWQiOjJ9.vIZOZNUWNNd7SDJHaLOMpreXh4GB3wsyCFeeT2MTR5s', '2025-06-28 03:31:03.714549', '2025-07-05 03:31:03.000000', 2, '1cc9c0de5edd4ba1b8308802c3523706');
INSERT INTO `token_blacklist_outstandingtoken` VALUES (132, 'eyJhbGciOiJIUzI1NiIsInR5cCI6IkpXVCJ9.eyJ0b2tlbl90eXBlIjoicmVmcmVzaCIsImV4cCI6MTc1MTY4NzUxOCwiaWF0IjoxNzUxMDgyNzE4LCJqdGkiOiJjYTdlYjM2NThhMmM0YjFiYWE2MGU3YjY3OTE4ZTRiOSIsInVzZXJfaWQiOjJ9.3luK1RdYg76bQh7Ou22DUZztZP_VNNQgfptnEG8uDgA', '2025-06-28 03:51:58.129831', '2025-07-05 03:51:58.000000', 2, 'ca7eb3658a2c4b1baa60e7b67918e4b9');
INSERT INTO `token_blacklist_outstandingtoken` VALUES (133, 'eyJhbGciOiJIUzI1NiIsInR5cCI6IkpXVCJ9.eyJ0b2tlbl90eXBlIjoicmVmcmVzaCIsImV4cCI6MTc1MTY5MDU5NCwiaWF0IjoxNzUxMDg1Nzk0LCJqdGkiOiJlZDJlY2VmMWFjYjA0MzZiODQ3YWY5ZGI4YWUxOWU4YiIsInVzZXJfaWQiOjJ9.7BvE_MaR67hzCLRxpEaKDnLbkR1jnmjj1ZEscQW_MeM', '2025-06-28 04:43:14.924055', '2025-07-05 04:43:14.000000', 2, 'ed2ecef1acb0436b847af9db8ae19e8b');
INSERT INTO `token_blacklist_outstandingtoken` VALUES (134, 'eyJhbGciOiJIUzI1NiIsInR5cCI6IkpXVCJ9.eyJ0b2tlbl90eXBlIjoicmVmcmVzaCIsImV4cCI6MTc1MTY5MDczMiwiaWF0IjoxNzUxMDg1OTMyLCJqdGkiOiI4MTRiZWY2NmQzNTM0OWM5YWIwYmRkNjJjZTdmMmFhNyJ9.tigqlNd8aYf_ztGUph6lrXc_k0ma8G4PB4Yw77VCpfw', '2025-06-28 04:45:32.767618', '2025-07-05 04:45:32.000000', NULL, '814bef66d35349c9ab0bdd62ce7f2aa7');
INSERT INTO `token_blacklist_outstandingtoken` VALUES (135, 'eyJhbGciOiJIUzI1NiIsInR5cCI6IkpXVCJ9.eyJ0b2tlbl90eXBlIjoicmVmcmVzaCIsImV4cCI6MTc1MTY5MDc0MywiaWF0IjoxNzUxMDg1OTQzLCJqdGkiOiJiZGY4NWE2ZDM3NTU0MTMwODA5NTJmNTgwZmY0YzFkMyIsInVzZXJfaWQiOjJ9.wYFWuwLGvQbI3Mi3TXGiXALh-Cao5gcMajPozBCve-o', '2025-06-28 04:45:43.055942', '2025-07-05 04:45:43.000000', 2, 'bdf85a6d3755413080952f580ff4c1d3');
INSERT INTO `token_blacklist_outstandingtoken` VALUES (136, 'eyJhbGciOiJIUzI1NiIsInR5cCI6IkpXVCJ9.eyJ0b2tlbl90eXBlIjoicmVmcmVzaCIsImV4cCI6MTc1MTY5MjM3OCwiaWF0IjoxNzUxMDg3NTc4LCJqdGkiOiIxMzMwZDg3ZTgwZjM0NjlmODc4Zjk3ZjYzNDEzYTg2NSIsInVzZXJfaWQiOjJ9.m2_BeDcmSeSmMzOvlNvoUE1unqTHJEALnqlRlObapek', '2025-06-28 05:12:58.172590', '2025-07-05 05:12:58.000000', 2, '1330d87e80f3469f878f97f63413a865');
INSERT INTO `token_blacklist_outstandingtoken` VALUES (137, 'eyJhbGciOiJIUzI1NiIsInR5cCI6IkpXVCJ9.eyJ0b2tlbl90eXBlIjoicmVmcmVzaCIsImV4cCI6MTc1MTY5MjY3MiwiaWF0IjoxNzUxMDg3ODcyLCJqdGkiOiJhZGQ3NzVjMzZkNTM0NWQzYjk5MTdlYmQ3NWJkNTE1MyIsInVzZXJfaWQiOjJ9.vH9fKxTqNGP4JAKAPpVpRQ43DhvOgcJGpJnAHDlC4MQ', '2025-06-28 05:17:52.425824', '2025-07-05 05:17:52.000000', 2, 'add775c36d5345d3b9917ebd75bd5153');
INSERT INTO `token_blacklist_outstandingtoken` VALUES (138, 'eyJhbGciOiJIUzI1NiIsInR5cCI6IkpXVCJ9.eyJ0b2tlbl90eXBlIjoicmVmcmVzaCIsImV4cCI6MTc1MTY5NDY0NywiaWF0IjoxNzUxMDg5ODQ3LCJqdGkiOiJlODIxNzFlNDkwOTE0Mjc4OGVlYTgzYWQ0OGM1N2E0ZCIsInVzZXJfaWQiOjJ9.U9FMXybZuH-WVHxo9r7_xYbrY30yFMdvIkfbgYtp1jQ', '2025-06-28 05:50:47.196731', '2025-07-05 05:50:47.000000', 2, 'e82171e4909142788eea83ad48c57a4d');
INSERT INTO `token_blacklist_outstandingtoken` VALUES (139, 'eyJhbGciOiJIUzI1NiIsInR5cCI6IkpXVCJ9.eyJ0b2tlbl90eXBlIjoicmVmcmVzaCIsImV4cCI6MTc1MTY5NDY0NywiaWF0IjoxNzUxMDg5ODQ3LCJqdGkiOiI3YTZiMjgxZTUyNGE0NWNlOTgwOGQzOTBlZGY0MmU5YiJ9.je6MxAYSn1Sswcg6B-Uc4lpnPgSxNm-cK5wixo_5zms', '2025-06-28 05:50:47.247840', '2025-07-05 05:50:47.000000', NULL, '7a6b281e524a45ce9808d390edf42e9b');
INSERT INTO `token_blacklist_outstandingtoken` VALUES (140, 'eyJhbGciOiJIUzI1NiIsInR5cCI6IkpXVCJ9.eyJ0b2tlbl90eXBlIjoicmVmcmVzaCIsImV4cCI6MTc1MTY5NDY1NSwiaWF0IjoxNzUxMDg5ODU1LCJqdGkiOiIyMGQ1ZDZiMDQ3MDk0MzM2OWVjMDM2YjNkNjc5NmY2YSIsInVzZXJfaWQiOjJ9.ryB_qAZKx53Tirq0MiY4DHZNchFEZIllHO314wy7_84', '2025-06-28 05:50:55.323010', '2025-07-05 05:50:55.000000', 2, '20d5d6b0470943369ec036b3d6796f6a');
INSERT INTO `token_blacklist_outstandingtoken` VALUES (141, 'eyJhbGciOiJIUzI1NiIsInR5cCI6IkpXVCJ9.eyJ0b2tlbl90eXBlIjoicmVmcmVzaCIsImV4cCI6MTc1MTY5NTYzMiwiaWF0IjoxNzUxMDkwODMyLCJqdGkiOiJkODI1M2JhMjAwMjk0ZjUwOWFmZmI5MDExMDJlYTBmZSJ9.1HjSpFE2-ebcejS333f-YYetn2R5JOhTO45-lsJT9q0', '2025-06-28 06:07:12.520718', '2025-07-05 06:07:12.000000', NULL, 'd8253ba200294f509affb901102ea0fe');
INSERT INTO `token_blacklist_outstandingtoken` VALUES (142, 'eyJhbGciOiJIUzI1NiIsInR5cCI6IkpXVCJ9.eyJ0b2tlbl90eXBlIjoicmVmcmVzaCIsImV4cCI6MTc1MTY5NTY0NiwiaWF0IjoxNzUxMDkwODQ2LCJqdGkiOiJkMmQxYjdkZTYzYzg0ZjRjOGQ0ZDI2ODNkNDY2Mjc2ZCIsInVzZXJfaWQiOjJ9.XUydruAMbZISFA1t8UMBNop5g_Re4TuTOCi-RaogbYE', '2025-06-28 06:07:26.362319', '2025-07-05 06:07:26.000000', 2, 'd2d1b7de63c84f4c8d4d2683d466276d');
INSERT INTO `token_blacklist_outstandingtoken` VALUES (143, 'eyJhbGciOiJIUzI1NiIsInR5cCI6IkpXVCJ9.eyJ0b2tlbl90eXBlIjoicmVmcmVzaCIsImV4cCI6MTc1MTY5NjEwNCwiaWF0IjoxNzUxMDkxMzA0LCJqdGkiOiJlNDk3MDU0MTA5NWM0YmE0OTJmZDAxMDU4ODdhMTNhNSIsInVzZXJfaWQiOjJ9.z9d1tnu7Bn2YxSJmWec96iOZMow6ilgUibtX0sQHMqY', '2025-06-28 06:15:04.660250', '2025-07-05 06:15:04.000000', 2, 'e4970541095c4ba492fd0105887a13a5');
INSERT INTO `token_blacklist_outstandingtoken` VALUES (144, 'eyJhbGciOiJIUzI1NiIsInR5cCI6IkpXVCJ9.eyJ0b2tlbl90eXBlIjoicmVmcmVzaCIsImV4cCI6MTc1MTY5NjEyMCwiaWF0IjoxNzUxMDkxMzIwLCJqdGkiOiI1MjU4M2ExMTI2OGY0OGUxODc4NTEwNTM3NzlkMjlmMyJ9.gX6gyC1KXmtBE5SKYd_r3ab17Nx985jAKSe75TSHeCo', '2025-06-28 06:15:20.153437', '2025-07-05 06:15:20.000000', NULL, '52583a11268f48e187851053779d29f3');
INSERT INTO `token_blacklist_outstandingtoken` VALUES (145, 'eyJhbGciOiJIUzI1NiIsInR5cCI6IkpXVCJ9.eyJ0b2tlbl90eXBlIjoicmVmcmVzaCIsImV4cCI6MTc1MTY5NjEzMywiaWF0IjoxNzUxMDkxMzMzLCJqdGkiOiJiYjQ1Mjg4MGQ4MmY0YmZlYjk4OTMyOWY3YzA3MzYzZCIsInVzZXJfaWQiOjJ9.djE-fM-F9B9JPVQLd6-DZoGl68HWxqCpKpiV20R6xMM', '2025-06-28 06:15:33.650077', '2025-07-05 06:15:33.000000', 2, 'bb452880d82f4bfeb989329f7c07363d');
INSERT INTO `token_blacklist_outstandingtoken` VALUES (146, 'eyJhbGciOiJIUzI1NiIsInR5cCI6IkpXVCJ9.eyJ0b2tlbl90eXBlIjoicmVmcmVzaCIsImV4cCI6MTc1MTY5Nzk4NywiaWF0IjoxNzUxMDkzMTg3LCJqdGkiOiJmZjUyZWFhODZlMjU0MWQwODgzNTBlYjc1YmE5ZTA1OCIsInVzZXJfaWQiOjJ9.W2NMBf3FEHruaS-PBCLqUua7TJ5bAkAvO5EvcPUh86c', '2025-06-28 06:46:27.209445', '2025-07-05 06:46:27.000000', 2, 'ff52eaa86e2541d088350eb75ba9e058');
INSERT INTO `token_blacklist_outstandingtoken` VALUES (147, 'eyJhbGciOiJIUzI1NiIsInR5cCI6IkpXVCJ9.eyJ0b2tlbl90eXBlIjoicmVmcmVzaCIsImV4cCI6MTc1MTY5Nzk4NywiaWF0IjoxNzUxMDkzMTg3LCJqdGkiOiJkNzY5MWQ3OTFmYTI0MmE1ODY0NDYyMjE0MmUxMGEwYiJ9.zLPdh1oVjcSBbZCrk9XEVTsOfxJSog3ylL7u_azMVco', '2025-06-28 06:46:27.244497', '2025-07-05 06:46:27.000000', NULL, 'd7691d791fa242a58644622142e10a0b');
INSERT INTO `token_blacklist_outstandingtoken` VALUES (148, 'eyJhbGciOiJIUzI1NiIsInR5cCI6IkpXVCJ9.eyJ0b2tlbl90eXBlIjoicmVmcmVzaCIsImV4cCI6MTc1MTY5Nzk5NiwiaWF0IjoxNzUxMDkzMTk2LCJqdGkiOiJmOWU0YzhmNjBhZTU0N2YwYmY0MzkxNWFiZGI4OTNhNSIsInVzZXJfaWQiOjJ9.-xJg1tMeEbDnaHYFalaCABiW65apq8aDHEqutRmWi6M', '2025-06-28 06:46:36.039648', '2025-07-05 06:46:36.000000', 2, 'f9e4c8f60ae547f0bf43915abdb893a5');
INSERT INTO `token_blacklist_outstandingtoken` VALUES (149, 'eyJhbGciOiJIUzI1NiIsInR5cCI6IkpXVCJ9.eyJ0b2tlbl90eXBlIjoicmVmcmVzaCIsImV4cCI6MTc1MTY5OTgwNiwiaWF0IjoxNzUxMDk1MDA2LCJqdGkiOiI5MjFlZGNkMjkyM2M0NmRhYjU0NTQyMTY4N2QxMjRmMSIsInVzZXJfaWQiOjJ9.6nLZ_urI3LbTaeSyBll4rKYkAG8RA5FyN9BPrXVZ91A', '2025-06-28 07:16:46.062100', '2025-07-05 07:16:46.000000', 2, '921edcd2923c46dab545421687d124f1');
INSERT INTO `token_blacklist_outstandingtoken` VALUES (150, 'eyJhbGciOiJIUzI1NiIsInR5cCI6IkpXVCJ9.eyJ0b2tlbl90eXBlIjoicmVmcmVzaCIsImV4cCI6MTc1MTY5OTgwNiwiaWF0IjoxNzUxMDk1MDA2LCJqdGkiOiIwNzc5YzgxODdkNTc0YjZiYTY2ZDk5NDQ5MjYyYzEwMiJ9.qEpTVgdNfP2MhlGGn8G__SVg8bG-PayOhV4ez7ymwus', '2025-06-28 07:16:46.095534', '2025-07-05 07:16:46.000000', NULL, '0779c8187d574b6ba66d99449262c102');
INSERT INTO `token_blacklist_outstandingtoken` VALUES (151, 'eyJhbGciOiJIUzI1NiIsInR5cCI6IkpXVCJ9.eyJ0b2tlbl90eXBlIjoicmVmcmVzaCIsImV4cCI6MTc1MTY5OTgxNCwiaWF0IjoxNzUxMDk1MDE0LCJqdGkiOiI2MTJmNjU5NTI5NzQ0ZTljYTE2NzZmNmYyZDRiMjA4NSIsInVzZXJfaWQiOjJ9.zai3GFEUWTKS7YVGeX9LCcsHARDDP8UYYahvz2IjaqA', '2025-06-28 07:16:54.811591', '2025-07-05 07:16:54.000000', 2, '612f659529744e9ca1676f6f2d4b2085');
INSERT INTO `token_blacklist_outstandingtoken` VALUES (152, 'eyJhbGciOiJIUzI1NiIsInR5cCI6IkpXVCJ9.eyJ0b2tlbl90eXBlIjoicmVmcmVzaCIsImV4cCI6MTc1MTcwMDA0MywiaWF0IjoxNzUxMDk1MjQzLCJqdGkiOiI5OTlmNDcyOTNjMDc0MjdhOGQ2YjIzMjRkYjlhODBmMCIsInVzZXJfaWQiOjJ9.nv-INWU0xna-5v7KmXWZhgTWlUlDqN1tvSde1wnA9xM', '2025-06-28 07:20:43.100130', '2025-07-05 07:20:43.000000', 2, '999f47293c07427a8d6b2324db9a80f0');
INSERT INTO `token_blacklist_outstandingtoken` VALUES (153, 'eyJhbGciOiJIUzI1NiIsInR5cCI6IkpXVCJ9.eyJ0b2tlbl90eXBlIjoicmVmcmVzaCIsImV4cCI6MTc1MTcwMDQ1NSwiaWF0IjoxNzUxMDk1NjU1LCJqdGkiOiJlMzM5Yzg5NWRiNTU0M2NiYmQwMTYxMjNlZDY2ZmNlMCIsInVzZXJfaWQiOjJ9.C2O0Ta_hjOicVHLBp1_mD3TXsPU6ZUuoQ1VrrF8u8I4', '2025-06-28 07:27:35.580031', '2025-07-05 07:27:35.000000', 2, 'e339c895db5543cbbd016123ed66fce0');
INSERT INTO `token_blacklist_outstandingtoken` VALUES (154, 'eyJhbGciOiJIUzI1NiIsInR5cCI6IkpXVCJ9.eyJ0b2tlbl90eXBlIjoicmVmcmVzaCIsImV4cCI6MTc1MTcwMDg1NiwiaWF0IjoxNzUxMDk2MDU2LCJqdGkiOiIwMDE2NGE3OGI4YWM0MjdkYjcyZjIzZDlmZGY3NGIwOSIsInVzZXJfaWQiOjJ9.M_WR1m5CErYcs5JTZ4vrWxCPKqlyXeQdWuJdKXlNppc', '2025-06-28 07:34:16.468477', '2025-07-05 07:34:16.000000', 2, '00164a78b8ac427db72f23d9fdf74b09');
INSERT INTO `token_blacklist_outstandingtoken` VALUES (155, 'eyJhbGciOiJIUzI1NiIsInR5cCI6IkpXVCJ9.eyJ0b2tlbl90eXBlIjoicmVmcmVzaCIsImV4cCI6MTc1MTcwMjE0OSwiaWF0IjoxNzUxMDk3MzQ5LCJqdGkiOiJiOWQ5MThlODExNmE0NjgwOTRjNDU5MGRiYjMzNDYwYyJ9._ViZnDDvCFR6-8qiyz352c-kyzPFVn1_Vok2Z2t0ETU', '2025-06-28 07:55:49.385745', '2025-07-05 07:55:49.000000', NULL, 'b9d918e8116a468094c4590dbb33460c');
INSERT INTO `token_blacklist_outstandingtoken` VALUES (156, 'eyJhbGciOiJIUzI1NiIsInR5cCI6IkpXVCJ9.eyJ0b2tlbl90eXBlIjoicmVmcmVzaCIsImV4cCI6MTc1MTcwMjE2MiwiaWF0IjoxNzUxMDk3MzYyLCJqdGkiOiI4MzhiYWM4OTQ5OGY0Nzg5YjQ3Y2ZiY2I4Zjg1ZjUzYSIsInVzZXJfaWQiOjJ9.p1Z9VZBGkQbw-yUGlpS6taFIiIca7ynT0eXoTZqJW88', '2025-06-28 07:56:02.428662', '2025-07-05 07:56:02.000000', 2, '838bac89498f4789b47cfbcb8f85f53a');
INSERT INTO `token_blacklist_outstandingtoken` VALUES (157, 'eyJhbGciOiJIUzI1NiIsInR5cCI6IkpXVCJ9.eyJ0b2tlbl90eXBlIjoicmVmcmVzaCIsImV4cCI6MTc1MTcwNDEyNywiaWF0IjoxNzUxMDk5MzI3LCJqdGkiOiI5YTFhNDk1OWZmYjA0NGQ0OTkwODQ5NDgxYThmNzgwYiIsInVzZXJfaWQiOjJ9.DKckWZa839c7jRqdtx8SfbPf_z33UNsFHKQ9j0R9lHo', '2025-06-28 08:28:47.665344', '2025-07-05 08:28:47.000000', 2, '9a1a4959ffb044d4990849481a8f780b');
INSERT INTO `token_blacklist_outstandingtoken` VALUES (158, 'eyJhbGciOiJIUzI1NiIsInR5cCI6IkpXVCJ9.eyJ0b2tlbl90eXBlIjoicmVmcmVzaCIsImV4cCI6MTc1MTcwNDIzMCwiaWF0IjoxNzUxMDk5NDMwLCJqdGkiOiIzYjNkYzNkMDM5NzE0YzJhOGYzNTZmMTQxMWVjNGM3NCJ9.LP37z10iE0I-TM1bYG3-Ah3N9siZjy6chcFaSMcjLKE', '2025-06-28 08:30:30.903012', '2025-07-05 08:30:30.000000', NULL, '3b3dc3d039714c2a8f356f1411ec4c74');
INSERT INTO `token_blacklist_outstandingtoken` VALUES (159, 'eyJhbGciOiJIUzI1NiIsInR5cCI6IkpXVCJ9.eyJ0b2tlbl90eXBlIjoicmVmcmVzaCIsImV4cCI6MTc1MTcwNDI0MywiaWF0IjoxNzUxMDk5NDQzLCJqdGkiOiI1NGRlOWQ3YTg5MTI0YWQwYWJmZjA3ZGZlZWM1MDg2MSIsInVzZXJfaWQiOjJ9.eL8ulNEpJCI4kdC6GOFDEcsQfON2JpHQ0SdGFwlabpc', '2025-06-28 08:30:43.089042', '2025-07-05 08:30:43.000000', 2, '54de9d7a89124ad0abff07dfeec50861');
INSERT INTO `token_blacklist_outstandingtoken` VALUES (160, 'eyJhbGciOiJIUzI1NiIsInR5cCI6IkpXVCJ9.eyJ0b2tlbl90eXBlIjoicmVmcmVzaCIsImV4cCI6MTc1MTcwNjIzNCwiaWF0IjoxNzUxMTAxNDM0LCJqdGkiOiI5MTBjNDYwZjMzNmQ0ZjczYmFmMjgxODFhMDM3MWVjNSIsInVzZXJfaWQiOjJ9.wdrrT0b3MvLeLqSIadOed1Lsvb2IcPj1zC64j4yjy7k', '2025-06-28 09:03:54.413953', '2025-07-05 09:03:54.000000', 2, '910c460f336d4f73baf28181a0371ec5');
INSERT INTO `token_blacklist_outstandingtoken` VALUES (161, 'eyJhbGciOiJIUzI1NiIsInR5cCI6IkpXVCJ9.eyJ0b2tlbl90eXBlIjoicmVmcmVzaCIsImV4cCI6MTc1MTcwODc3OCwiaWF0IjoxNzUxMTAzOTc4LCJqdGkiOiJiMTFmYTljZGEyZjY0MTNjYTE5NjIxNmMyZTgxZmMxNiIsInVzZXJfaWQiOjJ9._JY89X7SGUDC1EWF0pwFCfkxBHw0ZEoXkOJzYnKHmcQ', '2025-06-28 09:46:18.630622', '2025-07-05 09:46:18.000000', 2, 'b11fa9cda2f6413ca196216c2e81fc16');
INSERT INTO `token_blacklist_outstandingtoken` VALUES (162, 'eyJhbGciOiJIUzI1NiIsInR5cCI6IkpXVCJ9.eyJ0b2tlbl90eXBlIjoicmVmcmVzaCIsImV4cCI6MTc1MTcwOTMzMSwiaWF0IjoxNzUxMTA0NTMxLCJqdGkiOiJiNGNlOTAzYzYyZjc0ZDFkOGQzYTA5ZmFlMjUxZmM5ZCIsInVzZXJfaWQiOjJ9.TM5KHHIr3C6D-kjBfnTfmoeWztBQqxen_4Ig-vTfyaQ', '2025-06-28 09:55:31.353384', '2025-07-05 09:55:31.000000', 2, 'b4ce903c62f74d1d8d3a09fae251fc9d');
INSERT INTO `token_blacklist_outstandingtoken` VALUES (163, 'eyJhbGciOiJIUzI1NiIsInR5cCI6IkpXVCJ9.eyJ0b2tlbl90eXBlIjoicmVmcmVzaCIsImV4cCI6MTc1MTcwOTU3OSwiaWF0IjoxNzUxMTA0Nzc5LCJqdGkiOiJhODU4ZDFjMTVlNzc0MzMwYjExMGY2N2E1MDg5Nzg1MyJ9.J6o_fSMsRaMzX03-yUcHU2WhhdhGn2qTmryjEA7vfxk', '2025-06-28 09:59:39.670761', '2025-07-05 09:59:39.000000', NULL, 'a858d1c15e774330b110f67a50897853');
INSERT INTO `token_blacklist_outstandingtoken` VALUES (164, 'eyJhbGciOiJIUzI1NiIsInR5cCI6IkpXVCJ9.eyJ0b2tlbl90eXBlIjoicmVmcmVzaCIsImV4cCI6MTc1MTcwOTU4OCwiaWF0IjoxNzUxMTA0Nzg4LCJqdGkiOiI1ZTIwZTA1Yjg4NzM0NzMxYjBjNjJlMjJmOTJjNGMxMyIsInVzZXJfaWQiOjJ9.AHW2WDJHnOxyMrWDwnyyPXRiC1XQ960Dz8ZUKCrLmBU', '2025-06-28 09:59:48.749851', '2025-07-05 09:59:48.000000', 2, '5e20e05b88734731b0c62e22f92c4c13');
INSERT INTO `token_blacklist_outstandingtoken` VALUES (165, 'eyJhbGciOiJIUzI1NiIsInR5cCI6IkpXVCJ9.eyJ0b2tlbl90eXBlIjoicmVmcmVzaCIsImV4cCI6MTc1MTcwOTg4NywiaWF0IjoxNzUxMTA1MDg3LCJqdGkiOiI1ZDEwYTQ4OGJmNmY0ZjhmYTI3M2U3MDU0MmJiMDNmYiJ9.7mCbkF6cv_4xB7Y-p5QWGeQEOS4KY6PAiwc1c1UGoJE', '2025-06-28 10:04:47.139467', '2025-07-05 10:04:47.000000', NULL, '5d10a488bf6f4f8fa273e70542bb03fb');
INSERT INTO `token_blacklist_outstandingtoken` VALUES (166, 'eyJhbGciOiJIUzI1NiIsInR5cCI6IkpXVCJ9.eyJ0b2tlbl90eXBlIjoicmVmcmVzaCIsImV4cCI6MTc1MTcwOTk1MCwiaWF0IjoxNzUxMTA1MTUwLCJqdGkiOiI3ZjRiNWQyNzA5YjI0MzA5OTU3ZGNlN2FiMDliMjFmMiIsInVzZXJfaWQiOjJ9.ieIa9KWMolkIl5c3yGMVWnnbatV9QPbfxAsue4xpw14', '2025-06-28 10:05:50.209328', '2025-07-05 10:05:50.000000', 2, '7f4b5d2709b24309957dce7ab09b21f2');
INSERT INTO `token_blacklist_outstandingtoken` VALUES (167, 'eyJhbGciOiJIUzI1NiIsInR5cCI6IkpXVCJ9.eyJ0b2tlbl90eXBlIjoicmVmcmVzaCIsImV4cCI6MTc1MTcwOTk2MCwiaWF0IjoxNzUxMTA1MTYwLCJqdGkiOiIyN2MyMzE4OTJhMWY0ZWM5YmI5ZTY1NzhmNzYyNWVmZCIsInVzZXJfaWQiOjJ9.S12cFp2DuYO8ofJKiQRs2o3NJFq8doJgGloet_dVhYc', '2025-06-28 10:06:00.697965', '2025-07-05 10:06:00.000000', 2, '27c231892a1f4ec9bb9e6578f7625efd');
INSERT INTO `token_blacklist_outstandingtoken` VALUES (168, 'eyJhbGciOiJIUzI1NiIsInR5cCI6IkpXVCJ9.eyJ0b2tlbl90eXBlIjoicmVmcmVzaCIsImV4cCI6MTc1MTcxMDIwMSwiaWF0IjoxNzUxMTA1NDAxLCJqdGkiOiI5ODQ1MjJmNzI5NmU0NmFjYmYwYzMwMjhmZjI5M2Y1NiJ9.2ij7I3bfZMdPe-6rq3m0xHup9mN2JZuAvTs_Sdq59ik', '2025-06-28 10:10:01.639856', '2025-07-05 10:10:01.000000', NULL, '984522f7296e46acbf0c3028ff293f56');
INSERT INTO `token_blacklist_outstandingtoken` VALUES (169, 'eyJhbGciOiJIUzI1NiIsInR5cCI6IkpXVCJ9.eyJ0b2tlbl90eXBlIjoicmVmcmVzaCIsImV4cCI6MTc1MTcxMDQwNCwiaWF0IjoxNzUxMTA1NjA0LCJqdGkiOiI0MDQ2ODYzMzQxOWY0OGI2Yjk1ZmU3ZWQyNmM3YTM1NyIsInVzZXJfaWQiOjJ9.bjxDmrIwUsCr3ZXyDaRzxI7pV7CDktrv0_Ozw7Ex3G0', '2025-06-28 10:13:24.647930', '2025-07-05 10:13:24.000000', 2, '40468633419f48b6b95fe7ed26c7a357');
INSERT INTO `token_blacklist_outstandingtoken` VALUES (170, 'eyJhbGciOiJIUzI1NiIsInR5cCI6IkpXVCJ9.eyJ0b2tlbl90eXBlIjoicmVmcmVzaCIsImV4cCI6MTc1MTcxMDQwNiwiaWF0IjoxNzUxMTA1NjA2LCJqdGkiOiI4OTMyNmYwNTcwOWY0YzI2OWMwY2Y1ZmE3Njc4M2I3NSJ9.mFEcCtvyJs08eD9xznKfYIMYFB8lkit1zJdBf7Chhno', '2025-06-28 10:13:26.419597', '2025-07-05 10:13:26.000000', NULL, '89326f05709f4c269c0cf5fa76783b75');
INSERT INTO `token_blacklist_outstandingtoken` VALUES (171, 'eyJhbGciOiJIUzI1NiIsInR5cCI6IkpXVCJ9.eyJ0b2tlbl90eXBlIjoicmVmcmVzaCIsImV4cCI6MTc1MTcxMDQwNiwiaWF0IjoxNzUxMTA1NjA2LCJqdGkiOiI4MWY1NGI3MzZlYTI0ZGQ4OWEwODY5NjE3ZmRiNDQwYiJ9.xVfh9exIggtVGK8xlnWINDaM3RPE5i41O-bVPU35YJs', '2025-06-28 10:13:26.424597', '2025-07-05 10:13:26.000000', NULL, '81f54b736ea24dd89a0869617fdb440b');
INSERT INTO `token_blacklist_outstandingtoken` VALUES (172, 'eyJhbGciOiJIUzI1NiIsInR5cCI6IkpXVCJ9.eyJ0b2tlbl90eXBlIjoicmVmcmVzaCIsImV4cCI6MTc1MTcxMjQ0MSwiaWF0IjoxNzUxMTA3NjQxLCJqdGkiOiIyYWY0MzgyYzU2MTg0OGExYjc1NWJkMTY2Njk2MjVhZSIsInVzZXJfaWQiOjJ9.tXNOxEn0vF9uo0NerccvjdIEqW8uzKkgsfxF8vjLSmI', '2025-06-28 10:47:21.041242', '2025-07-05 10:47:21.000000', 2, '2af4382c561848a1b755bd16669625ae');
INSERT INTO `token_blacklist_outstandingtoken` VALUES (173, 'eyJhbGciOiJIUzI1NiIsInR5cCI6IkpXVCJ9.eyJ0b2tlbl90eXBlIjoicmVmcmVzaCIsImV4cCI6MTc1MTcxMjUwMywiaWF0IjoxNzUxMTA3NzAzLCJqdGkiOiIzYzk2YmY0ZTMzZDA0ZWIzOGEzNWM1ZWIxYjNhMjZlNCIsInVzZXJfaWQiOjJ9.ZzvCvOKPcG-qRweLjlFQL_A5IC3Ustopy9Inbq3FQJU', '2025-06-28 10:48:23.019306', '2025-07-05 10:48:23.000000', 2, '3c96bf4e33d04eb38a35c5eb1b3a26e4');
INSERT INTO `token_blacklist_outstandingtoken` VALUES (174, 'eyJhbGciOiJIUzI1NiIsInR5cCI6IkpXVCJ9.eyJ0b2tlbl90eXBlIjoicmVmcmVzaCIsImV4cCI6MTc1MTcxMjUxOCwiaWF0IjoxNzUxMTA3NzE4LCJqdGkiOiJiMGI2NmE2YmIyNGI0OGY4YjBlOGE1NGY4NmEyMDcwYiIsInVzZXJfaWQiOjJ9.TNFzOuC69tQju72i38xTf2P885QtTwOytUvxHdHKStQ', '2025-06-28 10:48:38.932852', '2025-07-05 10:48:38.000000', 2, 'b0b66a6bb24b48f8b0e8a54f86a2070b');
INSERT INTO `token_blacklist_outstandingtoken` VALUES (175, 'eyJhbGciOiJIUzI1NiIsInR5cCI6IkpXVCJ9.eyJ0b2tlbl90eXBlIjoicmVmcmVzaCIsImV4cCI6MTc1MTcxMjU4NCwiaWF0IjoxNzUxMTA3Nzg0LCJqdGkiOiJiMmU0NjdiODYzYmM0MTEyYTBjODRiNDcyODVjNmRhNSIsInVzZXJfaWQiOjJ9.B-NGdXe1Dcfu8UdEhGgIO3zULImA_7SWEn524SLTyhk', '2025-06-28 10:49:44.326211', '2025-07-05 10:49:44.000000', 2, 'b2e467b863bc4112a0c84b47285c6da5');
INSERT INTO `token_blacklist_outstandingtoken` VALUES (176, 'eyJhbGciOiJIUzI1NiIsInR5cCI6IkpXVCJ9.eyJ0b2tlbl90eXBlIjoicmVmcmVzaCIsImV4cCI6MTc1MTcxMjU5MSwiaWF0IjoxNzUxMTA3NzkxLCJqdGkiOiI3YjAyZjZlYWE2MTI0YjI5YWZhOTU3N2Y4ZjFiNDAzMSJ9.kZcsYOmT_oGKr_ptWgVaBKXxEQCwnjwGiXaVqvQDK3o', '2025-06-28 10:49:51.042931', '2025-07-05 10:49:51.000000', NULL, '7b02f6eaa6124b29afa9577f8f1b4031');
INSERT INTO `token_blacklist_outstandingtoken` VALUES (177, 'eyJhbGciOiJIUzI1NiIsInR5cCI6IkpXVCJ9.eyJ0b2tlbl90eXBlIjoicmVmcmVzaCIsImV4cCI6MTc1MTcxMjU5OSwiaWF0IjoxNzUxMTA3Nzk5LCJqdGkiOiI0Yzg3YWExY2FhZjg0MGMyYjM2NWIxOTQ3NTVmMjc5YiIsInVzZXJfaWQiOjJ9.gH0wvjzvDIZxpTMXYq44NRON4pZrKXxwl1lqvLWrmYc', '2025-06-28 10:49:59.645382', '2025-07-05 10:49:59.000000', 2, '4c87aa1caaf840c2b365b194755f279b');
INSERT INTO `token_blacklist_outstandingtoken` VALUES (178, 'eyJhbGciOiJIUzI1NiIsInR5cCI6IkpXVCJ9.eyJ0b2tlbl90eXBlIjoicmVmcmVzaCIsImV4cCI6MTc1MTcxMjYwNSwiaWF0IjoxNzUxMTA3ODA1LCJqdGkiOiI2NmIxZjU3NWU0OTY0YjViYjA5MDA2ZDc4NTVjODA1YSJ9.5HK4Hx4vaLO25BR09uyCMo91F06Ns31sWmfsxP6CRVI', '2025-06-28 10:50:05.911253', '2025-07-05 10:50:05.000000', NULL, '66b1f575e4964b5bb09006d7855c805a');
INSERT INTO `token_blacklist_outstandingtoken` VALUES (179, 'eyJhbGciOiJIUzI1NiIsInR5cCI6IkpXVCJ9.eyJ0b2tlbl90eXBlIjoicmVmcmVzaCIsImV4cCI6MTc1MTcxMjY1NSwiaWF0IjoxNzUxMTA3ODU1LCJqdGkiOiJjZDkxZmQzNDNkYjk0Mjk2OTRhN2M1NWYyYWZjNGY5YyIsInVzZXJfaWQiOjJ9.NejYZYRckovCTZVYxQTTu-_BTTbcfp41vdthztP59dM', '2025-06-28 10:50:55.148337', '2025-07-05 10:50:55.000000', 2, 'cd91fd343db9429694a7c55f2afc4f9c');
INSERT INTO `token_blacklist_outstandingtoken` VALUES (180, 'eyJhbGciOiJIUzI1NiIsInR5cCI6IkpXVCJ9.eyJ0b2tlbl90eXBlIjoicmVmcmVzaCIsImV4cCI6MTc1MTcxNTExMiwiaWF0IjoxNzUxMTEwMzEyLCJqdGkiOiI2ZmQzMzFhMmE5NmM0MzQ5YmY0NDExM2Y2MjVlMTViYSIsInVzZXJfaWQiOjJ9.8BpdbsUM4LMbcdZ41JfGJKpcYt-yV2Yr2P81lgJ8AMU', '2025-06-28 11:31:52.124126', '2025-07-05 11:31:52.000000', 2, '6fd331a2a96c4349bf44113f625e15ba');
INSERT INTO `token_blacklist_outstandingtoken` VALUES (181, 'eyJhbGciOiJIUzI1NiIsInR5cCI6IkpXVCJ9.eyJ0b2tlbl90eXBlIjoicmVmcmVzaCIsImV4cCI6MTc1MTcxNTExMiwiaWF0IjoxNzUxMTEwMzEyLCJqdGkiOiIyMjJiZDQ1MzgyZTU0Yjc5OThhZDNhYjEwZjNjZjhiZCJ9.vfvetSstlQ7pl_V09O2XrheBR5NXU9wJ-aB0psFAfpI', '2025-06-28 11:31:52.188437', '2025-07-05 11:31:52.000000', NULL, '222bd45382e54b7998ad3ab10f3cf8bd');
INSERT INTO `token_blacklist_outstandingtoken` VALUES (182, 'eyJhbGciOiJIUzI1NiIsInR5cCI6IkpXVCJ9.eyJ0b2tlbl90eXBlIjoicmVmcmVzaCIsImV4cCI6MTc1MTcxNTEyMCwiaWF0IjoxNzUxMTEwMzIwLCJqdGkiOiJjOWZmMTg3MDBkODU0NDA3YWZhODYwOTBlYzk3ZDQ3ZSIsInVzZXJfaWQiOjJ9.1NeZIKX-IM7bMRrW5J3tO1SWWuUA1Ut4QbHMINCpup4', '2025-06-28 11:32:00.676126', '2025-07-05 11:32:00.000000', 2, 'c9ff18700d854407afa86090ec97d47e');
INSERT INTO `token_blacklist_outstandingtoken` VALUES (183, 'eyJhbGciOiJIUzI1NiIsInR5cCI6IkpXVCJ9.eyJ0b2tlbl90eXBlIjoicmVmcmVzaCIsImV4cCI6MTc1MTcxNzAwMywiaWF0IjoxNzUxMTEyMjAzLCJqdGkiOiI1ZTkxZWNkYzAyZmM0Nzk4YmMwYjFlZTJiZDk1MDIxNyIsInVzZXJfaWQiOjJ9.UA5VijpFCcNbJiAyO1kf931tJermIUDYXeZMB5u9LBY', '2025-06-28 12:03:23.527781', '2025-07-05 12:03:23.000000', 2, '5e91ecdc02fc4798bc0b1ee2bd950217');
INSERT INTO `token_blacklist_outstandingtoken` VALUES (184, 'eyJhbGciOiJIUzI1NiIsInR5cCI6IkpXVCJ9.eyJ0b2tlbl90eXBlIjoicmVmcmVzaCIsImV4cCI6MTc1MTcxODgyNSwiaWF0IjoxNzUxMTE0MDI1LCJqdGkiOiJiNmRmNTRkOGZjMWE0OTY0YmM3NTQ4OGU0NjI2ODM5MCIsInVzZXJfaWQiOjJ9.92vvsYSC_2j_q__kC3Stca6MH_tlDPTTSnc1fnSz1Kk', '2025-06-28 12:33:45.714531', '2025-07-05 12:33:45.000000', 2, 'b6df54d8fc1a4964bc75488e46268390');
INSERT INTO `token_blacklist_outstandingtoken` VALUES (185, 'eyJhbGciOiJIUzI1NiIsInR5cCI6IkpXVCJ9.eyJ0b2tlbl90eXBlIjoicmVmcmVzaCIsImV4cCI6MTc1MTcyMDY2MCwiaWF0IjoxNzUxMTE1ODYwLCJqdGkiOiI2OWY0ODA1MzBlMGE0OTJjOTdkMDVhN2UxNGNjMmJjNCIsInVzZXJfaWQiOjJ9.rAPooQQ6TSyhN7xmpZEerR1JbbBALVxkNgRcLBp90aU', '2025-06-28 13:04:20.484445', '2025-07-05 13:04:20.000000', 2, '69f480530e0a492c97d05a7e14cc2bc4');
INSERT INTO `token_blacklist_outstandingtoken` VALUES (186, 'eyJhbGciOiJIUzI1NiIsInR5cCI6IkpXVCJ9.eyJ0b2tlbl90eXBlIjoicmVmcmVzaCIsImV4cCI6MTc1MTcyMDc2NywiaWF0IjoxNzUxMTE1OTY3LCJqdGkiOiI1MDE2YjcyZWU2MDk0YjdiYTYxYzk3YWE4MzNhMDBkNSJ9.G1n-4FcWoKA_F7IvGV1JCY8D5dIwY-dZsYh9BbB_fqo', '2025-06-28 13:06:07.590902', '2025-07-05 13:06:07.000000', NULL, '5016b72ee6094b7ba61c97aa833a00d5');
INSERT INTO `token_blacklist_outstandingtoken` VALUES (187, 'eyJhbGciOiJIUzI1NiIsInR5cCI6IkpXVCJ9.eyJ0b2tlbl90eXBlIjoicmVmcmVzaCIsImV4cCI6MTc1MTcyMDc4MSwiaWF0IjoxNzUxMTE1OTgxLCJqdGkiOiJhY2NlNDc5YmQ2OGE0OWIyYjM0OThkMWI2MGVkYzk2ZCIsInVzZXJfaWQiOjJ9.CLEs00BrUIbbmDw7-W1KrajD6RH0AVjTwuMw7l77Gjw', '2025-06-28 13:06:21.223574', '2025-07-05 13:06:21.000000', 2, 'acce479bd68a49b2b3498d1b60edc96d');
INSERT INTO `token_blacklist_outstandingtoken` VALUES (188, 'eyJhbGciOiJIUzI1NiIsInR5cCI6IkpXVCJ9.eyJ0b2tlbl90eXBlIjoicmVmcmVzaCIsImV4cCI6MTc1MTcyMDkzMCwiaWF0IjoxNzUxMTE2MTMwLCJqdGkiOiI5NTZkOTUwNWExNmU0NDQ1OTI1NzE3NmE1NzgwYTFiZSJ9.HwjAo71bl71OqyZyLd4uWffIh7oEbaOr1H3XdaG-rUQ', '2025-06-28 13:08:50.936409', '2025-07-05 13:08:50.000000', NULL, '956d9505a16e44459257176a5780a1be');
INSERT INTO `token_blacklist_outstandingtoken` VALUES (189, 'eyJhbGciOiJIUzI1NiIsInR5cCI6IkpXVCJ9.eyJ0b2tlbl90eXBlIjoicmVmcmVzaCIsImV4cCI6MTc1MTcyMDk0NSwiaWF0IjoxNzUxMTE2MTQ1LCJqdGkiOiI1YmVhOWZlMjk0N2M0ODkwOGM1YTNlYzkzY2FjN2FiYyIsInVzZXJfaWQiOjJ9.Rx4TDWl-DsRes-CHiIj4BBNYcf3zuQktWtydb5CHPuQ', '2025-06-28 13:09:05.655771', '2025-07-05 13:09:05.000000', 2, '5bea9fe2947c48908c5a3ec93cac7abc');
INSERT INTO `token_blacklist_outstandingtoken` VALUES (190, 'eyJhbGciOiJIUzI1NiIsInR5cCI6IkpXVCJ9.eyJ0b2tlbl90eXBlIjoicmVmcmVzaCIsImV4cCI6MTc1MTcyMTQ5NSwiaWF0IjoxNzUxMTE2Njk1LCJqdGkiOiI2NTg0NWI2YjhlMGM0NGQ0OGY2YzQ4ZDE1NzQ1MWNiMiJ9.OcxEXgPt5jvYfTa3MGtRvfQzkCYg15ICIdaUrLe9oNc', '2025-06-28 13:18:15.133058', '2025-07-05 13:18:15.000000', NULL, '65845b6b8e0c44d48f6c48d157451cb2');
INSERT INTO `token_blacklist_outstandingtoken` VALUES (191, 'eyJhbGciOiJIUzI1NiIsInR5cCI6IkpXVCJ9.eyJ0b2tlbl90eXBlIjoicmVmcmVzaCIsImV4cCI6MTc1MTcyMTUxMCwiaWF0IjoxNzUxMTE2NzEwLCJqdGkiOiIyMmNiZmRlZjliMzE0YTVmODFkMWQxNDAwYzUyYWQ3MyIsInVzZXJfaWQiOjJ9.1twlPP2cXeN7MhfawP6Cowcf1tt-8kJ_NQocvocC9T0', '2025-06-28 13:18:30.582469', '2025-07-05 13:18:30.000000', 2, '22cbfdef9b314a5f81d1d1400c52ad73');
INSERT INTO `token_blacklist_outstandingtoken` VALUES (192, 'eyJhbGciOiJIUzI1NiIsInR5cCI6IkpXVCJ9.eyJ0b2tlbl90eXBlIjoicmVmcmVzaCIsImV4cCI6MTc1MTcyMjAxOCwiaWF0IjoxNzUxMTE3MjE4LCJqdGkiOiJhYjdkYTYyMzRmOTQ0ZjZkODVlOTgzNWM1M2Q1NmJhZSJ9.S7VqqSrspG9_izir6QPdc8ucRLGrv_tAfsI6J3WhO-4', '2025-06-28 13:26:58.361867', '2025-07-05 13:26:58.000000', NULL, 'ab7da6234f944f6d85e9835c53d56bae');
INSERT INTO `token_blacklist_outstandingtoken` VALUES (193, 'eyJhbGciOiJIUzI1NiIsInR5cCI6IkpXVCJ9.eyJ0b2tlbl90eXBlIjoicmVmcmVzaCIsImV4cCI6MTc1MTcyMjAzNSwiaWF0IjoxNzUxMTE3MjM1LCJqdGkiOiIwZjc5ODE0ZDk2ZjA0OWVlYjAzMzIwMTNmYWYwYWU4MyIsInVzZXJfaWQiOjJ9.KsikzYcC8Z5V-MCKLYpimY3JIJvnXlZGLDMM76giQDE', '2025-06-28 13:27:15.470010', '2025-07-05 13:27:15.000000', 2, '0f79814d96f049eeb0332013faf0ae83');
INSERT INTO `token_blacklist_outstandingtoken` VALUES (194, 'eyJhbGciOiJIUzI1NiIsInR5cCI6IkpXVCJ9.eyJ0b2tlbl90eXBlIjoicmVmcmVzaCIsImV4cCI6MTc1MTcyMjUzMSwiaWF0IjoxNzUxMTE3NzMxLCJqdGkiOiI4MzBmZDMzMTQ2ZDM0OGRiODlkZGI2OGM3MmM1OWNlYiIsInVzZXJfaWQiOjJ9.LQcUO8XXHA8Z7VWnQhCNakkypAjoY_SrwKbwkL3dd7A', '2025-06-28 13:35:31.338134', '2025-07-05 13:35:31.000000', 2, '830fd33146d348db89ddb68c72c59ceb');
INSERT INTO `token_blacklist_outstandingtoken` VALUES (195, 'eyJhbGciOiJIUzI1NiIsInR5cCI6IkpXVCJ9.eyJ0b2tlbl90eXBlIjoicmVmcmVzaCIsImV4cCI6MTc1MTcyMjY1OCwiaWF0IjoxNzUxMTE3ODU4LCJqdGkiOiI4MWVkZWI3YzBjN2M0YmRiYjZkMTMxYTRhM2YwYmJmZCJ9._dkWy9qc1dDu62QNF_ly_jUtfKioppFV0rbWgX_oB0c', '2025-06-28 13:37:38.788845', '2025-07-05 13:37:38.000000', NULL, '81edeb7c0c7c4bdbb6d131a4a3f0bbfd');
INSERT INTO `token_blacklist_outstandingtoken` VALUES (196, 'eyJhbGciOiJIUzI1NiIsInR5cCI6IkpXVCJ9.eyJ0b2tlbl90eXBlIjoicmVmcmVzaCIsImV4cCI6MTc1MTcyMjY4MiwiaWF0IjoxNzUxMTE3ODgyLCJqdGkiOiJkMjhiZjQ2ZWVhMGU0OTc3YWMxMGU4MzBmY2E3NWZjMyIsInVzZXJfaWQiOjJ9.N8KVRuBnFvnN5LX1ra7p4IfCCqmWZmY8SfAABVdIzUI', '2025-06-28 13:38:02.911229', '2025-07-05 13:38:02.000000', 2, 'd28bf46eea0e4977ac10e830fca75fc3');
INSERT INTO `token_blacklist_outstandingtoken` VALUES (197, 'eyJhbGciOiJIUzI1NiIsInR5cCI6IkpXVCJ9.eyJ0b2tlbl90eXBlIjoicmVmcmVzaCIsImV4cCI6MTc1MTcyNDQ4OCwiaWF0IjoxNzUxMTE5Njg4LCJqdGkiOiJjMmM2YzYxYzYwODE0ZDU0YWUzMjlhMTlkOGU2Y2YwMCIsInVzZXJfaWQiOjJ9._sCkgFU2AH5YScZDUzmy6h_c2wQzdIgpiAudnGR6O6k', '2025-06-28 14:08:08.251715', '2025-07-05 14:08:08.000000', 2, 'c2c6c61c60814d54ae329a19d8e6cf00');
INSERT INTO `token_blacklist_outstandingtoken` VALUES (198, 'eyJhbGciOiJIUzI1NiIsInR5cCI6IkpXVCJ9.eyJ0b2tlbl90eXBlIjoicmVmcmVzaCIsImV4cCI6MTc1MTcyNTYxOCwiaWF0IjoxNzUxMTIwODE4LCJqdGkiOiI4MmQ3YWJkMGFkNGU0YWIyYmVkZDJmZjU2Mjg3ZGRmYiJ9.16OEsbTrZRB5L1QqmdUoqFxXX45thyau5MEyBGTjPF4', '2025-06-28 14:26:58.270561', '2025-07-05 14:26:58.000000', NULL, '82d7abd0ad4e4ab2bedd2ff56287ddfb');
INSERT INTO `token_blacklist_outstandingtoken` VALUES (199, 'eyJhbGciOiJIUzI1NiIsInR5cCI6IkpXVCJ9.eyJ0b2tlbl90eXBlIjoicmVmcmVzaCIsImV4cCI6MTc1MTcyNjAzMSwiaWF0IjoxNzUxMTIxMjMxLCJqdGkiOiIxYWZiOGYyMjRiMzQ0ZWI0OGE4NGZlNzE4MzlmZmVkYSIsInVzZXJfaWQiOjJ9.CfUeAJFVHlhCf9C2SBjTSTAYkv5KAUmJrBj_x75IFnY', '2025-06-28 14:33:51.860571', '2025-07-05 14:33:51.000000', 2, '1afb8f224b344eb48a84fe71839ffeda');
INSERT INTO `token_blacklist_outstandingtoken` VALUES (200, 'eyJhbGciOiJIUzI1NiIsInR5cCI6IkpXVCJ9.eyJ0b2tlbl90eXBlIjoicmVmcmVzaCIsImV4cCI6MTc1MTcyNjQxMSwiaWF0IjoxNzUxMTIxNjExLCJqdGkiOiIzZTdlOWIzY2U4ZjY0MzZhODZiNWQwMmYwYTdkMTViZSJ9.4_xe0_Vldx_eUjgPoScqPb4Mn6QuFbcNZ6Z-AbsxbZA', '2025-06-28 14:40:11.451839', '2025-07-05 14:40:11.000000', NULL, '3e7e9b3ce8f6436a86b5d02f0a7d15be');
INSERT INTO `token_blacklist_outstandingtoken` VALUES (201, 'eyJhbGciOiJIUzI1NiIsInR5cCI6IkpXVCJ9.eyJ0b2tlbl90eXBlIjoicmVmcmVzaCIsImV4cCI6MTc1MTc4NTM5OSwiaWF0IjoxNzUxMTgwNTk5LCJqdGkiOiI2ZDY2ZGZhNDNiMWU0NGU2ODFkOGQwNjJiNWEzYjVkNCIsInVzZXJfaWQiOjJ9.hiC7zz3Fym3983BCQ1usxt5QbP0bk-nVsVJxS47OIUM', '2025-06-29 07:03:19.658024', '2025-07-06 07:03:19.000000', 2, '6d66dfa43b1e44e681d8d062b5a3b5d4');
INSERT INTO `token_blacklist_outstandingtoken` VALUES (202, 'eyJhbGciOiJIUzI1NiIsInR5cCI6IkpXVCJ9.eyJ0b2tlbl90eXBlIjoicmVmcmVzaCIsImV4cCI6MTc1MTc4NjA5MywiaWF0IjoxNzUxMTgxMjkzLCJqdGkiOiI3ZjNhZmEwNTdkYzg0YmZmOTI3MzRlOWMzNjcwMjMzZSIsInVzZXJfaWQiOjJ9.Quo1QHlFkT1p1x26CtkYr_AoOrEtufYUKSpc1GEcVIc', '2025-06-29 07:14:53.970450', '2025-07-06 07:14:53.000000', 2, '7f3afa057dc84bff92734e9c3670233e');
INSERT INTO `token_blacklist_outstandingtoken` VALUES (203, 'eyJhbGciOiJIUzI1NiIsInR5cCI6IkpXVCJ9.eyJ0b2tlbl90eXBlIjoicmVmcmVzaCIsImV4cCI6MTc1MTc4NjMxNywiaWF0IjoxNzUxMTgxNTE3LCJqdGkiOiJlNDIzMzQxMjJhZDE0MWQxYmMwYTg1MzNmZDk4NmEzZSIsInVzZXJfaWQiOjJ9.NYA-oYgzmd7btf_TvfhgLo-qRf_4mc-jjIJ5tCYb7eo', '2025-06-29 07:18:37.798507', '2025-07-06 07:18:37.000000', 2, 'e42334122ad141d1bc0a8533fd986a3e');
INSERT INTO `token_blacklist_outstandingtoken` VALUES (204, 'eyJhbGciOiJIUzI1NiIsInR5cCI6IkpXVCJ9.eyJ0b2tlbl90eXBlIjoicmVmcmVzaCIsImV4cCI6MTc1MTc4Nzc2MiwiaWF0IjoxNzUxMTgyOTYyLCJqdGkiOiIzMWE1NzE5YWU2ODI0OTlmOGU1MmRhNWI5YmE3ZTZlOSIsInVzZXJfaWQiOjJ9.2nglFyd1CPC_O6cM7h48q5Kujp1Mve5u2-pxwvEWiEg', '2025-06-29 07:42:42.710345', '2025-07-06 07:42:42.000000', 2, '31a5719ae682499f8e52da5b9ba7e6e9');
INSERT INTO `token_blacklist_outstandingtoken` VALUES (205, 'eyJhbGciOiJIUzI1NiIsInR5cCI6IkpXVCJ9.eyJ0b2tlbl90eXBlIjoicmVmcmVzaCIsImV4cCI6MTc1MTc4NzgyMiwiaWF0IjoxNzUxMTgzMDIyLCJqdGkiOiI5YTU2YWQ4M2JjOTY0MGEyOTEyMmJiNDM4OTRjMzhkMyIsInVzZXJfaWQiOjJ9.ptEJfmxtaqltDIV5wDeXFmM2vvy-QsborHp93CBAwOY', '2025-06-29 07:43:42.540617', '2025-07-06 07:43:42.000000', 2, '9a56ad83bc9640a29122bb43894c38d3');
INSERT INTO `token_blacklist_outstandingtoken` VALUES (206, 'eyJhbGciOiJIUzI1NiIsInR5cCI6IkpXVCJ9.eyJ0b2tlbl90eXBlIjoicmVmcmVzaCIsImV4cCI6MTc1MTc4OTgzMywiaWF0IjoxNzUxMTg1MDMzLCJqdGkiOiI3NTIwNzZmMmNhYzg0MWFiYTI3ZGI4NDE5ODM4MWZjZiIsInVzZXJfaWQiOjJ9.AaSEBxZGg0HcIk6kXVB65iJiYx4NNn4fV99T3pAXz_k', '2025-06-29 08:17:13.601213', '2025-07-06 08:17:13.000000', 2, '752076f2cac841aba27db84198381fcf');
INSERT INTO `token_blacklist_outstandingtoken` VALUES (207, 'eyJhbGciOiJIUzI1NiIsInR5cCI6IkpXVCJ9.eyJ0b2tlbl90eXBlIjoicmVmcmVzaCIsImV4cCI6MTc1MTc4OTgzMywiaWF0IjoxNzUxMTg1MDMzLCJqdGkiOiJmYWYxZTc3NjA4NjU0MWMzOTdlYTQ1NWZkMDc3YjllMCIsInVzZXJfaWQiOjJ9.fosbd-zU4WRshNkz7Qpmdcvq9DhS6hDo98YrKjZUWEU', '2025-06-29 08:17:13.693908', '2025-07-06 08:17:13.000000', 2, 'faf1e776086541c397ea455fd077b9e0');
INSERT INTO `token_blacklist_outstandingtoken` VALUES (208, 'eyJhbGciOiJIUzI1NiIsInR5cCI6IkpXVCJ9.eyJ0b2tlbl90eXBlIjoicmVmcmVzaCIsImV4cCI6MTc1MTc5MTg3MiwiaWF0IjoxNzUxMTg3MDcyLCJqdGkiOiJjMjcyOGFmZmM2OGU0ZGRkOTdjODVjNTNiMDMwZWM5NSIsInVzZXJfaWQiOjF9.x-w0nytNPtSavBjvbtZml3za1T3408NwtsGchsKuR0I', '2025-06-29 08:51:12.823878', '2025-07-06 08:51:12.000000', 1, 'c2728affc68e4ddd97c85c53b030ec95');
INSERT INTO `token_blacklist_outstandingtoken` VALUES (209, 'eyJhbGciOiJIUzI1NiIsInR5cCI6IkpXVCJ9.eyJ0b2tlbl90eXBlIjoicmVmcmVzaCIsImV4cCI6MTc1MTc5MjEyNCwiaWF0IjoxNzUxMTg3MzI0LCJqdGkiOiJmYThhOGNmNDZiNGY0ZjBmYTM4ZWUzNDgxNGU5NTIxOSJ9.ip3MQHVuKJjH81EjDQUI9wR4XkIPot3NXgHJVB4rWWM', '2025-06-29 08:55:24.755017', '2025-07-06 08:55:24.000000', NULL, 'fa8a8cf46b4f4f0fa38ee34814e95219');
INSERT INTO `token_blacklist_outstandingtoken` VALUES (210, 'eyJhbGciOiJIUzI1NiIsInR5cCI6IkpXVCJ9.eyJ0b2tlbl90eXBlIjoicmVmcmVzaCIsImV4cCI6MTc1MTc5MjEzNywiaWF0IjoxNzUxMTg3MzM3LCJqdGkiOiJjZTU3OTllMTE0NDc0MDQxYjM2OGM0NTFlY2Y5OTE3MiIsInVzZXJfaWQiOjJ9.WFSyEz6zvKMQzddpan_NxwNBhqy6Tx06jRv-kXEPNg0', '2025-06-29 08:55:37.507005', '2025-07-06 08:55:37.000000', 2, 'ce5799e114474041b368c451ecf99172');
INSERT INTO `token_blacklist_outstandingtoken` VALUES (211, 'eyJhbGciOiJIUzI1NiIsInR5cCI6IkpXVCJ9.eyJ0b2tlbl90eXBlIjoicmVmcmVzaCIsImV4cCI6MTc1MTc5MzI2NywiaWF0IjoxNzUxMTg4NDY3LCJqdGkiOiI4M2NjMDc0YTg5ZTg0ZjY0OGFiMDBlNjg5NmVjMGI3OSIsInVzZXJfaWQiOjJ9.REC8lUDpvRZEUykJHqqtfcd7I3VJMoTJxGaVfRqZB24', '2025-06-29 09:14:27.725940', '2025-07-06 09:14:27.000000', 2, '83cc074a89e84f648ab00e6896ec0b79');
INSERT INTO `token_blacklist_outstandingtoken` VALUES (212, 'eyJhbGciOiJIUzI1NiIsInR5cCI6IkpXVCJ9.eyJ0b2tlbl90eXBlIjoicmVmcmVzaCIsImV4cCI6MTc1MTc5NTM4NSwiaWF0IjoxNzUxMTkwNTg1LCJqdGkiOiJjOTVlZWRiNDhiYjk0NzdlYTMwZTk3MjczOTkzMjM0YSIsInVzZXJfaWQiOjJ9.arckttlYrsy2PJjj4r_GFcTq4O74TOX7VIsu7hADRK0', '2025-06-29 09:49:45.006945', '2025-07-06 09:49:45.000000', 2, 'c95eedb48bb9477ea30e97273993234a');
INSERT INTO `token_blacklist_outstandingtoken` VALUES (213, 'eyJhbGciOiJIUzI1NiIsInR5cCI6IkpXVCJ9.eyJ0b2tlbl90eXBlIjoicmVmcmVzaCIsImV4cCI6MTc1MTc5Nzc3OCwiaWF0IjoxNzUxMTkyOTc4LCJqdGkiOiI3MzRkYjIwYWM2Mzg0MzMyYjU1MTVjMTc1OTlhYWJjZSIsInVzZXJfaWQiOjJ9.Iqw443mr6p6RuSa5oZQnNIOd8t_P5PbrdOSFJ9WAPZM', '2025-06-29 10:29:38.416622', '2025-07-06 10:29:38.000000', 2, '734db20ac6384332b5515c17599aabce');
INSERT INTO `token_blacklist_outstandingtoken` VALUES (214, 'eyJhbGciOiJIUzI1NiIsInR5cCI6IkpXVCJ9.eyJ0b2tlbl90eXBlIjoicmVmcmVzaCIsImV4cCI6MTc1MTc5ODkwNywiaWF0IjoxNzUxMTk0MTA3LCJqdGkiOiI2ZTZjNWJhOGFkYTg0OTYxYjMwZmE0ZjdhODAxYmZlZiIsInVzZXJfaWQiOjJ9.HYNGN-oCVxbunBZQPpemH-XthUHKUczzpuzEyOAknVI', '2025-06-29 10:48:27.526900', '2025-07-06 10:48:27.000000', 2, '6e6c5ba8ada84961b30fa4f7a801bfef');
INSERT INTO `token_blacklist_outstandingtoken` VALUES (215, 'eyJhbGciOiJIUzI1NiIsInR5cCI6IkpXVCJ9.eyJ0b2tlbl90eXBlIjoicmVmcmVzaCIsImV4cCI6MTc1MTc5ODkxMCwiaWF0IjoxNzUxMTk0MTEwLCJqdGkiOiJjMmRiOTQyNTJhY2U0NWM5OTM0YjRhYjM1ZDZiODQ4ZCJ9.WQ6tZMnTcUp8_mRrCAfHRn6sg2YMwq4gEJJt1UynqPw', '2025-06-29 10:48:30.906881', '2025-07-06 10:48:30.000000', NULL, 'c2db94252ace45c9934b4ab35d6b848d');
INSERT INTO `token_blacklist_outstandingtoken` VALUES (216, 'eyJhbGciOiJIUzI1NiIsInR5cCI6IkpXVCJ9.eyJ0b2tlbl90eXBlIjoicmVmcmVzaCIsImV4cCI6MTc1MTc5ODkyMCwiaWF0IjoxNzUxMTk0MTIwLCJqdGkiOiI3Y2Q3NzA3ZWQyOWE0M2E1YjUzNGY2MzgwMjVlZmQ0NCIsInVzZXJfaWQiOjF9.UXw0mwjTo_TznHJAngxhrQ6s8dvWQGuwOGXOrgZNRO8', '2025-06-29 10:48:40.557227', '2025-07-06 10:48:40.000000', 1, '7cd7707ed29a43a5b534f638025efd44');

-- ----------------------------
-- Table structure for user_profiles
-- ----------------------------
DROP TABLE IF EXISTS `user_profiles`;
CREATE TABLE `user_profiles`  (
  `user_id` int NOT NULL,
  `sk_id` varchar(11) CHARACTER SET utf8mb4 COLLATE utf8mb4_0900_ai_ci NOT NULL,
  `age` int NULL DEFAULT NULL,
  `sex` varchar(1) CHARACTER SET utf8mb4 COLLATE utf8mb4_0900_ai_ci NULL DEFAULT NULL,
  `birthday` date NULL DEFAULT NULL,
  `mbti` varchar(4) CHARACTER SET utf8mb4 COLLATE utf8mb4_0900_ai_ci NULL DEFAULT NULL,
  `skill1` varchar(50) CHARACTER SET utf8mb4 COLLATE utf8mb4_0900_ai_ci NULL DEFAULT NULL,
  `skill2` varchar(50) CHARACTER SET utf8mb4 COLLATE utf8mb4_0900_ai_ci NULL DEFAULT NULL,
  `skill3` varchar(50) CHARACTER SET utf8mb4 COLLATE utf8mb4_0900_ai_ci NULL DEFAULT NULL,
  `avatar` varchar(100) CHARACTER SET utf8mb4 COLLATE utf8mb4_0900_ai_ci NULL DEFAULT NULL,
  `bio` longtext CHARACTER SET utf8mb4 COLLATE utf8mb4_0900_ai_ci NULL,
  PRIMARY KEY (`user_id`) USING BTREE,
  UNIQUE INDEX `sk_id`(`sk_id` ASC) USING BTREE,
  CONSTRAINT `user_profiles_user_id_8c5ab5fe_fk` FOREIGN KEY (`user_id`) REFERENCES `login_user` (`id`) ON DELETE RESTRICT ON UPDATE RESTRICT
) ENGINE = InnoDB CHARACTER SET = utf8mb4 COLLATE = utf8mb4_0900_ai_ci ROW_FORMAT = Dynamic;

-- ----------------------------
-- Records of user_profiles
-- ----------------------------
INSERT INTO `user_profiles` VALUES (1, '25769152286', NULL, NULL, NULL, NULL, '烹饪烘焙', '摄影摄像', '手工DIY', 'avatars/user_1/微信图片_20250525192139.jpg', NULL);
INSERT INTO `user_profiles` VALUES (2, '82169194617', 24, 'M', '2001-01-17', 'intj', '编程开发', '体育运动', '烹饪烘焙', 'avatars/user_2/007mIIB3gy1homr8us3z7j31hc0u0thn.jpg', '球球了，让我当牛马吧！');

SET FOREIGN_KEY_CHECKS = 1;
